Args in experiment:
Namespace(random_seed=2024, is_training=1, model_id='DLAM_96_24_cycle24_seed2024', model='GTRiTransformer', data='DLAM', root_path='./', data_path='', features='MS', freq='h', scale=True, checkpoints='./checkpoints/', seq_len=96, label_len=0, pred_len=24, est_horizon=336, do_predict=True, cycle=24, period_len=24, use_revin=False, backbone='iTransformer', enc_in=23, d_model=512, n_heads=8, e_layers=3, d_ff=512, factor=5, dropout=0.0, embed='timeF', activation='gelu', output_attention=False, individual=False, num_workers=0, itr=1, train_epochs=30, batch_size=16, patience=5, learning_rate=0.0005, des='test', loss='huber', lradj='type3', pct_start=0.3, use_amp=True, use_gpu=True, gpu=0, use_multi_gpu=False, devices='0,1', cycle_len=24)
>>>>>>>start training : DLAM_96_24_cycle24_seed2024_GTRiTransformer_iTransformer_DLAM_ftMS_sl96_pl24_cycle24_dm512_el3_seed2024_0>>>>>>>>>>>>>>>>>>>>>>>>>>
Loading AIML-TUDA/dlam-ts-project-data-2026 from HuggingFace...
/home/hetz/pytorch_projects/bonus_group34/.venv/lib/python3.14/site-packages/sklearn/utils/validation.py:2827: UserWarning: X does not have valid feature names, but StandardScaler was fitted with feature names
  warnings.warn(
/home/hetz/pytorch_projects/bonus_group34/.venv/lib/python3.14/site-packages/sklearn/utils/validation.py:2827: UserWarning: X does not have valid feature names, but StandardScaler was fitted with feature names
  warnings.warn(
/home/hetz/pytorch_projects/bonus_group34/.venv/lib/python3.14/site-packages/sklearn/utils/validation.py:2827: UserWarning: X does not have valid feature names, but StandardScaler was fitted with feature names
  warnings.warn(
/home/hetz/pytorch_projects/bonus_group34/.venv/lib/python3.14/site-packages/sklearn/utils/validation.py:2827: UserWarning: X does not have valid feature names, but StandardScaler was fitted with feature names
  warnings.warn(
/home/hetz/pytorch_projects/bonus_group34/.venv/lib/python3.14/site-packages/sklearn/utils/validation.py:2827: UserWarning: X does not have valid feature names, but StandardScaler was fitted with feature names
  warnings.warn(
/home/hetz/pytorch_projects/bonus_group34/.venv/lib/python3.14/site-packages/sklearn/utils/validation.py:2827: UserWarning: X does not have valid feature names, but StandardScaler was fitted with feature names
  warnings.warn(
/home/hetz/pytorch_projects/bonus_group34/.venv/lib/python3.14/site-packages/sklearn/utils/validation.py:2827: UserWarning: X does not have valid feature names, but StandardScaler was fitted with feature names
  warnings.warn(
/home/hetz/pytorch_projects/bonus_group34/.venv/lib/python3.14/site-packages/sklearn/utils/validation.py:2827: UserWarning: X does not have valid feature names, but StandardScaler was fitted with feature names
  warnings.warn(
/home/hetz/pytorch_projects/bonus_group34/.venv/lib/python3.14/site-packages/sklearn/utils/validation.py:2827: UserWarning: X does not have valid feature names, but StandardScaler was fitted with feature names
  warnings.warn(
/home/hetz/pytorch_projects/bonus_group34/.venv/lib/python3.14/site-packages/sklearn/utils/validation.py:2827: UserWarning: X does not have valid feature names, but StandardScaler was fitted with feature names
  warnings.warn(
/home/hetz/pytorch_projects/bonus_group34/.venv/lib/python3.14/site-packages/sklearn/utils/validation.py:2827: UserWarning: X does not have valid feature names, but StandardScaler was fitted with feature names
  warnings.warn(
/home/hetz/pytorch_projects/bonus_group34/.venv/lib/python3.14/site-packages/sklearn/utils/validation.py:2827: UserWarning: X does not have valid feature names, but StandardScaler was fitted with feature names
  warnings.warn(
/home/hetz/pytorch_projects/bonus_group34/.venv/lib/python3.14/site-packages/sklearn/utils/validation.py:2827: UserWarning: X does not have valid feature names, but StandardScaler was fitted with feature names
  warnings.warn(
/home/hetz/pytorch_projects/bonus_group34/.venv/lib/python3.14/site-packages/sklearn/utils/validation.py:2827: UserWarning: X does not have valid feature names, but StandardScaler was fitted with feature names
  warnings.warn(
/home/hetz/pytorch_projects/bonus_group34/.venv/lib/python3.14/site-packages/sklearn/utils/validation.py:2827: UserWarning: X does not have valid feature names, but StandardScaler was fitted with feature names
  warnings.warn(
/home/hetz/pytorch_projects/bonus_group34/.venv/lib/python3.14/site-packages/sklearn/utils/validation.py:2827: UserWarning: X does not have valid feature names, but StandardScaler was fitted with feature names
  warnings.warn(
/home/hetz/pytorch_projects/bonus_group34/.venv/lib/python3.14/site-packages/sklearn/utils/validation.py:2827: UserWarning: X does not have valid feature names, but StandardScaler was fitted with feature names
  warnings.warn(
/home/hetz/pytorch_projects/bonus_group34/.venv/lib/python3.14/site-packages/sklearn/utils/validation.py:2827: UserWarning: X does not have valid feature names, but StandardScaler was fitted with feature names
  warnings.warn(
/home/hetz/pytorch_projects/bonus_group34/.venv/lib/python3.14/site-packages/sklearn/utils/validation.py:2827: UserWarning: X does not have valid feature names, but StandardScaler was fitted with feature names
  warnings.warn(
/home/hetz/pytorch_projects/bonus_group34/.venv/lib/python3.14/site-packages/sklearn/utils/validation.py:2827: UserWarning: X does not have valid feature names, but StandardScaler was fitted with feature names
  warnings.warn(
/home/hetz/pytorch_projects/bonus_group34/.venv/lib/python3.14/site-packages/sklearn/utils/validation.py:2827: UserWarning: X does not have valid feature names, but StandardScaler was fitted with feature names
  warnings.warn(
/home/hetz/pytorch_projects/bonus_group34/.venv/lib/python3.14/site-packages/sklearn/utils/validation.py:2827: UserWarning: X does not have valid feature names, but StandardScaler was fitted with feature names
  warnings.warn(
/home/hetz/pytorch_projects/bonus_group34/.venv/lib/python3.14/site-packages/sklearn/utils/validation.py:2827: UserWarning: X does not have valid feature names, but StandardScaler was fitted with feature names
  warnings.warn(
/home/hetz/pytorch_projects/bonus_group34/.venv/lib/python3.14/site-packages/sklearn/utils/validation.py:2827: UserWarning: X does not have valid feature names, but StandardScaler was fitted with feature names
  warnings.warn(
/home/hetz/pytorch_projects/bonus_group34/.venv/lib/python3.14/site-packages/sklearn/utils/validation.py:2827: UserWarning: X does not have valid feature names, but StandardScaler was fitted with feature names
  warnings.warn(
/home/hetz/pytorch_projects/bonus_group34/.venv/lib/python3.14/site-packages/sklearn/utils/validation.py:2827: UserWarning: X does not have valid feature names, but StandardScaler was fitted with feature names
  warnings.warn(
/home/hetz/pytorch_projects/bonus_group34/.venv/lib/python3.14/site-packages/sklearn/utils/validation.py:2827: UserWarning: X does not have valid feature names, but StandardScaler was fitted with feature names
  warnings.warn(
/home/hetz/pytorch_projects/bonus_group34/.venv/lib/python3.14/site-packages/sklearn/utils/validation.py:2827: UserWarning: X does not have valid feature names, but StandardScaler was fitted with feature names
  warnings.warn(
/home/hetz/pytorch_projects/bonus_group34/.venv/lib/python3.14/site-packages/sklearn/utils/validation.py:2827: UserWarning: X does not have valid feature names, but StandardScaler was fitted with feature names
  warnings.warn(
/home/hetz/pytorch_projects/bonus_group34/.venv/lib/python3.14/site-packages/sklearn/utils/validation.py:2827: UserWarning: X does not have valid feature names, but StandardScaler was fitted with feature names
  warnings.warn(
/home/hetz/pytorch_projects/bonus_group34/.venv/lib/python3.14/site-packages/sklearn/utils/validation.py:2827: UserWarning: X does not have valid feature names, but StandardScaler was fitted with feature names
  warnings.warn(
/home/hetz/pytorch_projects/bonus_group34/.venv/lib/python3.14/site-packages/sklearn/utils/validation.py:2827: UserWarning: X does not have valid feature names, but StandardScaler was fitted with feature names
  warnings.warn(
/home/hetz/pytorch_projects/bonus_group34/.venv/lib/python3.14/site-packages/sklearn/utils/validation.py:2827: UserWarning: X does not have valid feature names, but StandardScaler was fitted with feature names
  warnings.warn(
/home/hetz/pytorch_projects/bonus_group34/.venv/lib/python3.14/site-packages/sklearn/utils/validation.py:2827: UserWarning: X does not have valid feature names, but StandardScaler was fitted with feature names
  warnings.warn(
/home/hetz/pytorch_projects/bonus_group34/.venv/lib/python3.14/site-packages/sklearn/utils/validation.py:2827: UserWarning: X does not have valid feature names, but StandardScaler was fitted with feature names
  warnings.warn(
/home/hetz/pytorch_projects/bonus_group34/.venv/lib/python3.14/site-packages/sklearn/utils/validation.py:2827: UserWarning: X does not have valid feature names, but StandardScaler was fitted with feature names
  warnings.warn(
/home/hetz/pytorch_projects/bonus_group34/.venv/lib/python3.14/site-packages/sklearn/utils/validation.py:2827: UserWarning: X does not have valid feature names, but StandardScaler was fitted with feature names
  warnings.warn(
/home/hetz/pytorch_projects/bonus_group34/.venv/lib/python3.14/site-packages/sklearn/utils/validation.py:2827: UserWarning: X does not have valid feature names, but StandardScaler was fitted with feature names
  warnings.warn(
/home/hetz/pytorch_projects/bonus_group34/.venv/lib/python3.14/site-packages/sklearn/utils/validation.py:2827: UserWarning: X does not have valid feature names, but StandardScaler was fitted with feature names
  warnings.warn(
/home/hetz/pytorch_projects/bonus_group34/.venv/lib/python3.14/site-packages/sklearn/utils/validation.py:2827: UserWarning: X does not have valid feature names, but StandardScaler was fitted with feature names
  warnings.warn(
/home/hetz/pytorch_projects/bonus_group34/.venv/lib/python3.14/site-packages/sklearn/utils/validation.py:2827: UserWarning: X does not have valid feature names, but StandardScaler was fitted with feature names
  warnings.warn(
/home/hetz/pytorch_projects/bonus_group34/.venv/lib/python3.14/site-packages/sklearn/utils/validation.py:2827: UserWarning: X does not have valid feature names, but StandardScaler was fitted with feature names
  warnings.warn(
/home/hetz/pytorch_projects/bonus_group34/.venv/lib/python3.14/site-packages/sklearn/utils/validation.py:2827: UserWarning: X does not have valid feature names, but StandardScaler was fitted with feature names
  warnings.warn(
/home/hetz/pytorch_projects/bonus_group34/.venv/lib/python3.14/site-packages/sklearn/utils/validation.py:2827: UserWarning: X does not have valid feature names, but StandardScaler was fitted with feature names
  warnings.warn(
/home/hetz/pytorch_projects/bonus_group34/.venv/lib/python3.14/site-packages/sklearn/utils/validation.py:2827: UserWarning: X does not have valid feature names, but StandardScaler was fitted with feature names
  warnings.warn(
/home/hetz/pytorch_projects/bonus_group34/.venv/lib/python3.14/site-packages/sklearn/utils/validation.py:2827: UserWarning: X does not have valid feature names, but StandardScaler was fitted with feature names
  warnings.warn(
/home/hetz/pytorch_projects/bonus_group34/.venv/lib/python3.14/site-packages/sklearn/utils/validation.py:2827: UserWarning: X does not have valid feature names, but StandardScaler was fitted with feature names
  warnings.warn(
/home/hetz/pytorch_projects/bonus_group34/.venv/lib/python3.14/site-packages/sklearn/utils/validation.py:2827: UserWarning: X does not have valid feature names, but StandardScaler was fitted with feature names
  warnings.warn(
/home/hetz/pytorch_projects/bonus_group34/.venv/lib/python3.14/site-packages/sklearn/utils/validation.py:2827: UserWarning: X does not have valid feature names, but StandardScaler was fitted with feature names
  warnings.warn(
/home/hetz/pytorch_projects/bonus_group34/.venv/lib/python3.14/site-packages/sklearn/utils/validation.py:2827: UserWarning: X does not have valid feature names, but StandardScaler was fitted with feature names
  warnings.warn(
/home/hetz/pytorch_projects/bonus_group34/.venv/lib/python3.14/site-packages/sklearn/utils/validation.py:2827: UserWarning: X does not have valid feature names, but StandardScaler was fitted with feature names
  warnings.warn(
/home/hetz/pytorch_projects/bonus_group34/.venv/lib/python3.14/site-packages/sklearn/utils/validation.py:2827: UserWarning: X does not have valid feature names, but StandardScaler was fitted with feature names
  warnings.warn(
/home/hetz/pytorch_projects/bonus_group34/.venv/lib/python3.14/site-packages/sklearn/utils/validation.py:2827: UserWarning: X does not have valid feature names, but StandardScaler was fitted with feature names
  warnings.warn(
/home/hetz/pytorch_projects/bonus_group34/.venv/lib/python3.14/site-packages/sklearn/utils/validation.py:2827: UserWarning: X does not have valid feature names, but StandardScaler was fitted with feature names
  warnings.warn(
/home/hetz/pytorch_projects/bonus_group34/.venv/lib/python3.14/site-packages/sklearn/utils/validation.py:2827: UserWarning: X does not have valid feature names, but StandardScaler was fitted with feature names
  warnings.warn(
/home/hetz/pytorch_projects/bonus_group34/.venv/lib/python3.14/site-packages/sklearn/utils/validation.py:2827: UserWarning: X does not have valid feature names, but StandardScaler was fitted with feature names
  warnings.warn(
/home/hetz/pytorch_projects/bonus_group34/.venv/lib/python3.14/site-packages/sklearn/utils/validation.py:2827: UserWarning: X does not have valid feature names, but StandardScaler was fitted with feature names
  warnings.warn(
/home/hetz/pytorch_projects/bonus_group34/.venv/lib/python3.14/site-packages/sklearn/utils/validation.py:2827: UserWarning: X does not have valid feature names, but StandardScaler was fitted with feature names
  warnings.warn(
/home/hetz/pytorch_projects/bonus_group34/.venv/lib/python3.14/site-packages/sklearn/utils/validation.py:2827: UserWarning: X does not have valid feature names, but StandardScaler was fitted with feature names
  warnings.warn(
/home/hetz/pytorch_projects/bonus_group34/.venv/lib/python3.14/site-packages/sklearn/utils/validation.py:2827: UserWarning: X does not have valid feature names, but StandardScaler was fitted with feature names
  warnings.warn(
/home/hetz/pytorch_projects/bonus_group34/.venv/lib/python3.14/site-packages/sklearn/utils/validation.py:2827: UserWarning: X does not have valid feature names, but StandardScaler was fitted with feature names
  warnings.warn(
/home/hetz/pytorch_projects/bonus_group34/.venv/lib/python3.14/site-packages/sklearn/utils/validation.py:2827: UserWarning: X does not have valid feature names, but StandardScaler was fitted with feature names
  warnings.warn(
/home/hetz/pytorch_projects/bonus_group34/.venv/lib/python3.14/site-packages/sklearn/utils/validation.py:2827: UserWarning: X does not have valid feature names, but StandardScaler was fitted with feature names
  warnings.warn(
/home/hetz/pytorch_projects/bonus_group34/.venv/lib/python3.14/site-packages/sklearn/utils/validation.py:2827: UserWarning: X does not have valid feature names, but StandardScaler was fitted with feature names
  warnings.warn(
/home/hetz/pytorch_projects/bonus_group34/.venv/lib/python3.14/site-packages/sklearn/utils/validation.py:2827: UserWarning: X does not have valid feature names, but StandardScaler was fitted with feature names
  warnings.warn(
/home/hetz/pytorch_projects/bonus_group34/.venv/lib/python3.14/site-packages/sklearn/utils/validation.py:2827: UserWarning: X does not have valid feature names, but StandardScaler was fitted with feature names
  warnings.warn(
/home/hetz/pytorch_projects/bonus_group34/.venv/lib/python3.14/site-packages/sklearn/utils/validation.py:2827: UserWarning: X does not have valid feature names, but StandardScaler was fitted with feature names
  warnings.warn(
/home/hetz/pytorch_projects/bonus_group34/.venv/lib/python3.14/site-packages/sklearn/utils/validation.py:2827: UserWarning: X does not have valid feature names, but StandardScaler was fitted with feature names
  warnings.warn(
/home/hetz/pytorch_projects/bonus_group34/.venv/lib/python3.14/site-packages/sklearn/utils/validation.py:2827: UserWarning: X does not have valid feature names, but StandardScaler was fitted with feature names
  warnings.warn(
/home/hetz/pytorch_projects/bonus_group34/.venv/lib/python3.14/site-packages/sklearn/utils/validation.py:2827: UserWarning: X does not have valid feature names, but StandardScaler was fitted with feature names
  warnings.warn(
/home/hetz/pytorch_projects/bonus_group34/.venv/lib/python3.14/site-packages/sklearn/utils/validation.py:2827: UserWarning: X does not have valid feature names, but StandardScaler was fitted with feature names
  warnings.warn(
/home/hetz/pytorch_projects/bonus_group34/.venv/lib/python3.14/site-packages/sklearn/utils/validation.py:2827: UserWarning: X does not have valid feature names, but StandardScaler was fitted with feature names
  warnings.warn(
/home/hetz/pytorch_projects/bonus_group34/.venv/lib/python3.14/site-packages/sklearn/utils/validation.py:2827: UserWarning: X does not have valid feature names, but StandardScaler was fitted with feature names
  warnings.warn(
/home/hetz/pytorch_projects/bonus_group34/.venv/lib/python3.14/site-packages/sklearn/utils/validation.py:2827: UserWarning: X does not have valid feature names, but StandardScaler was fitted with feature names
  warnings.warn(
/home/hetz/pytorch_projects/bonus_group34/.venv/lib/python3.14/site-packages/sklearn/utils/validation.py:2827: UserWarning: X does not have valid feature names, but StandardScaler was fitted with feature names
  warnings.warn(
/home/hetz/pytorch_projects/bonus_group34/.venv/lib/python3.14/site-packages/sklearn/utils/validation.py:2827: UserWarning: X does not have valid feature names, but StandardScaler was fitted with feature names
  warnings.warn(
/home/hetz/pytorch_projects/bonus_group34/.venv/lib/python3.14/site-packages/sklearn/utils/validation.py:2827: UserWarning: X does not have valid feature names, but StandardScaler was fitted with feature names
  warnings.warn(
/home/hetz/pytorch_projects/bonus_group34/.venv/lib/python3.14/site-packages/sklearn/utils/validation.py:2827: UserWarning: X does not have valid feature names, but StandardScaler was fitted with feature names
  warnings.warn(
/home/hetz/pytorch_projects/bonus_group34/.venv/lib/python3.14/site-packages/sklearn/utils/validation.py:2827: UserWarning: X does not have valid feature names, but StandardScaler was fitted with feature names
  warnings.warn(
/home/hetz/pytorch_projects/bonus_group34/.venv/lib/python3.14/site-packages/sklearn/utils/validation.py:2827: UserWarning: X does not have valid feature names, but StandardScaler was fitted with feature names
  warnings.warn(
/home/hetz/pytorch_projects/bonus_group34/.venv/lib/python3.14/site-packages/sklearn/utils/validation.py:2827: UserWarning: X does not have valid feature names, but StandardScaler was fitted with feature names
  warnings.warn(
/home/hetz/pytorch_projects/bonus_group34/.venv/lib/python3.14/site-packages/sklearn/utils/validation.py:2827: UserWarning: X does not have valid feature names, but StandardScaler was fitted with feature names
  warnings.warn(
/home/hetz/pytorch_projects/bonus_group34/.venv/lib/python3.14/site-packages/sklearn/utils/validation.py:2827: UserWarning: X does not have valid feature names, but StandardScaler was fitted with feature names
  warnings.warn(
/home/hetz/pytorch_projects/bonus_group34/.venv/lib/python3.14/site-packages/sklearn/utils/validation.py:2827: UserWarning: X does not have valid feature names, but StandardScaler was fitted with feature names
  warnings.warn(
/home/hetz/pytorch_projects/bonus_group34/.venv/lib/python3.14/site-packages/sklearn/utils/validation.py:2827: UserWarning: X does not have valid feature names, but StandardScaler was fitted with feature names
  warnings.warn(
/home/hetz/pytorch_projects/bonus_group34/.venv/lib/python3.14/site-packages/sklearn/utils/validation.py:2827: UserWarning: X does not have valid feature names, but StandardScaler was fitted with feature names
  warnings.warn(
/home/hetz/pytorch_projects/bonus_group34/.venv/lib/python3.14/site-packages/sklearn/utils/validation.py:2827: UserWarning: X does not have valid feature names, but StandardScaler was fitted with feature names
  warnings.warn(
/home/hetz/pytorch_projects/bonus_group34/.venv/lib/python3.14/site-packages/sklearn/utils/validation.py:2827: UserWarning: X does not have valid feature names, but StandardScaler was fitted with feature names
  warnings.warn(
/home/hetz/pytorch_projects/bonus_group34/.venv/lib/python3.14/site-packages/sklearn/utils/validation.py:2827: UserWarning: X does not have valid feature names, but StandardScaler was fitted with feature names
  warnings.warn(
/home/hetz/pytorch_projects/bonus_group34/.venv/lib/python3.14/site-packages/sklearn/utils/validation.py:2827: UserWarning: X does not have valid feature names, but StandardScaler was fitted with feature names
  warnings.warn(
/home/hetz/pytorch_projects/bonus_group34/.venv/lib/python3.14/site-packages/sklearn/utils/validation.py:2827: UserWarning: X does not have valid feature names, but StandardScaler was fitted with feature names
  warnings.warn(
/home/hetz/pytorch_projects/bonus_group34/.venv/lib/python3.14/site-packages/sklearn/utils/validation.py:2827: UserWarning: X does not have valid feature names, but StandardScaler was fitted with feature names
  warnings.warn(
/home/hetz/pytorch_projects/bonus_group34/.venv/lib/python3.14/site-packages/sklearn/utils/validation.py:2827: UserWarning: X does not have valid feature names, but StandardScaler was fitted with feature names
  warnings.warn(
/home/hetz/pytorch_projects/bonus_group34/.venv/lib/python3.14/site-packages/sklearn/utils/validation.py:2827: UserWarning: X does not have valid feature names, but StandardScaler was fitted with feature names
  warnings.warn(
/home/hetz/pytorch_projects/bonus_group34/.venv/lib/python3.14/site-packages/sklearn/utils/validation.py:2827: UserWarning: X does not have valid feature names, but StandardScaler was fitted with feature names
  warnings.warn(
/home/hetz/pytorch_projects/bonus_group34/.venv/lib/python3.14/site-packages/sklearn/utils/validation.py:2827: UserWarning: X does not have valid feature names, but StandardScaler was fitted with feature names
  warnings.warn(
train 371040
Loading AIML-TUDA/dlam-ts-project-data-2026 from HuggingFace...
/home/hetz/pytorch_projects/bonus_group34/.venv/lib/python3.14/site-packages/sklearn/utils/validation.py:2827: UserWarning: X does not have valid feature names, but StandardScaler was fitted with feature names
  warnings.warn(
/home/hetz/pytorch_projects/bonus_group34/.venv/lib/python3.14/site-packages/sklearn/utils/validation.py:2827: UserWarning: X does not have valid feature names, but StandardScaler was fitted with feature names
  warnings.warn(
/home/hetz/pytorch_projects/bonus_group34/.venv/lib/python3.14/site-packages/sklearn/utils/validation.py:2827: UserWarning: X does not have valid feature names, but StandardScaler was fitted with feature names
  warnings.warn(
/home/hetz/pytorch_projects/bonus_group34/.venv/lib/python3.14/site-packages/sklearn/utils/validation.py:2827: UserWarning: X does not have valid feature names, but StandardScaler was fitted with feature names
  warnings.warn(
/home/hetz/pytorch_projects/bonus_group34/.venv/lib/python3.14/site-packages/sklearn/utils/validation.py:2827: UserWarning: X does not have valid feature names, but StandardScaler was fitted with feature names
  warnings.warn(
/home/hetz/pytorch_projects/bonus_group34/.venv/lib/python3.14/site-packages/sklearn/utils/validation.py:2827: UserWarning: X does not have valid feature names, but StandardScaler was fitted with feature names
  warnings.warn(
/home/hetz/pytorch_projects/bonus_group34/.venv/lib/python3.14/site-packages/sklearn/utils/validation.py:2827: UserWarning: X does not have valid feature names, but StandardScaler was fitted with feature names
  warnings.warn(
/home/hetz/pytorch_projects/bonus_group34/.venv/lib/python3.14/site-packages/sklearn/utils/validation.py:2827: UserWarning: X does not have valid feature names, but StandardScaler was fitted with feature names
  warnings.warn(
/home/hetz/pytorch_projects/bonus_group34/.venv/lib/python3.14/site-packages/sklearn/utils/validation.py:2827: UserWarning: X does not have valid feature names, but StandardScaler was fitted with feature names
  warnings.warn(
/home/hetz/pytorch_projects/bonus_group34/.venv/lib/python3.14/site-packages/sklearn/utils/validation.py:2827: UserWarning: X does not have valid feature names, but StandardScaler was fitted with feature names
  warnings.warn(
/home/hetz/pytorch_projects/bonus_group34/.venv/lib/python3.14/site-packages/sklearn/utils/validation.py:2827: UserWarning: X does not have valid feature names, but StandardScaler was fitted with feature names
  warnings.warn(
/home/hetz/pytorch_projects/bonus_group34/.venv/lib/python3.14/site-packages/sklearn/utils/validation.py:2827: UserWarning: X does not have valid feature names, but StandardScaler was fitted with feature names
  warnings.warn(
/home/hetz/pytorch_projects/bonus_group34/.venv/lib/python3.14/site-packages/sklearn/utils/validation.py:2827: UserWarning: X does not have valid feature names, but StandardScaler was fitted with feature names
  warnings.warn(
/home/hetz/pytorch_projects/bonus_group34/.venv/lib/python3.14/site-packages/sklearn/utils/validation.py:2827: UserWarning: X does not have valid feature names, but StandardScaler was fitted with feature names
  warnings.warn(
/home/hetz/pytorch_projects/bonus_group34/.venv/lib/python3.14/site-packages/sklearn/utils/validation.py:2827: UserWarning: X does not have valid feature names, but StandardScaler was fitted with feature names
  warnings.warn(
/home/hetz/pytorch_projects/bonus_group34/.venv/lib/python3.14/site-packages/sklearn/utils/validation.py:2827: UserWarning: X does not have valid feature names, but StandardScaler was fitted with feature names
  warnings.warn(
/home/hetz/pytorch_projects/bonus_group34/.venv/lib/python3.14/site-packages/sklearn/utils/validation.py:2827: UserWarning: X does not have valid feature names, but StandardScaler was fitted with feature names
  warnings.warn(
/home/hetz/pytorch_projects/bonus_group34/.venv/lib/python3.14/site-packages/sklearn/utils/validation.py:2827: UserWarning: X does not have valid feature names, but StandardScaler was fitted with feature names
  warnings.warn(
/home/hetz/pytorch_projects/bonus_group34/.venv/lib/python3.14/site-packages/sklearn/utils/validation.py:2827: UserWarning: X does not have valid feature names, but StandardScaler was fitted with feature names
  warnings.warn(
/home/hetz/pytorch_projects/bonus_group34/.venv/lib/python3.14/site-packages/sklearn/utils/validation.py:2827: UserWarning: X does not have valid feature names, but StandardScaler was fitted with feature names
  warnings.warn(
/home/hetz/pytorch_projects/bonus_group34/.venv/lib/python3.14/site-packages/sklearn/utils/validation.py:2827: UserWarning: X does not have valid feature names, but StandardScaler was fitted with feature names
  warnings.warn(
/home/hetz/pytorch_projects/bonus_group34/.venv/lib/python3.14/site-packages/sklearn/utils/validation.py:2827: UserWarning: X does not have valid feature names, but StandardScaler was fitted with feature names
  warnings.warn(
/home/hetz/pytorch_projects/bonus_group34/.venv/lib/python3.14/site-packages/sklearn/utils/validation.py:2827: UserWarning: X does not have valid feature names, but StandardScaler was fitted with feature names
  warnings.warn(
/home/hetz/pytorch_projects/bonus_group34/.venv/lib/python3.14/site-packages/sklearn/utils/validation.py:2827: UserWarning: X does not have valid feature names, but StandardScaler was fitted with feature names
  warnings.warn(
/home/hetz/pytorch_projects/bonus_group34/.venv/lib/python3.14/site-packages/sklearn/utils/validation.py:2827: UserWarning: X does not have valid feature names, but StandardScaler was fitted with feature names
  warnings.warn(
/home/hetz/pytorch_projects/bonus_group34/.venv/lib/python3.14/site-packages/sklearn/utils/validation.py:2827: UserWarning: X does not have valid feature names, but StandardScaler was fitted with feature names
  warnings.warn(
/home/hetz/pytorch_projects/bonus_group34/.venv/lib/python3.14/site-packages/sklearn/utils/validation.py:2827: UserWarning: X does not have valid feature names, but StandardScaler was fitted with feature names
  warnings.warn(
/home/hetz/pytorch_projects/bonus_group34/.venv/lib/python3.14/site-packages/sklearn/utils/validation.py:2827: UserWarning: X does not have valid feature names, but StandardScaler was fitted with feature names
  warnings.warn(
/home/hetz/pytorch_projects/bonus_group34/.venv/lib/python3.14/site-packages/sklearn/utils/validation.py:2827: UserWarning: X does not have valid feature names, but StandardScaler was fitted with feature names
  warnings.warn(
/home/hetz/pytorch_projects/bonus_group34/.venv/lib/python3.14/site-packages/sklearn/utils/validation.py:2827: UserWarning: X does not have valid feature names, but StandardScaler was fitted with feature names
  warnings.warn(
/home/hetz/pytorch_projects/bonus_group34/.venv/lib/python3.14/site-packages/sklearn/utils/validation.py:2827: UserWarning: X does not have valid feature names, but StandardScaler was fitted with feature names
  warnings.warn(
/home/hetz/pytorch_projects/bonus_group34/.venv/lib/python3.14/site-packages/sklearn/utils/validation.py:2827: UserWarning: X does not have valid feature names, but StandardScaler was fitted with feature names
  warnings.warn(
/home/hetz/pytorch_projects/bonus_group34/.venv/lib/python3.14/site-packages/sklearn/utils/validation.py:2827: UserWarning: X does not have valid feature names, but StandardScaler was fitted with feature names
  warnings.warn(
/home/hetz/pytorch_projects/bonus_group34/.venv/lib/python3.14/site-packages/sklearn/utils/validation.py:2827: UserWarning: X does not have valid feature names, but StandardScaler was fitted with feature names
  warnings.warn(
/home/hetz/pytorch_projects/bonus_group34/.venv/lib/python3.14/site-packages/sklearn/utils/validation.py:2827: UserWarning: X does not have valid feature names, but StandardScaler was fitted with feature names
  warnings.warn(
/home/hetz/pytorch_projects/bonus_group34/.venv/lib/python3.14/site-packages/sklearn/utils/validation.py:2827: UserWarning: X does not have valid feature names, but StandardScaler was fitted with feature names
  warnings.warn(
/home/hetz/pytorch_projects/bonus_group34/.venv/lib/python3.14/site-packages/sklearn/utils/validation.py:2827: UserWarning: X does not have valid feature names, but StandardScaler was fitted with feature names
  warnings.warn(
/home/hetz/pytorch_projects/bonus_group34/.venv/lib/python3.14/site-packages/sklearn/utils/validation.py:2827: UserWarning: X does not have valid feature names, but StandardScaler was fitted with feature names
  warnings.warn(
/home/hetz/pytorch_projects/bonus_group34/.venv/lib/python3.14/site-packages/sklearn/utils/validation.py:2827: UserWarning: X does not have valid feature names, but StandardScaler was fitted with feature names
  warnings.warn(
/home/hetz/pytorch_projects/bonus_group34/.venv/lib/python3.14/site-packages/sklearn/utils/validation.py:2827: UserWarning: X does not have valid feature names, but StandardScaler was fitted with feature names
  warnings.warn(
/home/hetz/pytorch_projects/bonus_group34/.venv/lib/python3.14/site-packages/sklearn/utils/validation.py:2827: UserWarning: X does not have valid feature names, but StandardScaler was fitted with feature names
  warnings.warn(
/home/hetz/pytorch_projects/bonus_group34/.venv/lib/python3.14/site-packages/sklearn/utils/validation.py:2827: UserWarning: X does not have valid feature names, but StandardScaler was fitted with feature names
  warnings.warn(
/home/hetz/pytorch_projects/bonus_group34/.venv/lib/python3.14/site-packages/sklearn/utils/validation.py:2827: UserWarning: X does not have valid feature names, but StandardScaler was fitted with feature names
  warnings.warn(
/home/hetz/pytorch_projects/bonus_group34/.venv/lib/python3.14/site-packages/sklearn/utils/validation.py:2827: UserWarning: X does not have valid feature names, but StandardScaler was fitted with feature names
  warnings.warn(
/home/hetz/pytorch_projects/bonus_group34/.venv/lib/python3.14/site-packages/sklearn/utils/validation.py:2827: UserWarning: X does not have valid feature names, but StandardScaler was fitted with feature names
  warnings.warn(
/home/hetz/pytorch_projects/bonus_group34/.venv/lib/python3.14/site-packages/sklearn/utils/validation.py:2827: UserWarning: X does not have valid feature names, but StandardScaler was fitted with feature names
  warnings.warn(
/home/hetz/pytorch_projects/bonus_group34/.venv/lib/python3.14/site-packages/sklearn/utils/validation.py:2827: UserWarning: X does not have valid feature names, but StandardScaler was fitted with feature names
  warnings.warn(
/home/hetz/pytorch_projects/bonus_group34/.venv/lib/python3.14/site-packages/sklearn/utils/validation.py:2827: UserWarning: X does not have valid feature names, but StandardScaler was fitted with feature names
  warnings.warn(
/home/hetz/pytorch_projects/bonus_group34/.venv/lib/python3.14/site-packages/sklearn/utils/validation.py:2827: UserWarning: X does not have valid feature names, but StandardScaler was fitted with feature names
  warnings.warn(
/home/hetz/pytorch_projects/bonus_group34/.venv/lib/python3.14/site-packages/sklearn/utils/validation.py:2827: UserWarning: X does not have valid feature names, but StandardScaler was fitted with feature names
  warnings.warn(
/home/hetz/pytorch_projects/bonus_group34/.venv/lib/python3.14/site-packages/sklearn/utils/validation.py:2827: UserWarning: X does not have valid feature names, but StandardScaler was fitted with feature names
  warnings.warn(
/home/hetz/pytorch_projects/bonus_group34/.venv/lib/python3.14/site-packages/sklearn/utils/validation.py:2827: UserWarning: X does not have valid feature names, but StandardScaler was fitted with feature names
  warnings.warn(
/home/hetz/pytorch_projects/bonus_group34/.venv/lib/python3.14/site-packages/sklearn/utils/validation.py:2827: UserWarning: X does not have valid feature names, but StandardScaler was fitted with feature names
  warnings.warn(
/home/hetz/pytorch_projects/bonus_group34/.venv/lib/python3.14/site-packages/sklearn/utils/validation.py:2827: UserWarning: X does not have valid feature names, but StandardScaler was fitted with feature names
  warnings.warn(
/home/hetz/pytorch_projects/bonus_group34/.venv/lib/python3.14/site-packages/sklearn/utils/validation.py:2827: UserWarning: X does not have valid feature names, but StandardScaler was fitted with feature names
  warnings.warn(
/home/hetz/pytorch_projects/bonus_group34/.venv/lib/python3.14/site-packages/sklearn/utils/validation.py:2827: UserWarning: X does not have valid feature names, but StandardScaler was fitted with feature names
  warnings.warn(
/home/hetz/pytorch_projects/bonus_group34/.venv/lib/python3.14/site-packages/sklearn/utils/validation.py:2827: UserWarning: X does not have valid feature names, but StandardScaler was fitted with feature names
  warnings.warn(
/home/hetz/pytorch_projects/bonus_group34/.venv/lib/python3.14/site-packages/sklearn/utils/validation.py:2827: UserWarning: X does not have valid feature names, but StandardScaler was fitted with feature names
  warnings.warn(
/home/hetz/pytorch_projects/bonus_group34/.venv/lib/python3.14/site-packages/sklearn/utils/validation.py:2827: UserWarning: X does not have valid feature names, but StandardScaler was fitted with feature names
  warnings.warn(
/home/hetz/pytorch_projects/bonus_group34/.venv/lib/python3.14/site-packages/sklearn/utils/validation.py:2827: UserWarning: X does not have valid feature names, but StandardScaler was fitted with feature names
  warnings.warn(
/home/hetz/pytorch_projects/bonus_group34/.venv/lib/python3.14/site-packages/sklearn/utils/validation.py:2827: UserWarning: X does not have valid feature names, but StandardScaler was fitted with feature names
  warnings.warn(
/home/hetz/pytorch_projects/bonus_group34/.venv/lib/python3.14/site-packages/sklearn/utils/validation.py:2827: UserWarning: X does not have valid feature names, but StandardScaler was fitted with feature names
  warnings.warn(
/home/hetz/pytorch_projects/bonus_group34/.venv/lib/python3.14/site-packages/sklearn/utils/validation.py:2827: UserWarning: X does not have valid feature names, but StandardScaler was fitted with feature names
  warnings.warn(
/home/hetz/pytorch_projects/bonus_group34/.venv/lib/python3.14/site-packages/sklearn/utils/validation.py:2827: UserWarning: X does not have valid feature names, but StandardScaler was fitted with feature names
  warnings.warn(
/home/hetz/pytorch_projects/bonus_group34/.venv/lib/python3.14/site-packages/sklearn/utils/validation.py:2827: UserWarning: X does not have valid feature names, but StandardScaler was fitted with feature names
  warnings.warn(
/home/hetz/pytorch_projects/bonus_group34/.venv/lib/python3.14/site-packages/sklearn/utils/validation.py:2827: UserWarning: X does not have valid feature names, but StandardScaler was fitted with feature names
  warnings.warn(
/home/hetz/pytorch_projects/bonus_group34/.venv/lib/python3.14/site-packages/sklearn/utils/validation.py:2827: UserWarning: X does not have valid feature names, but StandardScaler was fitted with feature names
  warnings.warn(
/home/hetz/pytorch_projects/bonus_group34/.venv/lib/python3.14/site-packages/sklearn/utils/validation.py:2827: UserWarning: X does not have valid feature names, but StandardScaler was fitted with feature names
  warnings.warn(
/home/hetz/pytorch_projects/bonus_group34/.venv/lib/python3.14/site-packages/sklearn/utils/validation.py:2827: UserWarning: X does not have valid feature names, but StandardScaler was fitted with feature names
  warnings.warn(
/home/hetz/pytorch_projects/bonus_group34/.venv/lib/python3.14/site-packages/sklearn/utils/validation.py:2827: UserWarning: X does not have valid feature names, but StandardScaler was fitted with feature names
  warnings.warn(
/home/hetz/pytorch_projects/bonus_group34/.venv/lib/python3.14/site-packages/sklearn/utils/validation.py:2827: UserWarning: X does not have valid feature names, but StandardScaler was fitted with feature names
  warnings.warn(
/home/hetz/pytorch_projects/bonus_group34/.venv/lib/python3.14/site-packages/sklearn/utils/validation.py:2827: UserWarning: X does not have valid feature names, but StandardScaler was fitted with feature names
  warnings.warn(
/home/hetz/pytorch_projects/bonus_group34/.venv/lib/python3.14/site-packages/sklearn/utils/validation.py:2827: UserWarning: X does not have valid feature names, but StandardScaler was fitted with feature names
  warnings.warn(
/home/hetz/pytorch_projects/bonus_group34/.venv/lib/python3.14/site-packages/sklearn/utils/validation.py:2827: UserWarning: X does not have valid feature names, but StandardScaler was fitted with feature names
  warnings.warn(
/home/hetz/pytorch_projects/bonus_group34/.venv/lib/python3.14/site-packages/sklearn/utils/validation.py:2827: UserWarning: X does not have valid feature names, but StandardScaler was fitted with feature names
  warnings.warn(
/home/hetz/pytorch_projects/bonus_group34/.venv/lib/python3.14/site-packages/sklearn/utils/validation.py:2827: UserWarning: X does not have valid feature names, but StandardScaler was fitted with feature names
  warnings.warn(
/home/hetz/pytorch_projects/bonus_group34/.venv/lib/python3.14/site-packages/sklearn/utils/validation.py:2827: UserWarning: X does not have valid feature names, but StandardScaler was fitted with feature names
  warnings.warn(
/home/hetz/pytorch_projects/bonus_group34/.venv/lib/python3.14/site-packages/sklearn/utils/validation.py:2827: UserWarning: X does not have valid feature names, but StandardScaler was fitted with feature names
  warnings.warn(
/home/hetz/pytorch_projects/bonus_group34/.venv/lib/python3.14/site-packages/sklearn/utils/validation.py:2827: UserWarning: X does not have valid feature names, but StandardScaler was fitted with feature names
  warnings.warn(
/home/hetz/pytorch_projects/bonus_group34/.venv/lib/python3.14/site-packages/sklearn/utils/validation.py:2827: UserWarning: X does not have valid feature names, but StandardScaler was fitted with feature names
  warnings.warn(
/home/hetz/pytorch_projects/bonus_group34/.venv/lib/python3.14/site-packages/sklearn/utils/validation.py:2827: UserWarning: X does not have valid feature names, but StandardScaler was fitted with feature names
  warnings.warn(
/home/hetz/pytorch_projects/bonus_group34/.venv/lib/python3.14/site-packages/sklearn/utils/validation.py:2827: UserWarning: X does not have valid feature names, but StandardScaler was fitted with feature names
  warnings.warn(
/home/hetz/pytorch_projects/bonus_group34/.venv/lib/python3.14/site-packages/sklearn/utils/validation.py:2827: UserWarning: X does not have valid feature names, but StandardScaler was fitted with feature names
  warnings.warn(
/home/hetz/pytorch_projects/bonus_group34/.venv/lib/python3.14/site-packages/sklearn/utils/validation.py:2827: UserWarning: X does not have valid feature names, but StandardScaler was fitted with feature names
  warnings.warn(
/home/hetz/pytorch_projects/bonus_group34/.venv/lib/python3.14/site-packages/sklearn/utils/validation.py:2827: UserWarning: X does not have valid feature names, but StandardScaler was fitted with feature names
  warnings.warn(
/home/hetz/pytorch_projects/bonus_group34/.venv/lib/python3.14/site-packages/sklearn/utils/validation.py:2827: UserWarning: X does not have valid feature names, but StandardScaler was fitted with feature names
  warnings.warn(
/home/hetz/pytorch_projects/bonus_group34/.venv/lib/python3.14/site-packages/sklearn/utils/validation.py:2827: UserWarning: X does not have valid feature names, but StandardScaler was fitted with feature names
  warnings.warn(
/home/hetz/pytorch_projects/bonus_group34/.venv/lib/python3.14/site-packages/sklearn/utils/validation.py:2827: UserWarning: X does not have valid feature names, but StandardScaler was fitted with feature names
  warnings.warn(
/home/hetz/pytorch_projects/bonus_group34/.venv/lib/python3.14/site-packages/sklearn/utils/validation.py:2827: UserWarning: X does not have valid feature names, but StandardScaler was fitted with feature names
  warnings.warn(
/home/hetz/pytorch_projects/bonus_group34/.venv/lib/python3.14/site-packages/sklearn/utils/validation.py:2827: UserWarning: X does not have valid feature names, but StandardScaler was fitted with feature names
  warnings.warn(
/home/hetz/pytorch_projects/bonus_group34/.venv/lib/python3.14/site-packages/sklearn/utils/validation.py:2827: UserWarning: X does not have valid feature names, but StandardScaler was fitted with feature names
  warnings.warn(
/home/hetz/pytorch_projects/bonus_group34/.venv/lib/python3.14/site-packages/sklearn/utils/validation.py:2827: UserWarning: X does not have valid feature names, but StandardScaler was fitted with feature names
  warnings.warn(
/home/hetz/pytorch_projects/bonus_group34/.venv/lib/python3.14/site-packages/sklearn/utils/validation.py:2827: UserWarning: X does not have valid feature names, but StandardScaler was fitted with feature names
  warnings.warn(
/home/hetz/pytorch_projects/bonus_group34/.venv/lib/python3.14/site-packages/sklearn/utils/validation.py:2827: UserWarning: X does not have valid feature names, but StandardScaler was fitted with feature names
  warnings.warn(
/home/hetz/pytorch_projects/bonus_group34/.venv/lib/python3.14/site-packages/sklearn/utils/validation.py:2827: UserWarning: X does not have valid feature names, but StandardScaler was fitted with feature names
  warnings.warn(
/home/hetz/pytorch_projects/bonus_group34/.venv/lib/python3.14/site-packages/sklearn/utils/validation.py:2827: UserWarning: X does not have valid feature names, but StandardScaler was fitted with feature names
  warnings.warn(
val 30048
	iters: 100, epoch: 1 | loss: 0.1706924
	speed: 0.0254s/iter; left time: 17687.3306s
	iters: 200, epoch: 1 | loss: 0.2035852
	speed: 0.0112s/iter; left time: 7798.3458s
	iters: 300, epoch: 1 | loss: 0.1571605
	speed: 0.0111s/iter; left time: 7723.8447s
	iters: 400, epoch: 1 | loss: 0.1870432
	speed: 0.0119s/iter; left time: 8286.2799s
	iters: 500, epoch: 1 | loss: 0.2403608
	speed: 0.0108s/iter; left time: 7512.9306s
	iters: 600, epoch: 1 | loss: 0.2048572
	speed: 0.0110s/iter; left time: 7644.3321s
	iters: 700, epoch: 1 | loss: 0.1272011
	speed: 0.0110s/iter; left time: 7654.9905s
	iters: 800, epoch: 1 | loss: 0.1590250
	speed: 0.0108s/iter; left time: 7504.7149s
	iters: 900, epoch: 1 | loss: 0.2171704
	speed: 0.0103s/iter; left time: 7176.4445s
	iters: 1000, epoch: 1 | loss: 0.1555817
	speed: 0.0106s/iter; left time: 7341.1174s
	iters: 1100, epoch: 1 | loss: 0.2182262
	speed: 0.0104s/iter; left time: 7226.4617s
	iters: 1200, epoch: 1 | loss: 0.1526430
	speed: 0.0106s/iter; left time: 7392.8495s
	iters: 1300, epoch: 1 | loss: 0.2098444
	speed: 0.0105s/iter; left time: 7261.5388s
	iters: 1400, epoch: 1 | loss: 0.1413841
	speed: 0.0103s/iter; left time: 7125.4900s
	iters: 1500, epoch: 1 | loss: 0.1446974
	speed: 0.0104s/iter; left time: 7220.4167s
	iters: 1600, epoch: 1 | loss: 0.1540556
	speed: 0.0123s/iter; left time: 8547.7589s
	iters: 1700, epoch: 1 | loss: 0.1855915
	speed: 0.0110s/iter; left time: 7659.2831s
	iters: 1800, epoch: 1 | loss: 0.1303372
	speed: 0.0107s/iter; left time: 7438.1540s
	iters: 1900, epoch: 1 | loss: 0.1653874
	speed: 0.0107s/iter; left time: 7391.5830s
	iters: 2000, epoch: 1 | loss: 0.1281620
	speed: 0.0104s/iter; left time: 7226.6497s
	iters: 2100, epoch: 1 | loss: 0.1965368
	speed: 0.0111s/iter; left time: 7708.7767s
	iters: 2200, epoch: 1 | loss: 0.1438510
	speed: 0.0112s/iter; left time: 7736.6500s
	iters: 2300, epoch: 1 | loss: 0.1544057
	speed: 0.0104s/iter; left time: 7234.9398s
	iters: 2400, epoch: 1 | loss: 0.1379745
	speed: 0.0108s/iter; left time: 7513.3323s
	iters: 2500, epoch: 1 | loss: 0.1376437
	speed: 0.0105s/iter; left time: 7259.7477s
	iters: 2600, epoch: 1 | loss: 0.1028551
	speed: 0.0108s/iter; left time: 7453.4767s
	iters: 2700, epoch: 1 | loss: 0.1174274
	speed: 0.0108s/iter; left time: 7451.2084s
	iters: 2800, epoch: 1 | loss: 0.1968978
	speed: 0.0122s/iter; left time: 8420.2714s
	iters: 2900, epoch: 1 | loss: 0.1637748
	speed: 0.0119s/iter; left time: 8224.6581s
	iters: 3000, epoch: 1 | loss: 0.2045873
	speed: 0.0115s/iter; left time: 7952.6072s
	iters: 3100, epoch: 1 | loss: 0.1913276
	speed: 0.0109s/iter; left time: 7556.7316s
	iters: 3200, epoch: 1 | loss: 0.0999961
	speed: 0.0110s/iter; left time: 7635.6042s
	iters: 3300, epoch: 1 | loss: 0.1248081
	speed: 0.0105s/iter; left time: 7290.8503s
	iters: 3400, epoch: 1 | loss: 0.1140997
	speed: 0.0106s/iter; left time: 7349.3220s
	iters: 3500, epoch: 1 | loss: 0.1335756
	speed: 0.0107s/iter; left time: 7429.2985s
	iters: 3600, epoch: 1 | loss: 0.1474746
	speed: 0.0107s/iter; left time: 7409.9339s
	iters: 3700, epoch: 1 | loss: 0.1197599
	speed: 0.0105s/iter; left time: 7296.2257s
	iters: 3800, epoch: 1 | loss: 0.2507528
	speed: 0.0111s/iter; left time: 7664.4735s
	iters: 3900, epoch: 1 | loss: 0.2683577
	speed: 0.0105s/iter; left time: 7286.4935s
	iters: 4000, epoch: 1 | loss: 0.1352350
	speed: 0.0107s/iter; left time: 7398.1691s
	iters: 4100, epoch: 1 | loss: 0.1041987
	speed: 0.0108s/iter; left time: 7473.7258s
	iters: 4200, epoch: 1 | loss: 0.1545050
	speed: 0.0107s/iter; left time: 7433.1283s
	iters: 4300, epoch: 1 | loss: 0.1892283
	speed: 0.0109s/iter; left time: 7520.8245s
	iters: 4400, epoch: 1 | loss: 0.1404445
	speed: 0.0127s/iter; left time: 8768.2786s
	iters: 4500, epoch: 1 | loss: 0.2159694
	speed: 0.0111s/iter; left time: 7705.4361s
	iters: 4600, epoch: 1 | loss: 0.1526433
	speed: 0.0106s/iter; left time: 7316.9439s
	iters: 4700, epoch: 1 | loss: 0.0995854
	speed: 0.0108s/iter; left time: 7435.2991s
	iters: 4800, epoch: 1 | loss: 0.1401477
	speed: 0.0113s/iter; left time: 7776.5073s
	iters: 4900, epoch: 1 | loss: 0.1329981
	speed: 0.0123s/iter; left time: 8499.1912s
	iters: 5000, epoch: 1 | loss: 0.1739328
	speed: 0.0112s/iter; left time: 7704.2656s
	iters: 5100, epoch: 1 | loss: 0.1538298
	speed: 0.0123s/iter; left time: 8518.5996s
	iters: 5200, epoch: 1 | loss: 0.1753656
	speed: 0.0108s/iter; left time: 7479.2630s
	iters: 5300, epoch: 1 | loss: 0.1497637
	speed: 0.0110s/iter; left time: 7566.0720s
	iters: 5400, epoch: 1 | loss: 0.1200171
	speed: 0.0111s/iter; left time: 7634.6448s
	iters: 5500, epoch: 1 | loss: 0.1311755
	speed: 0.0131s/iter; left time: 9068.5706s
	iters: 5600, epoch: 1 | loss: 0.1283847
	speed: 0.0124s/iter; left time: 8547.1156s
	iters: 5700, epoch: 1 | loss: 0.1629965
	speed: 0.0125s/iter; left time: 8643.4622s
	iters: 5800, epoch: 1 | loss: 0.1511270
	speed: 0.0127s/iter; left time: 8748.7663s
	iters: 5900, epoch: 1 | loss: 0.1365707
	speed: 0.0117s/iter; left time: 8066.8814s
	iters: 6000, epoch: 1 | loss: 0.2033865
	speed: 0.0114s/iter; left time: 7838.6254s
	iters: 6100, epoch: 1 | loss: 0.1952633
	speed: 0.0112s/iter; left time: 7713.5061s
	iters: 6200, epoch: 1 | loss: 0.1683627
	speed: 0.0112s/iter; left time: 7755.7240s
	iters: 6300, epoch: 1 | loss: 0.1541098
	speed: 0.0111s/iter; left time: 7637.2714s
	iters: 6400, epoch: 1 | loss: 0.1282537
	speed: 0.0112s/iter; left time: 7751.7126s
	iters: 6500, epoch: 1 | loss: 0.1039612
	speed: 0.0107s/iter; left time: 7403.0745s
	iters: 6600, epoch: 1 | loss: 0.1981338
	speed: 0.0107s/iter; left time: 7388.2883s
	iters: 6700, epoch: 1 | loss: 0.1995087
	speed: 0.0107s/iter; left time: 7404.0523s
	iters: 6800, epoch: 1 | loss: 0.2230408
	speed: 0.0109s/iter; left time: 7512.1344s
	iters: 6900, epoch: 1 | loss: 0.1819772
	speed: 0.0108s/iter; left time: 7421.0449s
	iters: 7000, epoch: 1 | loss: 0.1252553
	speed: 0.0112s/iter; left time: 7743.2263s
	iters: 7100, epoch: 1 | loss: 0.1683898
	speed: 0.0140s/iter; left time: 9623.3191s
	iters: 7200, epoch: 1 | loss: 0.1698810
	speed: 0.0112s/iter; left time: 7720.0056s
	iters: 7300, epoch: 1 | loss: 0.1089929
	speed: 0.0109s/iter; left time: 7516.9122s
	iters: 7400, epoch: 1 | loss: 0.1186531
	speed: 0.0107s/iter; left time: 7344.1776s
	iters: 7500, epoch: 1 | loss: 0.0975668
	speed: 0.0109s/iter; left time: 7469.2142s
	iters: 7600, epoch: 1 | loss: 0.0882519
	speed: 0.0113s/iter; left time: 7772.2495s
	iters: 7700, epoch: 1 | loss: 0.1417492
	speed: 0.0110s/iter; left time: 7566.3717s
	iters: 7800, epoch: 1 | loss: 0.1501583
	speed: 0.0109s/iter; left time: 7488.1929s
	iters: 7900, epoch: 1 | loss: 0.1220848
	speed: 0.0107s/iter; left time: 7339.7314s
	iters: 8000, epoch: 1 | loss: 0.1251025
	speed: 0.0108s/iter; left time: 7398.1378s
	iters: 8100, epoch: 1 | loss: 0.1336781
	speed: 0.0112s/iter; left time: 7718.8454s
	iters: 8200, epoch: 1 | loss: 0.0969516
	speed: 0.0116s/iter; left time: 7970.6308s
	iters: 8300, epoch: 1 | loss: 0.1587618
	speed: 0.0109s/iter; left time: 7474.5474s
	iters: 8400, epoch: 1 | loss: 0.1828516
	speed: 0.0108s/iter; left time: 7419.8892s
	iters: 8500, epoch: 1 | loss: 0.1921162
	speed: 0.0106s/iter; left time: 7270.3824s
	iters: 8600, epoch: 1 | loss: 0.1293669
	speed: 0.0110s/iter; left time: 7555.7759s
	iters: 8700, epoch: 1 | loss: 0.1960481
	speed: 0.0107s/iter; left time: 7352.7775s
	iters: 8800, epoch: 1 | loss: 0.1867473
	speed: 0.0106s/iter; left time: 7299.0404s
	iters: 8900, epoch: 1 | loss: 0.2951499
	speed: 0.0106s/iter; left time: 7279.5793s
	iters: 9000, epoch: 1 | loss: 0.1559646
	speed: 0.0108s/iter; left time: 7411.8204s
	iters: 9100, epoch: 1 | loss: 0.1977400
	speed: 0.0106s/iter; left time: 7275.8045s
	iters: 9200, epoch: 1 | loss: 0.1548899
	speed: 0.0110s/iter; left time: 7533.1984s
	iters: 9300, epoch: 1 | loss: 0.1389458
	speed: 0.0108s/iter; left time: 7444.3974s
	iters: 9400, epoch: 1 | loss: 0.2162743
	speed: 0.0107s/iter; left time: 7339.6454s
	iters: 9500, epoch: 1 | loss: 0.0978574
	speed: 0.0110s/iter; left time: 7534.8129s
	iters: 9600, epoch: 1 | loss: 0.2050659
	speed: 0.0106s/iter; left time: 7286.7838s
	iters: 9700, epoch: 1 | loss: 0.1548864
	speed: 0.0108s/iter; left time: 7381.8253s
	iters: 9800, epoch: 1 | loss: 0.1292872
	speed: 0.0106s/iter; left time: 7253.0196s
	iters: 9900, epoch: 1 | loss: 0.1372436
	speed: 0.0134s/iter; left time: 9221.6888s
	iters: 10000, epoch: 1 | loss: 0.1171532
	speed: 0.0107s/iter; left time: 7323.6273s
	iters: 10100, epoch: 1 | loss: 0.0698418
	speed: 0.0106s/iter; left time: 7240.0708s
	iters: 10200, epoch: 1 | loss: 0.1214037
	speed: 0.0107s/iter; left time: 7358.3754s
	iters: 10300, epoch: 1 | loss: 0.1309699
	speed: 0.0114s/iter; left time: 7781.0514s
	iters: 10400, epoch: 1 | loss: 0.1579436
	speed: 0.0113s/iter; left time: 7712.5968s
	iters: 10500, epoch: 1 | loss: 0.2366699
	speed: 0.0111s/iter; left time: 7623.9553s
	iters: 10600, epoch: 1 | loss: 0.0904727
	speed: 0.0108s/iter; left time: 7417.2325s
	iters: 10700, epoch: 1 | loss: 0.1834038
	speed: 0.0107s/iter; left time: 7322.1218s
	iters: 10800, epoch: 1 | loss: 0.1421680
	speed: 0.0111s/iter; left time: 7627.2569s
	iters: 10900, epoch: 1 | loss: 0.1726706
	speed: 0.0107s/iter; left time: 7326.3678s
	iters: 11000, epoch: 1 | loss: 0.2463676
	speed: 0.0110s/iter; left time: 7528.3589s
	iters: 11100, epoch: 1 | loss: 0.1244444
	speed: 0.0107s/iter; left time: 7301.3966s
	iters: 11200, epoch: 1 | loss: 0.1239550
	speed: 0.0106s/iter; left time: 7288.2143s
	iters: 11300, epoch: 1 | loss: 0.1102782
	speed: 0.0107s/iter; left time: 7326.0616s
	iters: 11400, epoch: 1 | loss: 0.1265136
	speed: 0.0108s/iter; left time: 7358.9362s
	iters: 11500, epoch: 1 | loss: 0.1540859
	speed: 0.0107s/iter; left time: 7300.9624s
	iters: 11600, epoch: 1 | loss: 0.1565436
	speed: 0.0109s/iter; left time: 7467.0589s
	iters: 11700, epoch: 1 | loss: 0.1701105
	speed: 0.0105s/iter; left time: 7195.2554s
	iters: 11800, epoch: 1 | loss: 0.1544036
	speed: 0.0108s/iter; left time: 7375.1029s
	iters: 11900, epoch: 1 | loss: 0.1974589
	speed: 0.0106s/iter; left time: 7248.8624s
	iters: 12000, epoch: 1 | loss: 0.1281002
	speed: 0.0107s/iter; left time: 7288.6715s
	iters: 12100, epoch: 1 | loss: 0.1530095
	speed: 0.0107s/iter; left time: 7329.7855s
	iters: 12200, epoch: 1 | loss: 0.1849785
	speed: 0.0107s/iter; left time: 7346.4921s
	iters: 12300, epoch: 1 | loss: 0.2144653
	speed: 0.0108s/iter; left time: 7414.5117s
	iters: 12400, epoch: 1 | loss: 0.1551368
	speed: 0.0108s/iter; left time: 7370.8596s
	iters: 12500, epoch: 1 | loss: 0.1938708
	speed: 0.0109s/iter; left time: 7455.3393s
	iters: 12600, epoch: 1 | loss: 0.1784822
	speed: 0.0107s/iter; left time: 7294.2391s
	iters: 12700, epoch: 1 | loss: 0.1304104
	speed: 0.0133s/iter; left time: 9057.0898s
	iters: 12800, epoch: 1 | loss: 0.1091272
	speed: 0.0107s/iter; left time: 7312.9847s
	iters: 12900, epoch: 1 | loss: 0.1287183
	speed: 0.0108s/iter; left time: 7346.3232s
	iters: 13000, epoch: 1 | loss: 0.1443223
	speed: 0.0106s/iter; left time: 7254.7626s
	iters: 13100, epoch: 1 | loss: 0.1172043
	speed: 0.0108s/iter; left time: 7370.9966s
	iters: 13200, epoch: 1 | loss: 0.1394545
	speed: 0.0116s/iter; left time: 7898.6979s
	iters: 13300, epoch: 1 | loss: 0.1732303
	speed: 0.0106s/iter; left time: 7228.8231s
	iters: 13400, epoch: 1 | loss: 0.1412301
	speed: 0.0104s/iter; left time: 7129.0878s
	iters: 13500, epoch: 1 | loss: 0.1295876
	speed: 0.0106s/iter; left time: 7207.4939s
	iters: 13600, epoch: 1 | loss: 0.1347871
	speed: 0.0106s/iter; left time: 7204.5201s
	iters: 13700, epoch: 1 | loss: 0.1489074
	speed: 0.0111s/iter; left time: 7536.3470s
	iters: 13800, epoch: 1 | loss: 0.2026832
	speed: 0.0108s/iter; left time: 7359.5619s
	iters: 13900, epoch: 1 | loss: 0.1552563
	speed: 0.0107s/iter; left time: 7324.9607s
	iters: 14000, epoch: 1 | loss: 0.1184004
	speed: 0.0107s/iter; left time: 7285.9128s
	iters: 14100, epoch: 1 | loss: 0.1428331
	speed: 0.0108s/iter; left time: 7385.5070s
	iters: 14200, epoch: 1 | loss: 0.1823953
	speed: 0.0106s/iter; left time: 7196.2069s
	iters: 14300, epoch: 1 | loss: 0.1275931
	speed: 0.0106s/iter; left time: 7230.7749s
	iters: 14400, epoch: 1 | loss: 0.1409870
	speed: 0.0109s/iter; left time: 7394.0864s
	iters: 14500, epoch: 1 | loss: 0.1838150
	speed: 0.0107s/iter; left time: 7288.3305s
	iters: 14600, epoch: 1 | loss: 0.1486357
	speed: 0.0110s/iter; left time: 7507.8960s
	iters: 14700, epoch: 1 | loss: 0.0961727
	speed: 0.0105s/iter; left time: 7150.6547s
	iters: 14800, epoch: 1 | loss: 0.1316558
	speed: 0.0108s/iter; left time: 7359.2823s
	iters: 14900, epoch: 1 | loss: 0.1749648
	speed: 0.0106s/iter; left time: 7199.0624s
	iters: 15000, epoch: 1 | loss: 0.1089412
	speed: 0.0106s/iter; left time: 7182.3146s
	iters: 15100, epoch: 1 | loss: 0.1119688
	speed: 0.0108s/iter; left time: 7337.1567s
	iters: 15200, epoch: 1 | loss: 0.1575034
	speed: 0.0108s/iter; left time: 7344.0919s
	iters: 15300, epoch: 1 | loss: 0.1632476
	speed: 0.0105s/iter; left time: 7110.7993s
	iters: 15400, epoch: 1 | loss: 0.0960414
	speed: 0.0107s/iter; left time: 7308.4626s
	iters: 15500, epoch: 1 | loss: 0.1343940
	speed: 0.0131s/iter; left time: 8880.8984s
	iters: 15600, epoch: 1 | loss: 0.1099111
	speed: 0.0112s/iter; left time: 7636.8639s
	iters: 15700, epoch: 1 | loss: 0.1166558
	speed: 0.0106s/iter; left time: 7225.7823s
	iters: 15800, epoch: 1 | loss: 0.1519412
	speed: 0.0111s/iter; left time: 7552.4783s
	iters: 15900, epoch: 1 | loss: 0.1297659
	speed: 0.0111s/iter; left time: 7546.4014s
	iters: 16000, epoch: 1 | loss: 0.1535209
	speed: 0.0123s/iter; left time: 8340.7367s
	iters: 16100, epoch: 1 | loss: 0.2080515
	speed: 0.0108s/iter; left time: 7321.8751s
	iters: 16200, epoch: 1 | loss: 0.0886724
	speed: 0.0109s/iter; left time: 7411.8125s
	iters: 16300, epoch: 1 | loss: 0.1384768
	speed: 0.0109s/iter; left time: 7438.7641s
	iters: 16400, epoch: 1 | loss: 0.1539175
	speed: 0.0109s/iter; left time: 7396.3180s
	iters: 16500, epoch: 1 | loss: 0.1415664
	speed: 0.0113s/iter; left time: 7672.6289s
	iters: 16600, epoch: 1 | loss: 0.1226033
	speed: 0.0109s/iter; left time: 7402.2554s
	iters: 16700, epoch: 1 | loss: 0.1185120
	speed: 0.0106s/iter; left time: 7206.9259s
	iters: 16800, epoch: 1 | loss: 0.1668130
	speed: 0.0106s/iter; left time: 7165.4442s
	iters: 16900, epoch: 1 | loss: 0.1183618
	speed: 0.0107s/iter; left time: 7235.2692s
	iters: 17000, epoch: 1 | loss: 0.1526048
	speed: 0.0106s/iter; left time: 7186.8547s
	iters: 17100, epoch: 1 | loss: 0.2154316
	speed: 0.0107s/iter; left time: 7260.3540s
	iters: 17200, epoch: 1 | loss: 0.1117938
	speed: 0.0107s/iter; left time: 7277.6867s
	iters: 17300, epoch: 1 | loss: 0.1575879
	speed: 0.0107s/iter; left time: 7286.6017s
	iters: 17400, epoch: 1 | loss: 0.1346792
	speed: 0.0111s/iter; left time: 7558.8741s
	iters: 17500, epoch: 1 | loss: 0.1894713
	speed: 0.0111s/iter; left time: 7501.2924s
	iters: 17600, epoch: 1 | loss: 0.1426969
	speed: 0.0109s/iter; left time: 7381.2815s
	iters: 17700, epoch: 1 | loss: 0.1291928
	speed: 0.0109s/iter; left time: 7365.2438s
	iters: 17800, epoch: 1 | loss: 0.2147197
	speed: 0.0109s/iter; left time: 7420.5708s
	iters: 17900, epoch: 1 | loss: 0.1059289
	speed: 0.0112s/iter; left time: 7563.9824s
	iters: 18000, epoch: 1 | loss: 0.1752837
	speed: 0.0109s/iter; left time: 7390.8747s
	iters: 18100, epoch: 1 | loss: 0.1291674
	speed: 0.0110s/iter; left time: 7435.0076s
	iters: 18200, epoch: 1 | loss: 0.1196840
	speed: 0.0108s/iter; left time: 7337.4437s
	iters: 18300, epoch: 1 | loss: 0.1465675
	speed: 0.0133s/iter; left time: 9007.5997s
	iters: 18400, epoch: 1 | loss: 0.1765510
	speed: 0.0111s/iter; left time: 7529.9302s
	iters: 18500, epoch: 1 | loss: 0.1718172
	speed: 0.0108s/iter; left time: 7304.7561s
	iters: 18600, epoch: 1 | loss: 0.1448895
	speed: 0.0113s/iter; left time: 7653.5038s
	iters: 18700, epoch: 1 | loss: 0.1301699
	speed: 0.0120s/iter; left time: 8142.7617s
	iters: 18800, epoch: 1 | loss: 0.1256670
	speed: 0.0110s/iter; left time: 7442.7746s
	iters: 18900, epoch: 1 | loss: 0.1777730
	speed: 0.0107s/iter; left time: 7275.2416s
	iters: 19000, epoch: 1 | loss: 0.1441755
	speed: 0.0107s/iter; left time: 7258.8121s
	iters: 19100, epoch: 1 | loss: 0.1193451
	speed: 0.0106s/iter; left time: 7197.3933s
	iters: 19200, epoch: 1 | loss: 0.1780569
	speed: 0.0108s/iter; left time: 7298.2554s
	iters: 19300, epoch: 1 | loss: 0.1042448
	speed: 0.0109s/iter; left time: 7340.1026s
	iters: 19400, epoch: 1 | loss: 0.1307592
	speed: 0.0110s/iter; left time: 7450.3490s
	iters: 19500, epoch: 1 | loss: 0.0793989
	speed: 0.0109s/iter; left time: 7351.0087s
	iters: 19600, epoch: 1 | loss: 0.1567580
	speed: 0.0110s/iter; left time: 7408.2178s
	iters: 19700, epoch: 1 | loss: 0.1252420
	speed: 0.0108s/iter; left time: 7279.4680s
	iters: 19800, epoch: 1 | loss: 0.1325539
	speed: 0.0105s/iter; left time: 7098.4443s
	iters: 19900, epoch: 1 | loss: 0.0868502
	speed: 0.0108s/iter; left time: 7267.4374s
	iters: 20000, epoch: 1 | loss: 0.1487426
	speed: 0.0114s/iter; left time: 7686.3070s
	iters: 20100, epoch: 1 | loss: 0.1513561
	speed: 0.0106s/iter; left time: 7185.6943s
	iters: 20200, epoch: 1 | loss: 0.2126256
	speed: 0.0110s/iter; left time: 7420.8344s
	iters: 20300, epoch: 1 | loss: 0.1297241
	speed: 0.0108s/iter; left time: 7276.7798s
	iters: 20400, epoch: 1 | loss: 0.1062004
	speed: 0.0105s/iter; left time: 7069.7248s
	iters: 20500, epoch: 1 | loss: 0.0847050
	speed: 0.0106s/iter; left time: 7159.3646s
	iters: 20600, epoch: 1 | loss: 0.1721878
	speed: 0.0105s/iter; left time: 7088.0693s
	iters: 20700, epoch: 1 | loss: 0.1104816
	speed: 0.0110s/iter; left time: 7418.7018s
	iters: 20800, epoch: 1 | loss: 0.2196466
	speed: 0.0110s/iter; left time: 7457.0914s
	iters: 20900, epoch: 1 | loss: 0.2095548
	speed: 0.0109s/iter; left time: 7357.7742s
	iters: 21000, epoch: 1 | loss: 0.1326969
	speed: 0.0108s/iter; left time: 7285.7392s
	iters: 21100, epoch: 1 | loss: 0.1597381
	speed: 0.0140s/iter; left time: 9412.6042s
	iters: 21200, epoch: 1 | loss: 0.0718380
	speed: 0.0108s/iter; left time: 7265.1985s
	iters: 21300, epoch: 1 | loss: 0.0953127
	speed: 0.0108s/iter; left time: 7269.8905s
	iters: 21400, epoch: 1 | loss: 0.1321062
	speed: 0.0114s/iter; left time: 7711.1920s
	iters: 21500, epoch: 1 | loss: 0.1408700
	speed: 0.0113s/iter; left time: 7611.4991s
	iters: 21600, epoch: 1 | loss: 0.1101932
	speed: 0.0110s/iter; left time: 7439.1795s
	iters: 21700, epoch: 1 | loss: 0.1229429
	speed: 0.0108s/iter; left time: 7251.3603s
	iters: 21800, epoch: 1 | loss: 0.1248621
	speed: 0.0108s/iter; left time: 7262.9951s
	iters: 21900, epoch: 1 | loss: 0.1004826
	speed: 0.0108s/iter; left time: 7305.9506s
	iters: 22000, epoch: 1 | loss: 0.1195525
	speed: 0.0106s/iter; left time: 7160.4134s
	iters: 22100, epoch: 1 | loss: 0.1659834
	speed: 0.0116s/iter; left time: 7801.0190s
	iters: 22200, epoch: 1 | loss: 0.0988706
	speed: 0.0107s/iter; left time: 7177.4716s
	iters: 22300, epoch: 1 | loss: 0.1261526
	speed: 0.0107s/iter; left time: 7220.2075s
	iters: 22400, epoch: 1 | loss: 0.1511236
	speed: 0.0106s/iter; left time: 7162.7051s
	iters: 22500, epoch: 1 | loss: 0.1863310
	speed: 0.0106s/iter; left time: 7167.5125s
	iters: 22600, epoch: 1 | loss: 0.1486807
	speed: 0.0106s/iter; left time: 7106.3690s
	iters: 22700, epoch: 1 | loss: 0.1305821
	speed: 0.0107s/iter; left time: 7192.4761s
	iters: 22800, epoch: 1 | loss: 0.1089201
	speed: 0.0106s/iter; left time: 7112.9160s
	iters: 22900, epoch: 1 | loss: 0.1053270
	speed: 0.0107s/iter; left time: 7230.1889s
	iters: 23000, epoch: 1 | loss: 0.1826142
	speed: 0.0109s/iter; left time: 7299.3883s
	iters: 23100, epoch: 1 | loss: 0.1414414
	speed: 0.0106s/iter; left time: 7110.5883s
Epoch: 1 cost time: 255.64128756523132
Epoch: 1, Steps: 23190 | Train Loss: 0.1467198 Vali Loss: 0.1500999
Validation loss decreased (inf --> 0.150100).  Saving model ...
Updating learning rate to 0.0005
	iters: 100, epoch: 2 | loss: 0.1761632
	speed: 0.1037s/iter; left time: 69723.2213s
	iters: 200, epoch: 2 | loss: 0.1857951
	speed: 0.0114s/iter; left time: 7645.0374s
	iters: 300, epoch: 2 | loss: 0.1335035
	speed: 0.0109s/iter; left time: 7342.6196s
	iters: 400, epoch: 2 | loss: 0.2037943
	speed: 0.0113s/iter; left time: 7601.3081s
	iters: 500, epoch: 2 | loss: 0.1577243
	speed: 0.0110s/iter; left time: 7419.4459s
	iters: 600, epoch: 2 | loss: 0.1629871
	speed: 0.0108s/iter; left time: 7237.8953s
	iters: 700, epoch: 2 | loss: 0.2452784
	speed: 0.0107s/iter; left time: 7214.0144s
	iters: 800, epoch: 2 | loss: 0.1604138
	speed: 0.0107s/iter; left time: 7166.3278s
	iters: 900, epoch: 2 | loss: 0.1203449
	speed: 0.0112s/iter; left time: 7491.6988s
	iters: 1000, epoch: 2 | loss: 0.1356753
	speed: 0.0112s/iter; left time: 7497.4357s
	iters: 1100, epoch: 2 | loss: 0.1783575
	speed: 0.0107s/iter; left time: 7163.3561s
	iters: 1200, epoch: 2 | loss: 0.1653156
	speed: 0.0107s/iter; left time: 7209.5977s
	iters: 1300, epoch: 2 | loss: 0.1643102
	speed: 0.0111s/iter; left time: 7477.5551s
	iters: 1400, epoch: 2 | loss: 0.1157922
	speed: 0.0116s/iter; left time: 7816.4108s
	iters: 1500, epoch: 2 | loss: 0.1318114
	speed: 0.0108s/iter; left time: 7253.9447s
	iters: 1600, epoch: 2 | loss: 0.1536166
	speed: 0.0109s/iter; left time: 7299.5777s
	iters: 1700, epoch: 2 | loss: 0.1456641
	speed: 0.0110s/iter; left time: 7393.7126s
	iters: 1800, epoch: 2 | loss: 0.1620316
	speed: 0.0114s/iter; left time: 7623.9970s
	iters: 1900, epoch: 2 | loss: 0.2097416
	speed: 0.0112s/iter; left time: 7514.2224s
	iters: 2000, epoch: 2 | loss: 0.1515289
	speed: 0.0108s/iter; left time: 7252.5392s
	iters: 2100, epoch: 2 | loss: 0.1639606
	speed: 0.0111s/iter; left time: 7411.3663s
	iters: 2200, epoch: 2 | loss: 0.1895741
	speed: 0.0109s/iter; left time: 7308.4062s
	iters: 2300, epoch: 2 | loss: 0.1742251
	speed: 0.0111s/iter; left time: 7433.8670s
	iters: 2400, epoch: 2 | loss: 0.1348821
	speed: 0.0108s/iter; left time: 7263.4879s
	iters: 2500, epoch: 2 | loss: 0.1222035
	speed: 0.0110s/iter; left time: 7345.2420s
	iters: 2600, epoch: 2 | loss: 0.1645207
	speed: 0.0111s/iter; left time: 7427.1645s
	iters: 2700, epoch: 2 | loss: 0.1541305
	speed: 0.0136s/iter; left time: 9138.1948s
	iters: 2800, epoch: 2 | loss: 0.1418596
	speed: 0.0114s/iter; left time: 7627.2750s
	iters: 2900, epoch: 2 | loss: 0.1811318
	speed: 0.0118s/iter; left time: 7918.3728s
	iters: 3000, epoch: 2 | loss: 0.1527295
	speed: 0.0110s/iter; left time: 7340.3049s
	iters: 3100, epoch: 2 | loss: 0.1808899
	speed: 0.0111s/iter; left time: 7455.8633s
	iters: 3200, epoch: 2 | loss: 0.2039938
	speed: 0.0107s/iter; left time: 7172.1401s
	iters: 3300, epoch: 2 | loss: 0.1304149
	speed: 0.0108s/iter; left time: 7222.0312s
	iters: 3400, epoch: 2 | loss: 0.1988463
	speed: 0.0115s/iter; left time: 7683.6229s
	iters: 3500, epoch: 2 | loss: 0.1300756
	speed: 0.0110s/iter; left time: 7375.7200s
	iters: 3600, epoch: 2 | loss: 0.1564841
	speed: 0.0111s/iter; left time: 7457.2701s
	iters: 3700, epoch: 2 | loss: 0.1348083
	speed: 0.0118s/iter; left time: 7902.8149s
	iters: 3800, epoch: 2 | loss: 0.1806303
	speed: 0.0109s/iter; left time: 7255.5768s
	iters: 3900, epoch: 2 | loss: 0.2281918
	speed: 0.0110s/iter; left time: 7358.1477s
	iters: 4000, epoch: 2 | loss: 0.1694811
	speed: 0.0109s/iter; left time: 7309.5854s
	iters: 4100, epoch: 2 | loss: 0.1215586
	speed: 0.0109s/iter; left time: 7253.0038s
	iters: 4200, epoch: 2 | loss: 0.1159528
	speed: 0.0110s/iter; left time: 7353.2129s
	iters: 4300, epoch: 2 | loss: 0.1242368
	speed: 0.0111s/iter; left time: 7387.7591s
	iters: 4400, epoch: 2 | loss: 0.1652437
	speed: 0.0110s/iter; left time: 7382.1408s
	iters: 4500, epoch: 2 | loss: 0.2609820
	speed: 0.0110s/iter; left time: 7347.6250s
	iters: 4600, epoch: 2 | loss: 0.1462956
	speed: 0.0108s/iter; left time: 7227.3609s
	iters: 4700, epoch: 2 | loss: 0.1158911
	speed: 0.0105s/iter; left time: 7018.5798s
	iters: 4800, epoch: 2 | loss: 0.1294834
	speed: 0.0108s/iter; left time: 7182.5962s
	iters: 4900, epoch: 2 | loss: 0.1712921
	speed: 0.0112s/iter; left time: 7456.9243s
	iters: 5000, epoch: 2 | loss: 0.1465249
	speed: 0.0111s/iter; left time: 7379.5361s
	iters: 5100, epoch: 2 | loss: 0.1628059
	speed: 0.0108s/iter; left time: 7218.4593s
	iters: 5200, epoch: 2 | loss: 0.1538294
	speed: 0.0109s/iter; left time: 7292.6619s
	iters: 5300, epoch: 2 | loss: 0.1552846
	speed: 0.0137s/iter; left time: 9107.6322s
	iters: 5400, epoch: 2 | loss: 0.1300534
	speed: 0.0132s/iter; left time: 8811.7735s
	iters: 5500, epoch: 2 | loss: 0.0947052
	speed: 0.0132s/iter; left time: 8829.8397s
	iters: 5600, epoch: 2 | loss: 0.2196921
	speed: 0.0131s/iter; left time: 8737.1936s
	iters: 5700, epoch: 2 | loss: 0.1793254
	speed: 0.0115s/iter; left time: 7693.1280s
	iters: 5800, epoch: 2 | loss: 0.1816624
	speed: 0.0118s/iter; left time: 7877.7624s
	iters: 5900, epoch: 2 | loss: 0.1747394
	speed: 0.0114s/iter; left time: 7607.2952s
	iters: 6000, epoch: 2 | loss: 0.1480008
	speed: 0.0114s/iter; left time: 7568.9853s
	iters: 6100, epoch: 2 | loss: 0.1134060
	speed: 0.0121s/iter; left time: 8058.5605s
	iters: 6200, epoch: 2 | loss: 0.1271814
	speed: 0.0123s/iter; left time: 8204.8441s
	iters: 6300, epoch: 2 | loss: 0.1789953
	speed: 0.0138s/iter; left time: 9164.0180s
	iters: 6400, epoch: 2 | loss: 0.1750383
	speed: 0.0123s/iter; left time: 8193.8912s
	iters: 6500, epoch: 2 | loss: 0.0929105
	speed: 0.0115s/iter; left time: 7650.4414s
	iters: 6600, epoch: 2 | loss: 0.1328811
	speed: 0.0121s/iter; left time: 8031.5303s
	iters: 6700, epoch: 2 | loss: 0.1703164
	speed: 0.0134s/iter; left time: 8891.2821s
	iters: 6800, epoch: 2 | loss: 0.1765002
	speed: 0.0117s/iter; left time: 7795.1140s
	iters: 6900, epoch: 2 | loss: 0.1729287
	speed: 0.0111s/iter; left time: 7373.1420s
	iters: 7000, epoch: 2 | loss: 0.1248412
	speed: 0.0108s/iter; left time: 7217.3959s
	iters: 7100, epoch: 2 | loss: 0.1065171
	speed: 0.0115s/iter; left time: 7623.6121s
	iters: 7200, epoch: 2 | loss: 0.1213751
	speed: 0.0109s/iter; left time: 7279.3881s
	iters: 7300, epoch: 2 | loss: 0.1048155
	speed: 0.0119s/iter; left time: 7892.5514s
	iters: 7400, epoch: 2 | loss: 0.1122392
	speed: 0.0119s/iter; left time: 7926.4004s
	iters: 7500, epoch: 2 | loss: 0.2170882
	speed: 0.0124s/iter; left time: 8277.6501s
	iters: 7600, epoch: 2 | loss: 0.1096368
	speed: 0.0116s/iter; left time: 7694.4855s
	iters: 7700, epoch: 2 | loss: 0.1510656
	speed: 0.0119s/iter; left time: 7884.0806s
	iters: 7800, epoch: 2 | loss: 0.1780481
	speed: 0.0119s/iter; left time: 7917.9789s
	iters: 7900, epoch: 2 | loss: 0.1097172
	speed: 0.0113s/iter; left time: 7487.2700s
	iters: 8000, epoch: 2 | loss: 0.1355155
	speed: 0.0141s/iter; left time: 9396.1097s
	iters: 8100, epoch: 2 | loss: 0.1485862
	speed: 0.0121s/iter; left time: 8007.9183s
	iters: 8200, epoch: 2 | loss: 0.0738138
	speed: 0.0113s/iter; left time: 7484.5904s
	iters: 8300, epoch: 2 | loss: 0.2465946
	speed: 0.0110s/iter; left time: 7299.6962s
	iters: 8400, epoch: 2 | loss: 0.1784281
	speed: 0.0114s/iter; left time: 7597.4904s
	iters: 8500, epoch: 2 | loss: 0.1424542
	speed: 0.0113s/iter; left time: 7508.3958s
	iters: 8600, epoch: 2 | loss: 0.1630420
	speed: 0.0108s/iter; left time: 7139.7281s
	iters: 8700, epoch: 2 | loss: 0.1587562
	speed: 0.0117s/iter; left time: 7760.3235s
	iters: 8800, epoch: 2 | loss: 0.1386978
	speed: 0.0111s/iter; left time: 7356.5940s
	iters: 8900, epoch: 2 | loss: 0.1421076
	speed: 0.0118s/iter; left time: 7848.9998s
	iters: 9000, epoch: 2 | loss: 0.1409556
	speed: 0.0116s/iter; left time: 7696.6839s
	iters: 9100, epoch: 2 | loss: 0.1467560
	speed: 0.0116s/iter; left time: 7672.5561s
	iters: 9200, epoch: 2 | loss: 0.1581224
	speed: 0.0110s/iter; left time: 7266.6257s
	iters: 9300, epoch: 2 | loss: 0.1752717
	speed: 0.0107s/iter; left time: 7074.9618s
	iters: 9400, epoch: 2 | loss: 0.1099677
	speed: 0.0116s/iter; left time: 7691.6550s
	iters: 9500, epoch: 2 | loss: 0.1557087
	speed: 0.0117s/iter; left time: 7728.8343s
	iters: 9600, epoch: 2 | loss: 0.1471901
	speed: 0.0117s/iter; left time: 7726.2715s
	iters: 9700, epoch: 2 | loss: 0.1207440
	speed: 0.0108s/iter; left time: 7170.4268s
	iters: 9800, epoch: 2 | loss: 0.1849934
	speed: 0.0117s/iter; left time: 7740.7535s
	iters: 9900, epoch: 2 | loss: 0.1545520
	speed: 0.0149s/iter; left time: 9874.8250s
	iters: 10000, epoch: 2 | loss: 0.0946668
	speed: 0.0126s/iter; left time: 8319.4325s
	iters: 10100, epoch: 2 | loss: 0.1803754
	speed: 0.0143s/iter; left time: 9473.1237s
	iters: 10200, epoch: 2 | loss: 0.1921222
	speed: 0.0136s/iter; left time: 9008.3290s
	iters: 10300, epoch: 2 | loss: 0.2093016
	speed: 0.0144s/iter; left time: 9539.7496s
	iters: 10400, epoch: 2 | loss: 0.1502141
	speed: 0.0119s/iter; left time: 7864.9408s
	iters: 10500, epoch: 2 | loss: 0.2171217
	speed: 0.0116s/iter; left time: 7693.9422s
	iters: 10600, epoch: 2 | loss: 0.2092714
	speed: 0.0150s/iter; left time: 9940.4315s
	iters: 10700, epoch: 2 | loss: 0.1473863
	speed: 0.0110s/iter; left time: 7262.5952s
	iters: 10800, epoch: 2 | loss: 0.2093096
	speed: 0.0117s/iter; left time: 7737.0985s
	iters: 10900, epoch: 2 | loss: 0.1945564
	speed: 0.0114s/iter; left time: 7520.6721s
	iters: 11000, epoch: 2 | loss: 0.1855271
	speed: 0.0112s/iter; left time: 7397.8744s
	iters: 11100, epoch: 2 | loss: 0.2106971
	speed: 0.0111s/iter; left time: 7363.4829s
	iters: 11200, epoch: 2 | loss: 0.1758108
	speed: 0.0116s/iter; left time: 7656.2564s
	iters: 11300, epoch: 2 | loss: 0.1517037
	speed: 0.0133s/iter; left time: 8770.9083s
	iters: 11400, epoch: 2 | loss: 0.2393110
	speed: 0.0125s/iter; left time: 8283.3742s
	iters: 11500, epoch: 2 | loss: 0.2038538
	speed: 0.0126s/iter; left time: 8350.2821s
	iters: 11600, epoch: 2 | loss: 0.1431897
	speed: 0.0120s/iter; left time: 7953.8577s
	iters: 11700, epoch: 2 | loss: 0.1300152
	speed: 0.0137s/iter; left time: 9036.2222s
	iters: 11800, epoch: 2 | loss: 0.2034154
	speed: 0.0119s/iter; left time: 7889.1320s
	iters: 11900, epoch: 2 | loss: 0.1693414
	speed: 0.0132s/iter; left time: 8742.8899s
	iters: 12000, epoch: 2 | loss: 0.1214014
	speed: 0.0125s/iter; left time: 8263.3591s
	iters: 12100, epoch: 2 | loss: 0.1300150
	speed: 0.0127s/iter; left time: 8369.4446s
	iters: 12200, epoch: 2 | loss: 0.1947471
	speed: 0.0122s/iter; left time: 8027.1972s
	iters: 12300, epoch: 2 | loss: 0.1705132
	speed: 0.0124s/iter; left time: 8216.7394s
	iters: 12400, epoch: 2 | loss: 0.2135341
	speed: 0.0127s/iter; left time: 8402.1916s
	iters: 12500, epoch: 2 | loss: 0.1452388
	speed: 0.0120s/iter; left time: 7920.2582s
	iters: 12600, epoch: 2 | loss: 0.1660468
	speed: 0.0127s/iter; left time: 8351.5533s
	iters: 12700, epoch: 2 | loss: 0.1803711
	speed: 0.0124s/iter; left time: 8151.0374s
	iters: 12800, epoch: 2 | loss: 0.1579248
	speed: 0.0126s/iter; left time: 8297.2794s
	iters: 12900, epoch: 2 | loss: 0.1510941
	speed: 0.0123s/iter; left time: 8132.7240s
	iters: 13000, epoch: 2 | loss: 0.1969492
	speed: 0.0147s/iter; left time: 9705.2636s
	iters: 13100, epoch: 2 | loss: 0.2719005
	speed: 0.0120s/iter; left time: 7913.3568s
	iters: 13200, epoch: 2 | loss: 0.1815718
	speed: 0.0106s/iter; left time: 6988.8613s
	iters: 13300, epoch: 2 | loss: 0.2119247
	speed: 0.0105s/iter; left time: 6896.7553s
	iters: 13400, epoch: 2 | loss: 0.1159324
	speed: 0.0114s/iter; left time: 7496.8175s
	iters: 13500, epoch: 2 | loss: 0.1267744
	speed: 0.0104s/iter; left time: 6856.6539s
	iters: 13600, epoch: 2 | loss: 0.1323993
	speed: 0.0107s/iter; left time: 7031.9481s
	iters: 13700, epoch: 2 | loss: 0.1886255
	speed: 0.0113s/iter; left time: 7453.3517s
	iters: 13800, epoch: 2 | loss: 0.1675942
	speed: 0.0105s/iter; left time: 6913.4781s
	iters: 13900, epoch: 2 | loss: 0.2472466
	speed: 0.0103s/iter; left time: 6801.9253s
	iters: 14000, epoch: 2 | loss: 0.1707724
	speed: 0.0110s/iter; left time: 7223.2149s
	iters: 14100, epoch: 2 | loss: 0.1789915
	speed: 0.0104s/iter; left time: 6866.6741s
	iters: 14200, epoch: 2 | loss: 0.1889573
	speed: 0.0105s/iter; left time: 6919.9747s
	iters: 14300, epoch: 2 | loss: 0.1842812
	speed: 0.0104s/iter; left time: 6846.3530s
	iters: 14400, epoch: 2 | loss: 0.0860643
	speed: 0.0107s/iter; left time: 7060.5924s
	iters: 14500, epoch: 2 | loss: 0.1625876
	speed: 0.0108s/iter; left time: 7111.3142s
	iters: 14600, epoch: 2 | loss: 0.1244912
	speed: 0.0104s/iter; left time: 6837.4210s
	iters: 14700, epoch: 2 | loss: 0.1726782
	speed: 0.0104s/iter; left time: 6821.6142s
	iters: 14800, epoch: 2 | loss: 0.1514369
	speed: 0.0117s/iter; left time: 7709.8998s
	iters: 14900, epoch: 2 | loss: 0.2314351
	speed: 0.0104s/iter; left time: 6871.1982s
	iters: 15000, epoch: 2 | loss: 0.2149196
	speed: 0.0109s/iter; left time: 7194.9079s
	iters: 15100, epoch: 2 | loss: 0.1783033
	speed: 0.0104s/iter; left time: 6830.5726s
	iters: 15200, epoch: 2 | loss: 0.1300283
	speed: 0.0106s/iter; left time: 6959.6965s
	iters: 15300, epoch: 2 | loss: 0.1464464
	speed: 0.0105s/iter; left time: 6899.0684s
	iters: 15400, epoch: 2 | loss: 0.1161021
	speed: 0.0106s/iter; left time: 6987.0935s
	iters: 15500, epoch: 2 | loss: 0.1516549
	speed: 0.0105s/iter; left time: 6895.1581s
	iters: 15600, epoch: 2 | loss: 0.1463134
	speed: 0.0105s/iter; left time: 6877.1717s
	iters: 15700, epoch: 2 | loss: 0.1131833
	speed: 0.0105s/iter; left time: 6870.6612s
	iters: 15800, epoch: 2 | loss: 0.1781905
	speed: 0.0109s/iter; left time: 7164.5766s
	iters: 15900, epoch: 2 | loss: 0.2389106
	speed: 0.0137s/iter; left time: 8981.7796s
	iters: 16000, epoch: 2 | loss: 0.1211550
	speed: 0.0105s/iter; left time: 6915.2958s
	iters: 16100, epoch: 2 | loss: 0.2482691
	speed: 0.0106s/iter; left time: 6930.9364s
	iters: 16200, epoch: 2 | loss: 0.1478220
	speed: 0.0109s/iter; left time: 7178.4141s
	iters: 16300, epoch: 2 | loss: 0.1612589
	speed: 0.0106s/iter; left time: 6948.0605s
	iters: 16400, epoch: 2 | loss: 0.1828205
	speed: 0.0104s/iter; left time: 6851.1185s
	iters: 16500, epoch: 2 | loss: 0.1463735
	speed: 0.0107s/iter; left time: 7007.6041s
	iters: 16600, epoch: 2 | loss: 0.1508470
	speed: 0.0102s/iter; left time: 6688.2294s
	iters: 16700, epoch: 2 | loss: 0.1924901
	speed: 0.0104s/iter; left time: 6842.4196s
	iters: 16800, epoch: 2 | loss: 0.1308268
	speed: 0.0108s/iter; left time: 7053.7430s
	iters: 16900, epoch: 2 | loss: 0.1555945
	speed: 0.0110s/iter; left time: 7195.5267s
	iters: 17000, epoch: 2 | loss: 0.1611439
	speed: 0.0106s/iter; left time: 6941.4365s
	iters: 17100, epoch: 2 | loss: 0.2068471
	speed: 0.0107s/iter; left time: 6980.4510s
	iters: 17200, epoch: 2 | loss: 0.1667383
	speed: 0.0109s/iter; left time: 7171.2622s
	iters: 17300, epoch: 2 | loss: 0.2049299
	speed: 0.0106s/iter; left time: 6930.5552s
	iters: 17400, epoch: 2 | loss: 0.1495575
	speed: 0.0106s/iter; left time: 6916.7882s
	iters: 17500, epoch: 2 | loss: 0.1696582
	speed: 0.0109s/iter; left time: 7159.6493s
	iters: 17600, epoch: 2 | loss: 0.2246666
	speed: 0.0107s/iter; left time: 6980.1176s
	iters: 17700, epoch: 2 | loss: 0.2488270
	speed: 0.0105s/iter; left time: 6854.1269s
	iters: 17800, epoch: 2 | loss: 0.1369518
	speed: 0.0107s/iter; left time: 6988.8721s
	iters: 17900, epoch: 2 | loss: 0.1902514
	speed: 0.0105s/iter; left time: 6902.6224s
	iters: 18000, epoch: 2 | loss: 0.1987998
	speed: 0.0105s/iter; left time: 6874.6919s
	iters: 18100, epoch: 2 | loss: 0.1745744
	speed: 0.0104s/iter; left time: 6822.5671s
	iters: 18200, epoch: 2 | loss: 0.1589184
	speed: 0.0105s/iter; left time: 6838.8577s
	iters: 18300, epoch: 2 | loss: 0.1498500
	speed: 0.0104s/iter; left time: 6778.6087s
	iters: 18400, epoch: 2 | loss: 0.2114869
	speed: 0.0104s/iter; left time: 6783.9073s
	iters: 18500, epoch: 2 | loss: 0.1641907
	speed: 0.0109s/iter; left time: 7101.7952s
	iters: 18600, epoch: 2 | loss: 0.1390022
	speed: 0.0111s/iter; left time: 7230.7197s
	iters: 18700, epoch: 2 | loss: 0.1513727
	speed: 0.0122s/iter; left time: 7998.9054s
	iters: 18800, epoch: 2 | loss: 0.2013033
	speed: 0.0126s/iter; left time: 8233.3468s
	iters: 18900, epoch: 2 | loss: 0.1338273
	speed: 0.0108s/iter; left time: 7048.6448s
	iters: 19000, epoch: 2 | loss: 0.2636271
	speed: 0.0115s/iter; left time: 7496.1238s
	iters: 19100, epoch: 2 | loss: 0.1739152
	speed: 0.0117s/iter; left time: 7660.4020s
	iters: 19200, epoch: 2 | loss: 0.2037963
	speed: 0.0107s/iter; left time: 6974.9570s
	iters: 19300, epoch: 2 | loss: 0.1942623
	speed: 0.0109s/iter; left time: 7139.3902s
	iters: 19400, epoch: 2 | loss: 0.2377829
	speed: 0.0105s/iter; left time: 6880.8915s
	iters: 19500, epoch: 2 | loss: 0.1545025
	speed: 0.0107s/iter; left time: 6959.9777s
	iters: 19600, epoch: 2 | loss: 0.1469334
	speed: 0.0107s/iter; left time: 6977.6775s
	iters: 19700, epoch: 2 | loss: 0.1630373
	speed: 0.0108s/iter; left time: 7041.3388s
	iters: 19800, epoch: 2 | loss: 0.1696416
	speed: 0.0106s/iter; left time: 6910.1010s
	iters: 19900, epoch: 2 | loss: 0.1322407
	speed: 0.0106s/iter; left time: 6904.1862s
	iters: 20000, epoch: 2 | loss: 0.1370866
	speed: 0.0104s/iter; left time: 6814.7143s
	iters: 20100, epoch: 2 | loss: 0.1774961
	speed: 0.0110s/iter; left time: 7149.3401s
	iters: 20200, epoch: 2 | loss: 0.1923763
	speed: 0.0105s/iter; left time: 6835.3816s
	iters: 20300, epoch: 2 | loss: 0.1286965
	speed: 0.0116s/iter; left time: 7590.8421s
	iters: 20400, epoch: 2 | loss: 0.1959664
	speed: 0.0119s/iter; left time: 7733.0732s
	iters: 20500, epoch: 2 | loss: 0.1371669
	speed: 0.0114s/iter; left time: 7441.7744s
	iters: 20600, epoch: 2 | loss: 0.1494923
	speed: 0.0109s/iter; left time: 7090.5213s
	iters: 20700, epoch: 2 | loss: 0.1465388
	speed: 0.0106s/iter; left time: 6896.3272s
	iters: 20800, epoch: 2 | loss: 0.1825160
	speed: 0.0103s/iter; left time: 6691.4464s
	iters: 20900, epoch: 2 | loss: 0.1643434
	speed: 0.0111s/iter; left time: 7234.9492s
	iters: 21000, epoch: 2 | loss: 0.1648601
	speed: 0.0107s/iter; left time: 6978.8360s
	iters: 21100, epoch: 2 | loss: 0.1390325
	speed: 0.0108s/iter; left time: 7041.7985s
	iters: 21200, epoch: 2 | loss: 0.1859499
	speed: 0.0109s/iter; left time: 7104.9386s
	iters: 21300, epoch: 2 | loss: 0.1750320
	speed: 0.0110s/iter; left time: 7168.0605s
	iters: 21400, epoch: 2 | loss: 0.1133662
	speed: 0.0112s/iter; left time: 7320.6428s
	iters: 21500, epoch: 2 | loss: 0.1657931
	speed: 0.0132s/iter; left time: 8566.7599s
	iters: 21600, epoch: 2 | loss: 0.1967054
	speed: 0.0110s/iter; left time: 7183.0365s
	iters: 21700, epoch: 2 | loss: 0.2486390
	speed: 0.0104s/iter; left time: 6754.1496s
	iters: 21800, epoch: 2 | loss: 0.1242949
	speed: 0.0108s/iter; left time: 7005.8313s
	iters: 21900, epoch: 2 | loss: 0.1866549
	speed: 0.0107s/iter; left time: 6937.3311s
	iters: 22000, epoch: 2 | loss: 0.1603360
	speed: 0.0105s/iter; left time: 6826.3327s
	iters: 22100, epoch: 2 | loss: 0.1964248
	speed: 0.0106s/iter; left time: 6879.3718s
	iters: 22200, epoch: 2 | loss: 0.1131535
	speed: 0.0107s/iter; left time: 6946.5872s
	iters: 22300, epoch: 2 | loss: 0.1142027
	speed: 0.0106s/iter; left time: 6902.8382s
	iters: 22400, epoch: 2 | loss: 0.1387403
	speed: 0.0109s/iter; left time: 7110.3116s
	iters: 22500, epoch: 2 | loss: 0.1885801
	speed: 0.0110s/iter; left time: 7121.1138s
	iters: 22600, epoch: 2 | loss: 0.1061294
	speed: 0.0108s/iter; left time: 7041.6565s
	iters: 22700, epoch: 2 | loss: 0.1647835
	speed: 0.0110s/iter; left time: 7121.2776s
	iters: 22800, epoch: 2 | loss: 0.2562305
	speed: 0.0105s/iter; left time: 6832.8580s
	iters: 22900, epoch: 2 | loss: 0.1744091
	speed: 0.0108s/iter; left time: 7021.0843s
	iters: 23000, epoch: 2 | loss: 0.1576779
	speed: 0.0108s/iter; left time: 7017.8743s
	iters: 23100, epoch: 2 | loss: 0.1433989
	speed: 0.0107s/iter; left time: 6922.0631s
Epoch: 2 cost time: 262.82862281799316
Epoch: 2, Steps: 23190 | Train Loss: 0.1644668 Vali Loss: 0.1776681
EarlyStopping counter: 1 out of 5
Updating learning rate to 0.0005
	iters: 100, epoch: 3 | loss: 0.1932433
	speed: 0.0995s/iter; left time: 64601.0855s
	iters: 200, epoch: 3 | loss: 0.1759532
	speed: 0.0110s/iter; left time: 7158.5506s
	iters: 300, epoch: 3 | loss: 0.1796606
	speed: 0.0108s/iter; left time: 7034.0669s
	iters: 400, epoch: 3 | loss: 0.1857358
	speed: 0.0140s/iter; left time: 9103.7915s
	iters: 500, epoch: 3 | loss: 0.2789678
	speed: 0.0115s/iter; left time: 7462.7694s
	iters: 600, epoch: 3 | loss: 0.1571371
	speed: 0.0106s/iter; left time: 6876.3726s
	iters: 700, epoch: 3 | loss: 0.1632816
	speed: 0.0111s/iter; left time: 7203.2214s
	iters: 800, epoch: 3 | loss: 0.1515046
	speed: 0.0105s/iter; left time: 6794.0160s
	iters: 900, epoch: 3 | loss: 0.1573659
	speed: 0.0108s/iter; left time: 6998.1461s
	iters: 1000, epoch: 3 | loss: 0.2018830
	speed: 0.0108s/iter; left time: 6973.6771s
	iters: 1100, epoch: 3 | loss: 0.1324525
	speed: 0.0105s/iter; left time: 6820.2929s
	iters: 1200, epoch: 3 | loss: 0.1518542
	speed: 0.0106s/iter; left time: 6900.8356s
	iters: 1300, epoch: 3 | loss: 0.1843545
	speed: 0.0108s/iter; left time: 6994.0485s
	iters: 1400, epoch: 3 | loss: 0.1641544
	speed: 0.0109s/iter; left time: 7042.5561s
	iters: 1500, epoch: 3 | loss: 0.2086488
	speed: 0.0107s/iter; left time: 6952.3330s
	iters: 1600, epoch: 3 | loss: 0.1899206
	speed: 0.0107s/iter; left time: 6926.6593s
	iters: 1700, epoch: 3 | loss: 0.1320604
	speed: 0.0105s/iter; left time: 6804.6446s
	iters: 1800, epoch: 3 | loss: 0.1317728
	speed: 0.0104s/iter; left time: 6705.8290s
	iters: 1900, epoch: 3 | loss: 0.1457710
	speed: 0.0103s/iter; left time: 6687.6057s
	iters: 2000, epoch: 3 | loss: 0.2325953
	speed: 0.0106s/iter; left time: 6878.0804s
	iters: 2100, epoch: 3 | loss: 0.1910244
	speed: 0.0106s/iter; left time: 6851.4318s
	iters: 2200, epoch: 3 | loss: 0.1786175
	speed: 0.0106s/iter; left time: 6843.2822s
	iters: 2300, epoch: 3 | loss: 0.1518886
	speed: 0.0107s/iter; left time: 6898.9700s
	iters: 2400, epoch: 3 | loss: 0.1381372
	speed: 0.0105s/iter; left time: 6819.2130s
	iters: 2500, epoch: 3 | loss: 0.1394713
	speed: 0.0106s/iter; left time: 6881.3173s
	iters: 2600, epoch: 3 | loss: 0.2241453
	speed: 0.0108s/iter; left time: 6978.5852s
	iters: 2700, epoch: 3 | loss: 0.1325726
	speed: 0.0104s/iter; left time: 6696.8939s
	iters: 2800, epoch: 3 | loss: 0.1558485
	speed: 0.0105s/iter; left time: 6817.0883s
	iters: 2900, epoch: 3 | loss: 0.1727925
	speed: 0.0103s/iter; left time: 6658.9622s
	iters: 3000, epoch: 3 | loss: 0.1866105
	speed: 0.0110s/iter; left time: 7115.1780s
	iters: 3100, epoch: 3 | loss: 0.1805286
	speed: 0.0104s/iter; left time: 6698.2746s
	iters: 3200, epoch: 3 | loss: 0.1785160
	speed: 0.0105s/iter; left time: 6810.7032s
	iters: 3300, epoch: 3 | loss: 0.1759723
	speed: 0.0131s/iter; left time: 8477.7056s
	iters: 3400, epoch: 3 | loss: 0.1789897
	speed: 0.0108s/iter; left time: 7003.2504s
	iters: 3500, epoch: 3 | loss: 0.1394702
	speed: 0.0111s/iter; left time: 7177.0795s
	iters: 3600, epoch: 3 | loss: 0.2047545
	speed: 0.0107s/iter; left time: 6915.8280s
	iters: 3700, epoch: 3 | loss: 0.1967603
	speed: 0.0104s/iter; left time: 6738.5387s
	iters: 3800, epoch: 3 | loss: 0.2157247
	speed: 0.0107s/iter; left time: 6917.1288s
	iters: 3900, epoch: 3 | loss: 0.1756982
	speed: 0.0105s/iter; left time: 6807.7086s
	iters: 4000, epoch: 3 | loss: 0.1733014
	speed: 0.0105s/iter; left time: 6798.1855s
	iters: 4100, epoch: 3 | loss: 0.2225558
	speed: 0.0115s/iter; left time: 7408.8616s
	iters: 4200, epoch: 3 | loss: 0.1713596
	speed: 0.0117s/iter; left time: 7538.1862s
	iters: 4300, epoch: 3 | loss: 0.2033227
	speed: 0.0111s/iter; left time: 7171.2309s
	iters: 4400, epoch: 3 | loss: 0.1418839
	speed: 0.0107s/iter; left time: 6901.3508s
	iters: 4500, epoch: 3 | loss: 0.1400944
	speed: 0.0111s/iter; left time: 7157.1435s
	iters: 4600, epoch: 3 | loss: 0.1720495
	speed: 0.0106s/iter; left time: 6843.9199s
	iters: 4700, epoch: 3 | loss: 0.2753850
	speed: 0.0105s/iter; left time: 6795.2653s
	iters: 4800, epoch: 3 | loss: 0.2237542
	speed: 0.0105s/iter; left time: 6764.7918s
	iters: 4900, epoch: 3 | loss: 0.2156710
	speed: 0.0107s/iter; left time: 6893.9215s
	iters: 5000, epoch: 3 | loss: 0.1011737
	speed: 0.0104s/iter; left time: 6719.6903s
	iters: 5100, epoch: 3 | loss: 0.1578797
	speed: 0.0105s/iter; left time: 6748.6121s
	iters: 5200, epoch: 3 | loss: 0.2130267
	speed: 0.0105s/iter; left time: 6750.2444s
	iters: 5300, epoch: 3 | loss: 0.1664977
	speed: 0.0105s/iter; left time: 6749.1303s
	iters: 5400, epoch: 3 | loss: 0.1681513
	speed: 0.0106s/iter; left time: 6851.1729s
	iters: 5500, epoch: 3 | loss: 0.2161750
	speed: 0.0104s/iter; left time: 6727.3021s
	iters: 5600, epoch: 3 | loss: 0.1665927
	speed: 0.0103s/iter; left time: 6606.1308s
	iters: 5700, epoch: 3 | loss: 0.1866990
	speed: 0.0110s/iter; left time: 7072.8039s
	iters: 5800, epoch: 3 | loss: 0.1594529
	speed: 0.0106s/iter; left time: 6838.9204s
	iters: 5900, epoch: 3 | loss: 0.1533927
	speed: 0.0106s/iter; left time: 6821.9221s
	iters: 6000, epoch: 3 | loss: 0.1569233
	speed: 0.0105s/iter; left time: 6772.7052s
	iters: 6100, epoch: 3 | loss: 0.1645437
	speed: 0.0137s/iter; left time: 8827.3874s
	iters: 6200, epoch: 3 | loss: 0.2018363
	speed: 0.0108s/iter; left time: 6973.0270s
	iters: 6300, epoch: 3 | loss: 0.3506046
	speed: 0.0113s/iter; left time: 7237.7101s
	iters: 6400, epoch: 3 | loss: 0.1777983
	speed: 0.0116s/iter; left time: 7445.4375s
	iters: 6500, epoch: 3 | loss: 0.1458624
	speed: 0.0125s/iter; left time: 8036.7062s
	iters: 6600, epoch: 3 | loss: 0.2633375
	speed: 0.0113s/iter; left time: 7246.9647s
	iters: 6700, epoch: 3 | loss: 0.1183561
	speed: 0.0114s/iter; left time: 7336.4257s
	iters: 6800, epoch: 3 | loss: 0.1950336
	speed: 0.0109s/iter; left time: 6987.9144s
	iters: 6900, epoch: 3 | loss: 0.1581332
	speed: 0.0109s/iter; left time: 6999.0585s
	iters: 7000, epoch: 3 | loss: 0.1690015
	speed: 0.0108s/iter; left time: 6959.8675s
	iters: 7100, epoch: 3 | loss: 0.2152049
	speed: 0.0108s/iter; left time: 6949.3642s
	iters: 7200, epoch: 3 | loss: 0.2748355
	speed: 0.0107s/iter; left time: 6866.5485s
	iters: 7300, epoch: 3 | loss: 0.1236600
	speed: 0.0107s/iter; left time: 6871.3968s
	iters: 7400, epoch: 3 | loss: 0.2344261
	speed: 0.0108s/iter; left time: 6906.9305s
	iters: 7500, epoch: 3 | loss: 0.2000976
	speed: 0.0106s/iter; left time: 6794.2938s
	iters: 7600, epoch: 3 | loss: 0.1804668
	speed: 0.0105s/iter; left time: 6742.3480s
	iters: 7700, epoch: 3 | loss: 0.1538665
	speed: 0.0108s/iter; left time: 6924.8620s
	iters: 7800, epoch: 3 | loss: 0.2316716
	speed: 0.0109s/iter; left time: 6996.8243s
	iters: 7900, epoch: 3 | loss: 0.1446192
	speed: 0.0109s/iter; left time: 6994.8222s
	iters: 8000, epoch: 3 | loss: 0.2856278
	speed: 0.0105s/iter; left time: 6747.2844s
	iters: 8100, epoch: 3 | loss: 0.2278105
	speed: 0.0105s/iter; left time: 6755.5655s
	iters: 8200, epoch: 3 | loss: 0.2416725
	speed: 0.0107s/iter; left time: 6869.4117s
	iters: 8300, epoch: 3 | loss: 0.2175374
	speed: 0.0106s/iter; left time: 6800.8973s
	iters: 8400, epoch: 3 | loss: 0.1946455
	speed: 0.0105s/iter; left time: 6730.3166s
	iters: 8500, epoch: 3 | loss: 0.1735993
	speed: 0.0110s/iter; left time: 7023.4345s
	iters: 8600, epoch: 3 | loss: 0.2233448
	speed: 0.0107s/iter; left time: 6827.3468s
	iters: 8700, epoch: 3 | loss: 0.1571419
	speed: 0.0105s/iter; left time: 6723.1753s
	iters: 8800, epoch: 3 | loss: 0.2095374
	speed: 0.0105s/iter; left time: 6714.2016s
	iters: 8900, epoch: 3 | loss: 0.2468453
	speed: 0.0131s/iter; left time: 8408.7336s
	iters: 9000, epoch: 3 | loss: 0.2756345
	speed: 0.0106s/iter; left time: 6809.1813s
	iters: 9100, epoch: 3 | loss: 0.1060929
	speed: 0.0111s/iter; left time: 7123.0841s
	iters: 9200, epoch: 3 | loss: 0.1863793
	speed: 0.0108s/iter; left time: 6902.8750s
	iters: 9300, epoch: 3 | loss: 0.1422673
	speed: 0.0104s/iter; left time: 6625.8949s
	iters: 9400, epoch: 3 | loss: 0.1652174
	speed: 0.0105s/iter; left time: 6743.4027s
	iters: 9500, epoch: 3 | loss: 0.1865655
	speed: 0.0104s/iter; left time: 6679.4851s
	iters: 9600, epoch: 3 | loss: 0.1806917
	speed: 0.0105s/iter; left time: 6709.0216s
	iters: 9700, epoch: 3 | loss: 0.1351673
	speed: 0.0107s/iter; left time: 6828.7159s
	iters: 9800, epoch: 3 | loss: 0.1715596
	speed: 0.0111s/iter; left time: 7120.8613s
	iters: 9900, epoch: 3 | loss: 0.1780806
	speed: 0.0108s/iter; left time: 6888.5347s
	iters: 10000, epoch: 3 | loss: 0.2525461
	speed: 0.0108s/iter; left time: 6890.3688s
	iters: 10100, epoch: 3 | loss: 0.2120638
	speed: 0.0106s/iter; left time: 6801.0166s
	iters: 10200, epoch: 3 | loss: 0.1823607
	speed: 0.0111s/iter; left time: 7062.6041s
	iters: 10300, epoch: 3 | loss: 0.1968934
	speed: 0.0106s/iter; left time: 6770.3786s
	iters: 10400, epoch: 3 | loss: 0.1545039
	speed: 0.0105s/iter; left time: 6715.6576s
	iters: 10500, epoch: 3 | loss: 0.1655353
	speed: 0.0107s/iter; left time: 6820.3744s
	iters: 10600, epoch: 3 | loss: 0.1962443
	speed: 0.0105s/iter; left time: 6730.9751s
	iters: 10700, epoch: 3 | loss: 0.2303934
	speed: 0.0105s/iter; left time: 6722.5154s
	iters: 10800, epoch: 3 | loss: 0.1612410
	speed: 0.0108s/iter; left time: 6874.6418s
	iters: 10900, epoch: 3 | loss: 0.1570140
	speed: 0.0106s/iter; left time: 6793.6313s
	iters: 11000, epoch: 3 | loss: 0.2404169
	speed: 0.0107s/iter; left time: 6856.3140s
	iters: 11100, epoch: 3 | loss: 0.1985314
	speed: 0.0104s/iter; left time: 6616.9241s
	iters: 11200, epoch: 3 | loss: 0.2243041
	speed: 0.0106s/iter; left time: 6732.5452s
	iters: 11300, epoch: 3 | loss: 0.1401365
	speed: 0.0113s/iter; left time: 7224.1545s
	iters: 11400, epoch: 3 | loss: 0.2084848
	speed: 0.0106s/iter; left time: 6773.6931s
	iters: 11500, epoch: 3 | loss: 0.1647765
	speed: 0.0106s/iter; left time: 6772.1006s
	iters: 11600, epoch: 3 | loss: 0.1785827
	speed: 0.0104s/iter; left time: 6660.0159s
	iters: 11700, epoch: 3 | loss: 0.1849922
	speed: 0.0123s/iter; left time: 7868.3220s
	iters: 11800, epoch: 3 | loss: 0.1977807
	speed: 0.0115s/iter; left time: 7359.5522s
	iters: 11900, epoch: 3 | loss: 0.1790742
	speed: 0.0107s/iter; left time: 6790.6388s
	iters: 12000, epoch: 3 | loss: 0.1746361
	speed: 0.0109s/iter; left time: 6933.4663s
	iters: 12100, epoch: 3 | loss: 0.1421354
	speed: 0.0104s/iter; left time: 6615.6232s
	iters: 12200, epoch: 3 | loss: 0.2493322
	speed: 0.0105s/iter; left time: 6703.4125s
	iters: 12300, epoch: 3 | loss: 0.2085328
	speed: 0.0104s/iter; left time: 6627.5105s
	iters: 12400, epoch: 3 | loss: 0.2015461
	speed: 0.0104s/iter; left time: 6631.0105s
	iters: 12500, epoch: 3 | loss: 0.1899953
	speed: 0.0108s/iter; left time: 6884.5427s
	iters: 12600, epoch: 3 | loss: 0.2041799
	speed: 0.0105s/iter; left time: 6693.1757s
	iters: 12700, epoch: 3 | loss: 0.1772672
	speed: 0.0107s/iter; left time: 6809.1684s
	iters: 12800, epoch: 3 | loss: 0.1607785
	speed: 0.0105s/iter; left time: 6684.0484s
	iters: 12900, epoch: 3 | loss: 0.1819885
	speed: 0.0106s/iter; left time: 6733.5001s
	iters: 13000, epoch: 3 | loss: 0.1662881
	speed: 0.0105s/iter; left time: 6698.1570s
	iters: 13100, epoch: 3 | loss: 0.2284160
	speed: 0.0105s/iter; left time: 6696.4733s
	iters: 13200, epoch: 3 | loss: 0.1881693
	speed: 0.0105s/iter; left time: 6706.4710s
	iters: 13300, epoch: 3 | loss: 0.1221361
	speed: 0.0109s/iter; left time: 6924.0683s
	iters: 13400, epoch: 3 | loss: 0.1886408
	speed: 0.0109s/iter; left time: 6935.8594s
	iters: 13500, epoch: 3 | loss: 0.1766562
	speed: 0.0106s/iter; left time: 6729.8973s
	iters: 13600, epoch: 3 | loss: 0.1903045
	speed: 0.0116s/iter; left time: 7381.5000s
	iters: 13700, epoch: 3 | loss: 0.2584900
	speed: 0.0107s/iter; left time: 6787.0386s
	iters: 13800, epoch: 3 | loss: 0.2143218
	speed: 0.0118s/iter; left time: 7480.3476s
	iters: 13900, epoch: 3 | loss: 0.2076335
	speed: 0.0107s/iter; left time: 6794.3503s
	iters: 14000, epoch: 3 | loss: 0.1534075
	speed: 0.0115s/iter; left time: 7312.5130s
	iters: 14100, epoch: 3 | loss: 0.1996775
	speed: 0.0108s/iter; left time: 6875.2540s
	iters: 14200, epoch: 3 | loss: 0.2096178
	speed: 0.0107s/iter; left time: 6801.6484s
	iters: 14300, epoch: 3 | loss: 0.1569147
	speed: 0.0106s/iter; left time: 6704.7922s
	iters: 14400, epoch: 3 | loss: 0.1799084
	speed: 0.0107s/iter; left time: 6778.1805s
	iters: 14500, epoch: 3 | loss: 0.1969808
	speed: 0.0113s/iter; left time: 7174.4088s
	iters: 14600, epoch: 3 | loss: 0.1794737
	speed: 0.0141s/iter; left time: 8931.2906s
	iters: 14700, epoch: 3 | loss: 0.1542495
	speed: 0.0117s/iter; left time: 7420.8523s
	iters: 14800, epoch: 3 | loss: 0.1546912
	speed: 0.0115s/iter; left time: 7325.5586s
	iters: 14900, epoch: 3 | loss: 0.1442899
	speed: 0.0109s/iter; left time: 6896.9058s
	iters: 15000, epoch: 3 | loss: 0.1065434
	speed: 0.0107s/iter; left time: 6796.3280s
	iters: 15100, epoch: 3 | loss: 0.2534705
	speed: 0.0107s/iter; left time: 6793.8488s
	iters: 15200, epoch: 3 | loss: 0.1280380
	speed: 0.0105s/iter; left time: 6639.4037s
	iters: 15300, epoch: 3 | loss: 0.2009882
	speed: 0.0108s/iter; left time: 6831.5165s
	iters: 15400, epoch: 3 | loss: 0.1973378
	speed: 0.0107s/iter; left time: 6793.8907s
	iters: 15500, epoch: 3 | loss: 0.2305372
	speed: 0.0109s/iter; left time: 6914.6914s
	iters: 15600, epoch: 3 | loss: 0.1954343
	speed: 0.0105s/iter; left time: 6649.9424s
	iters: 15700, epoch: 3 | loss: 0.1525344
	speed: 0.0114s/iter; left time: 7204.6807s
	iters: 15800, epoch: 3 | loss: 0.1751323
	speed: 0.0108s/iter; left time: 6825.1926s
	iters: 15900, epoch: 3 | loss: 0.1953131
	speed: 0.0106s/iter; left time: 6711.8792s
	iters: 16000, epoch: 3 | loss: 0.1369638
	speed: 0.0105s/iter; left time: 6661.6312s
	iters: 16100, epoch: 3 | loss: 0.2375258
	speed: 0.0109s/iter; left time: 6885.4109s
	iters: 16200, epoch: 3 | loss: 0.2347926
	speed: 0.0109s/iter; left time: 6907.0804s
	iters: 16300, epoch: 3 | loss: 0.2092570
	speed: 0.0108s/iter; left time: 6815.0744s
	iters: 16400, epoch: 3 | loss: 0.2049476
	speed: 0.0111s/iter; left time: 6996.0407s
	iters: 16500, epoch: 3 | loss: 0.1645494
	speed: 0.0108s/iter; left time: 6827.2574s
	iters: 16600, epoch: 3 | loss: 0.1905569
	speed: 0.0110s/iter; left time: 6970.4659s
	iters: 16700, epoch: 3 | loss: 0.3038382
	speed: 0.0108s/iter; left time: 6818.2189s
	iters: 16800, epoch: 3 | loss: 0.1953309
	speed: 0.0113s/iter; left time: 7174.5183s
	iters: 16900, epoch: 3 | loss: 0.1933722
	speed: 0.0110s/iter; left time: 6949.3673s
	iters: 17000, epoch: 3 | loss: 0.2454890
	speed: 0.0107s/iter; left time: 6739.4051s
	iters: 17100, epoch: 3 | loss: 0.2100660
	speed: 0.0105s/iter; left time: 6646.5216s
	iters: 17200, epoch: 3 | loss: 0.2618717
	speed: 0.0106s/iter; left time: 6700.7837s
	iters: 17300, epoch: 3 | loss: 0.2166401
	speed: 0.0106s/iter; left time: 6721.0848s
	iters: 17400, epoch: 3 | loss: 0.1919017
	speed: 0.0140s/iter; left time: 8837.3863s
	iters: 17500, epoch: 3 | loss: 0.2027224
	speed: 0.0109s/iter; left time: 6897.8796s
	iters: 17600, epoch: 3 | loss: 0.1584417
	speed: 0.0108s/iter; left time: 6844.5549s
	iters: 17700, epoch: 3 | loss: 0.2043775
	speed: 0.0108s/iter; left time: 6812.3550s
	iters: 17800, epoch: 3 | loss: 0.1563533
	speed: 0.0108s/iter; left time: 6839.6115s
	iters: 17900, epoch: 3 | loss: 0.1962536
	speed: 0.0109s/iter; left time: 6898.9110s
	iters: 18000, epoch: 3 | loss: 0.1772513
	speed: 0.0107s/iter; left time: 6736.7304s
	iters: 18100, epoch: 3 | loss: 0.1736126
	speed: 0.0110s/iter; left time: 6942.3423s
	iters: 18200, epoch: 3 | loss: 0.1967174
	speed: 0.0107s/iter; left time: 6782.2052s
	iters: 18300, epoch: 3 | loss: 0.1732522
	speed: 0.0117s/iter; left time: 7386.5058s
	iters: 18400, epoch: 3 | loss: 0.2296591
	speed: 0.0108s/iter; left time: 6829.5362s
	iters: 18500, epoch: 3 | loss: 0.1687984
	speed: 0.0107s/iter; left time: 6773.2391s
	iters: 18600, epoch: 3 | loss: 0.1757799
	speed: 0.0106s/iter; left time: 6671.9701s
	iters: 18700, epoch: 3 | loss: 0.2158239
	speed: 0.0105s/iter; left time: 6606.3166s
	iters: 18800, epoch: 3 | loss: 0.2263291
	speed: 0.0105s/iter; left time: 6630.3031s
	iters: 18900, epoch: 3 | loss: 0.2219114
	speed: 0.0106s/iter; left time: 6664.2319s
	iters: 19000, epoch: 3 | loss: 0.1693938
	speed: 0.0106s/iter; left time: 6668.0844s
	iters: 19100, epoch: 3 | loss: 0.1654168
	speed: 0.0106s/iter; left time: 6682.2775s
	iters: 19200, epoch: 3 | loss: 0.2428900
	speed: 0.0108s/iter; left time: 6828.0170s
	iters: 19300, epoch: 3 | loss: 0.1972632
	speed: 0.0106s/iter; left time: 6656.1986s
	iters: 19400, epoch: 3 | loss: 0.1534297
	speed: 0.0108s/iter; left time: 6797.7006s
	iters: 19500, epoch: 3 | loss: 0.1126783
	speed: 0.0110s/iter; left time: 6938.8315s
	iters: 19600, epoch: 3 | loss: 0.1596659
	speed: 0.0107s/iter; left time: 6741.0966s
	iters: 19700, epoch: 3 | loss: 0.1451474
	speed: 0.0114s/iter; left time: 7150.7722s
	iters: 19800, epoch: 3 | loss: 0.1919485
	speed: 0.0108s/iter; left time: 6819.5522s
	iters: 19900, epoch: 3 | loss: 0.2624227
	speed: 0.0105s/iter; left time: 6593.8536s
	iters: 20000, epoch: 3 | loss: 0.2532110
	speed: 0.0104s/iter; left time: 6570.9284s
	iters: 20100, epoch: 3 | loss: 0.1794027
	speed: 0.0110s/iter; left time: 6943.6121s
	iters: 20200, epoch: 3 | loss: 0.2238281
	speed: 0.0134s/iter; left time: 8456.9858s
	iters: 20300, epoch: 3 | loss: 0.2063064
	speed: 0.0110s/iter; left time: 6914.4583s
	iters: 20400, epoch: 3 | loss: 0.1397980
	speed: 0.0107s/iter; left time: 6707.8530s
	iters: 20500, epoch: 3 | loss: 0.2019285
	speed: 0.0105s/iter; left time: 6574.7346s
	iters: 20600, epoch: 3 | loss: 0.1796189
	speed: 0.0106s/iter; left time: 6687.6241s
	iters: 20700, epoch: 3 | loss: 0.1669364
	speed: 0.0109s/iter; left time: 6875.8554s
	iters: 20800, epoch: 3 | loss: 0.1628857
	speed: 0.0109s/iter; left time: 6836.5796s
	iters: 20900, epoch: 3 | loss: 0.2127751
	speed: 0.0110s/iter; left time: 6916.6548s
	iters: 21000, epoch: 3 | loss: 0.1314483
	speed: 0.0107s/iter; left time: 6707.8637s
	iters: 21100, epoch: 3 | loss: 0.2879642
	speed: 0.0109s/iter; left time: 6838.6111s
	iters: 21200, epoch: 3 | loss: 0.1921172
	speed: 0.0107s/iter; left time: 6703.3249s
	iters: 21300, epoch: 3 | loss: 0.1741447
	speed: 0.0107s/iter; left time: 6698.1296s
	iters: 21400, epoch: 3 | loss: 0.1510826
	speed: 0.0106s/iter; left time: 6651.0683s
	iters: 21500, epoch: 3 | loss: 0.1811910
	speed: 0.0106s/iter; left time: 6663.7890s
	iters: 21600, epoch: 3 | loss: 0.1369173
	speed: 0.0107s/iter; left time: 6705.6981s
	iters: 21700, epoch: 3 | loss: 0.2143843
	speed: 0.0108s/iter; left time: 6790.8848s
	iters: 21800, epoch: 3 | loss: 0.1743102
	speed: 0.0108s/iter; left time: 6771.7266s
	iters: 21900, epoch: 3 | loss: 0.1618048
	speed: 0.0107s/iter; left time: 6704.2210s
	iters: 22000, epoch: 3 | loss: 0.2180835
	speed: 0.0105s/iter; left time: 6567.0558s
	iters: 22100, epoch: 3 | loss: 0.1877212
	speed: 0.0105s/iter; left time: 6599.0830s
	iters: 22200, epoch: 3 | loss: 0.1640655
	speed: 0.0107s/iter; left time: 6738.5936s
	iters: 22300, epoch: 3 | loss: 0.1363301
	speed: 0.0113s/iter; left time: 7093.6962s
	iters: 22400, epoch: 3 | loss: 0.1697927
	speed: 0.0105s/iter; left time: 6589.3874s
	iters: 22500, epoch: 3 | loss: 0.2274269
	speed: 0.0110s/iter; left time: 6869.6291s
	iters: 22600, epoch: 3 | loss: 0.2416063
	speed: 0.0108s/iter; left time: 6744.3292s
	iters: 22700, epoch: 3 | loss: 0.1552578
	speed: 0.0106s/iter; left time: 6649.5745s
	iters: 22800, epoch: 3 | loss: 0.2473496
	speed: 0.0107s/iter; left time: 6723.0943s
	iters: 22900, epoch: 3 | loss: 0.1815529
	speed: 0.0107s/iter; left time: 6716.8642s
	iters: 23000, epoch: 3 | loss: 0.2226877
	speed: 0.0133s/iter; left time: 8343.5500s
	iters: 23100, epoch: 3 | loss: 0.1960771
	speed: 0.0113s/iter; left time: 7060.8452s
Epoch: 3 cost time: 252.10302758216858
Epoch: 3, Steps: 23190 | Train Loss: 0.1873192 Vali Loss: 0.1909151
EarlyStopping counter: 2 out of 5
Updating learning rate to 0.0005
	iters: 100, epoch: 4 | loss: 0.1423403
	speed: 0.1001s/iter; left time: 62658.9730s
	iters: 200, epoch: 4 | loss: 0.2055948
	speed: 0.0105s/iter; left time: 6592.6247s
	iters: 300, epoch: 4 | loss: 0.1095766
	speed: 0.0106s/iter; left time: 6643.3994s
	iters: 400, epoch: 4 | loss: 0.1281983
	speed: 0.0112s/iter; left time: 6977.5512s
	iters: 500, epoch: 4 | loss: 0.1833443
	speed: 0.0104s/iter; left time: 6495.5928s
	iters: 600, epoch: 4 | loss: 0.2027219
	speed: 0.0104s/iter; left time: 6509.5593s
	iters: 700, epoch: 4 | loss: 0.1758308
	speed: 0.0117s/iter; left time: 7311.2237s
	iters: 800, epoch: 4 | loss: 0.1623684
	speed: 0.0181s/iter; left time: 11298.1667s
	iters: 900, epoch: 4 | loss: 0.1603337
	speed: 0.0180s/iter; left time: 11229.7063s
	iters: 1000, epoch: 4 | loss: 0.1877196
	speed: 0.0147s/iter; left time: 9167.6433s
	iters: 1100, epoch: 4 | loss: 0.1849140
	speed: 0.0144s/iter; left time: 9008.1406s
	iters: 1200, epoch: 4 | loss: 0.2235285
	speed: 0.0144s/iter; left time: 9011.3197s
	iters: 1300, epoch: 4 | loss: 0.1950148
	speed: 0.0131s/iter; left time: 8158.2430s
	iters: 1400, epoch: 4 | loss: 0.1995901
	speed: 0.0143s/iter; left time: 8935.9475s
	iters: 1500, epoch: 4 | loss: 0.2160974
	speed: 0.0142s/iter; left time: 8852.5734s
	iters: 1600, epoch: 4 | loss: 0.2021665
	speed: 0.0155s/iter; left time: 9692.3760s
	iters: 1700, epoch: 4 | loss: 0.2696013
	speed: 0.0129s/iter; left time: 8065.2907s
	iters: 1800, epoch: 4 | loss: 0.2377346
	speed: 0.0125s/iter; left time: 7828.0461s
	iters: 1900, epoch: 4 | loss: 0.2794387
	speed: 0.0125s/iter; left time: 7812.3113s
	iters: 2000, epoch: 4 | loss: 0.2237847
	speed: 0.0123s/iter; left time: 7663.9220s
	iters: 2100, epoch: 4 | loss: 0.2274280
	speed: 0.0123s/iter; left time: 7692.0246s
	iters: 2200, epoch: 4 | loss: 0.2721279
	speed: 0.0124s/iter; left time: 7741.8929s
	iters: 2300, epoch: 4 | loss: 0.2534191
	speed: 0.0126s/iter; left time: 7864.1108s
	iters: 2400, epoch: 4 | loss: 0.2134951
	speed: 0.0124s/iter; left time: 7753.7914s
	iters: 2500, epoch: 4 | loss: 0.1967583
	speed: 0.0124s/iter; left time: 7734.0861s
	iters: 2600, epoch: 4 | loss: 0.2105925
	speed: 0.0130s/iter; left time: 8110.8457s
	iters: 2700, epoch: 4 | loss: 0.1634143
	speed: 0.0124s/iter; left time: 7743.2916s
	iters: 2800, epoch: 4 | loss: 0.2684655
	speed: 0.0128s/iter; left time: 7960.4731s
	iters: 2900, epoch: 4 | loss: 0.2609488
	speed: 0.0135s/iter; left time: 8430.2020s
	iters: 3000, epoch: 4 | loss: 0.2318910
	speed: 0.0137s/iter; left time: 8520.1135s
	iters: 3100, epoch: 4 | loss: 0.2276317
	speed: 0.0132s/iter; left time: 8217.3987s
	iters: 3200, epoch: 4 | loss: 0.2517456
	speed: 0.0138s/iter; left time: 8618.1901s
	iters: 3300, epoch: 4 | loss: 0.1749180
	speed: 0.0130s/iter; left time: 8083.6045s
	iters: 3400, epoch: 4 | loss: 0.1978110
	speed: 0.0125s/iter; left time: 7783.5139s
	iters: 3500, epoch: 4 | loss: 0.2961934
	speed: 0.0129s/iter; left time: 8054.7411s
	iters: 3600, epoch: 4 | loss: 0.2342958
	speed: 0.0134s/iter; left time: 8354.3468s
	iters: 3700, epoch: 4 | loss: 0.2539502
	speed: 0.0134s/iter; left time: 8356.9314s
	iters: 3800, epoch: 4 | loss: 0.1844221
	speed: 0.0128s/iter; left time: 7987.9638s
	iters: 3900, epoch: 4 | loss: 0.2223236
	speed: 0.0142s/iter; left time: 8864.5706s
	iters: 4000, epoch: 4 | loss: 0.2266760
	speed: 0.0146s/iter; left time: 9080.5141s
	iters: 4100, epoch: 4 | loss: 0.1879372
	speed: 0.0116s/iter; left time: 7210.1990s
	iters: 4200, epoch: 4 | loss: 0.2290109
	speed: 0.0119s/iter; left time: 7432.0736s
	iters: 4300, epoch: 4 | loss: 0.1586511
	speed: 0.0119s/iter; left time: 7412.6001s
	iters: 4400, epoch: 4 | loss: 0.2812484
	speed: 0.0123s/iter; left time: 7669.0608s
	iters: 4500, epoch: 4 | loss: 0.1762805
	speed: 0.0130s/iter; left time: 8109.7536s
	iters: 4600, epoch: 4 | loss: 0.2157775
	speed: 0.0115s/iter; left time: 7136.5244s
	iters: 4700, epoch: 4 | loss: 0.2814288
	speed: 0.0122s/iter; left time: 7602.9476s
	iters: 4800, epoch: 4 | loss: 0.1861917
	speed: 0.0124s/iter; left time: 7719.4470s
	iters: 4900, epoch: 4 | loss: 0.2169348
	speed: 0.0120s/iter; left time: 7442.5234s
	iters: 5000, epoch: 4 | loss: 0.2657557
	speed: 0.0124s/iter; left time: 7689.9034s
	iters: 5100, epoch: 4 | loss: 0.2279857
	speed: 0.0128s/iter; left time: 7931.5976s
	iters: 5200, epoch: 4 | loss: 0.2057593
	speed: 0.0127s/iter; left time: 7914.7494s
	iters: 5300, epoch: 4 | loss: 0.1984747
	speed: 0.0130s/iter; left time: 8071.5161s
	iters: 5400, epoch: 4 | loss: 0.1914464
	speed: 0.0128s/iter; left time: 7925.7104s
	iters: 5500, epoch: 4 | loss: 0.2529343
	speed: 0.0129s/iter; left time: 8020.9219s
	iters: 5600, epoch: 4 | loss: 0.1560765
	speed: 0.0133s/iter; left time: 8262.1709s
	iters: 5700, epoch: 4 | loss: 0.1964558
	speed: 0.0124s/iter; left time: 7705.3350s
	iters: 5800, epoch: 4 | loss: 0.2206672
	speed: 0.0132s/iter; left time: 8212.7454s
	iters: 5900, epoch: 4 | loss: 0.2290132
	speed: 0.0126s/iter; left time: 7836.4795s
	iters: 6000, epoch: 4 | loss: 0.2076365
	speed: 0.0130s/iter; left time: 8070.6314s
	iters: 6100, epoch: 4 | loss: 0.2022284
	speed: 0.0131s/iter; left time: 8138.4686s
	iters: 6200, epoch: 4 | loss: 0.2074383
	speed: 0.0117s/iter; left time: 7223.5838s
	iters: 6300, epoch: 4 | loss: 0.1781705
	speed: 0.0140s/iter; left time: 8656.9751s
	iters: 6400, epoch: 4 | loss: 0.2636760
	speed: 0.0132s/iter; left time: 8190.2198s
	iters: 6500, epoch: 4 | loss: 0.2125681
	speed: 0.0107s/iter; left time: 6644.7210s
	iters: 6600, epoch: 4 | loss: 0.2296923
	speed: 0.0116s/iter; left time: 7159.0983s
	iters: 6700, epoch: 4 | loss: 0.1605682
	speed: 0.0108s/iter; left time: 6720.2034s
	iters: 6800, epoch: 4 | loss: 0.2295735
	speed: 0.0106s/iter; left time: 6582.3631s
	iters: 6900, epoch: 4 | loss: 0.2148984
	speed: 0.0110s/iter; left time: 6842.4687s
	iters: 7000, epoch: 4 | loss: 0.2296335
	speed: 0.0110s/iter; left time: 6833.4753s
	iters: 7100, epoch: 4 | loss: 0.2168702
	speed: 0.0109s/iter; left time: 6717.1581s
	iters: 7200, epoch: 4 | loss: 0.2518133
	speed: 0.0108s/iter; left time: 6686.4376s
	iters: 7300, epoch: 4 | loss: 0.2184016
	speed: 0.0106s/iter; left time: 6551.2678s
	iters: 7400, epoch: 4 | loss: 0.2847799
	speed: 0.0107s/iter; left time: 6626.5359s
	iters: 7500, epoch: 4 | loss: 0.2573048
	speed: 0.0107s/iter; left time: 6615.2407s
	iters: 7600, epoch: 4 | loss: 0.1889767
	speed: 0.0107s/iter; left time: 6625.2241s
	iters: 7700, epoch: 4 | loss: 0.2320628
	speed: 0.0107s/iter; left time: 6616.3030s
	iters: 7800, epoch: 4 | loss: 0.2028066
	speed: 0.0109s/iter; left time: 6713.7226s
	iters: 7900, epoch: 4 | loss: 0.1749850
	speed: 0.0106s/iter; left time: 6555.6685s
	iters: 8000, epoch: 4 | loss: 0.1836479
	speed: 0.0106s/iter; left time: 6570.7323s
	iters: 8100, epoch: 4 | loss: 0.2473738
	speed: 0.0109s/iter; left time: 6714.6839s
	iters: 8200, epoch: 4 | loss: 0.2228535
	speed: 0.0115s/iter; left time: 7084.0345s
	iters: 8300, epoch: 4 | loss: 0.1907445
	speed: 0.0111s/iter; left time: 6827.5998s
	iters: 8400, epoch: 4 | loss: 0.2676593
	speed: 0.0107s/iter; left time: 6604.0997s
	iters: 8500, epoch: 4 | loss: 0.2555441
	speed: 0.0113s/iter; left time: 6974.9444s
	iters: 8600, epoch: 4 | loss: 0.1754709
	speed: 0.0108s/iter; left time: 6659.7084s
	iters: 8700, epoch: 4 | loss: 0.1685706
	speed: 0.0113s/iter; left time: 6952.1180s
	iters: 8800, epoch: 4 | loss: 0.2027534
	speed: 0.0106s/iter; left time: 6552.6791s
	iters: 8900, epoch: 4 | loss: 0.1463495
	speed: 0.0108s/iter; left time: 6660.9496s
	iters: 9000, epoch: 4 | loss: 0.1616287
	speed: 0.0106s/iter; left time: 6519.9034s
	iters: 9100, epoch: 4 | loss: 0.1551449
	speed: 0.0125s/iter; left time: 7729.7009s
	iters: 9200, epoch: 4 | loss: 0.2333780
	speed: 0.0124s/iter; left time: 7665.2548s
	iters: 9300, epoch: 4 | loss: 0.2267220
	speed: 0.0109s/iter; left time: 6726.9340s
	iters: 9400, epoch: 4 | loss: 0.2197022
	speed: 0.0107s/iter; left time: 6579.2635s
	iters: 9500, epoch: 4 | loss: 0.2670791
	speed: 0.0106s/iter; left time: 6556.4045s
	iters: 9600, epoch: 4 | loss: 0.2365708
	speed: 0.0108s/iter; left time: 6648.1331s
	iters: 9700, epoch: 4 | loss: 0.2901867
	speed: 0.0110s/iter; left time: 6796.6013s
	iters: 9800, epoch: 4 | loss: 0.1591641
	speed: 0.0108s/iter; left time: 6641.7474s
	iters: 9900, epoch: 4 | loss: 0.1918562
	speed: 0.0108s/iter; left time: 6665.7169s
	iters: 10000, epoch: 4 | loss: 0.1916107
	speed: 0.0109s/iter; left time: 6717.9368s
	iters: 10100, epoch: 4 | loss: 0.1732144
	speed: 0.0106s/iter; left time: 6539.3355s
	iters: 10200, epoch: 4 | loss: 0.2104506
	speed: 0.0106s/iter; left time: 6556.4304s
	iters: 10300, epoch: 4 | loss: 0.2131603
	speed: 0.0106s/iter; left time: 6519.1529s
	iters: 10400, epoch: 4 | loss: 0.3258114
	speed: 0.0107s/iter; left time: 6596.2163s
	iters: 10500, epoch: 4 | loss: 0.1750104
	speed: 0.0106s/iter; left time: 6524.7680s
	iters: 10600, epoch: 4 | loss: 0.1659895
	speed: 0.0105s/iter; left time: 6456.7721s
	iters: 10700, epoch: 4 | loss: 0.1854643
	speed: 0.0103s/iter; left time: 6335.7316s
	iters: 10800, epoch: 4 | loss: 0.2613150
	speed: 0.0104s/iter; left time: 6381.7641s
	iters: 10900, epoch: 4 | loss: 0.2179139
	speed: 0.0103s/iter; left time: 6317.9307s
	iters: 11000, epoch: 4 | loss: 0.2333190
	speed: 0.0112s/iter; left time: 6868.8786s
	iters: 11100, epoch: 4 | loss: 0.1993612
	speed: 0.0112s/iter; left time: 6892.3687s
	iters: 11200, epoch: 4 | loss: 0.2108599
	speed: 0.0107s/iter; left time: 6551.8759s
	iters: 11300, epoch: 4 | loss: 0.1696677
	speed: 0.0104s/iter; left time: 6387.6970s
	iters: 11400, epoch: 4 | loss: 0.1865457
	speed: 0.0104s/iter; left time: 6412.0018s
	iters: 11500, epoch: 4 | loss: 0.1426887
	speed: 0.0106s/iter; left time: 6536.7219s
	iters: 11600, epoch: 4 | loss: 0.1711812
	speed: 0.0110s/iter; left time: 6773.7887s
	iters: 11700, epoch: 4 | loss: 0.2276416
	speed: 0.0104s/iter; left time: 6363.2742s
	iters: 11800, epoch: 4 | loss: 0.2549022
	speed: 0.0104s/iter; left time: 6363.5128s
	iters: 11900, epoch: 4 | loss: 0.1926905
	speed: 0.0106s/iter; left time: 6524.6067s
	iters: 12000, epoch: 4 | loss: 0.2393465
	speed: 0.0135s/iter; left time: 8294.8135s
	iters: 12100, epoch: 4 | loss: 0.1948543
	speed: 0.0107s/iter; left time: 6549.8320s
	iters: 12200, epoch: 4 | loss: 0.2260748
	speed: 0.0111s/iter; left time: 6810.8863s
	iters: 12300, epoch: 4 | loss: 0.1768581
	speed: 0.0119s/iter; left time: 7300.5266s
	iters: 12400, epoch: 4 | loss: 0.1729839
	speed: 0.0107s/iter; left time: 6556.4269s
	iters: 12500, epoch: 4 | loss: 0.2540856
	speed: 0.0110s/iter; left time: 6738.3066s
	iters: 12600, epoch: 4 | loss: 0.2325912
	speed: 0.0108s/iter; left time: 6637.2017s
	iters: 12700, epoch: 4 | loss: 0.2226122
	speed: 0.0107s/iter; left time: 6588.7455s
	iters: 12800, epoch: 4 | loss: 0.2162156
	speed: 0.0106s/iter; left time: 6479.3168s
	iters: 12900, epoch: 4 | loss: 0.1914264
	speed: 0.0116s/iter; left time: 7142.2724s
	iters: 13000, epoch: 4 | loss: 0.2037590
	speed: 0.0106s/iter; left time: 6518.1787s
	iters: 13100, epoch: 4 | loss: 0.2568746
	speed: 0.0108s/iter; left time: 6622.8010s
	iters: 13200, epoch: 4 | loss: 0.2234050
	speed: 0.0105s/iter; left time: 6428.7257s
	iters: 13300, epoch: 4 | loss: 0.1754456
	speed: 0.0105s/iter; left time: 6442.2923s
	iters: 13400, epoch: 4 | loss: 0.2139496
	speed: 0.0106s/iter; left time: 6505.1772s
	iters: 13500, epoch: 4 | loss: 0.1597583
	speed: 0.0105s/iter; left time: 6457.5932s
	iters: 13600, epoch: 4 | loss: 0.2356128
	speed: 0.0107s/iter; left time: 6580.8385s
	iters: 13700, epoch: 4 | loss: 0.1626677
	speed: 0.0113s/iter; left time: 6948.2576s
	iters: 13800, epoch: 4 | loss: 0.2017581
	speed: 0.0111s/iter; left time: 6791.6207s
	iters: 13900, epoch: 4 | loss: 0.1887159
	speed: 0.0111s/iter; left time: 6771.3052s
	iters: 14000, epoch: 4 | loss: 0.2626592
	speed: 0.0111s/iter; left time: 6765.5669s
	iters: 14100, epoch: 4 | loss: 0.1894955
	speed: 0.0107s/iter; left time: 6549.7907s
	iters: 14200, epoch: 4 | loss: 0.2231761
	speed: 0.0107s/iter; left time: 6556.5638s
	iters: 14300, epoch: 4 | loss: 0.2181106
	speed: 0.0107s/iter; left time: 6542.1378s
	iters: 14400, epoch: 4 | loss: 0.1796692
	speed: 0.0118s/iter; left time: 7225.7201s
	iters: 14500, epoch: 4 | loss: 0.2599891
	speed: 0.0109s/iter; left time: 6655.1114s
	iters: 14600, epoch: 4 | loss: 0.2249083
	speed: 0.0121s/iter; left time: 7426.7361s
	iters: 14700, epoch: 4 | loss: 0.1987260
	speed: 0.0120s/iter; left time: 7351.5648s
	iters: 14800, epoch: 4 | loss: 0.1842665
	speed: 0.0135s/iter; left time: 8273.4097s
	iters: 14900, epoch: 4 | loss: 0.1973451
	speed: 0.0106s/iter; left time: 6471.9658s
	iters: 15000, epoch: 4 | loss: 0.2378207
	speed: 0.0105s/iter; left time: 6425.9745s
	iters: 15100, epoch: 4 | loss: 0.2056436
	speed: 0.0105s/iter; left time: 6406.1695s
	iters: 15200, epoch: 4 | loss: 0.2366876
	speed: 0.0106s/iter; left time: 6491.3706s
	iters: 15300, epoch: 4 | loss: 0.2635806
	speed: 0.0108s/iter; left time: 6580.9867s
	iters: 15400, epoch: 4 | loss: 0.1852952
	speed: 0.0105s/iter; left time: 6387.2474s
	iters: 15500, epoch: 4 | loss: 0.2182401
	speed: 0.0105s/iter; left time: 6400.5228s
	iters: 15600, epoch: 4 | loss: 0.2000845
	speed: 0.0107s/iter; left time: 6556.5374s
	iters: 15700, epoch: 4 | loss: 0.1638768
	speed: 0.0107s/iter; left time: 6532.2124s
	iters: 15800, epoch: 4 | loss: 0.1543451
	speed: 0.0107s/iter; left time: 6533.4763s
	iters: 15900, epoch: 4 | loss: 0.2759897
	speed: 0.0108s/iter; left time: 6570.3483s
	iters: 16000, epoch: 4 | loss: 0.1770993
	speed: 0.0106s/iter; left time: 6491.5953s
	iters: 16100, epoch: 4 | loss: 0.2138739
	speed: 0.0107s/iter; left time: 6552.2427s
	iters: 16200, epoch: 4 | loss: 0.1988766
	speed: 0.0105s/iter; left time: 6431.4874s
	iters: 16300, epoch: 4 | loss: 0.1281876
	speed: 0.0110s/iter; left time: 6691.3589s
	iters: 16400, epoch: 4 | loss: 0.2056110
	speed: 0.0106s/iter; left time: 6486.7667s
	iters: 16500, epoch: 4 | loss: 0.1961745
	speed: 0.0110s/iter; left time: 6693.5248s
	iters: 16600, epoch: 4 | loss: 0.1430531
	speed: 0.0108s/iter; left time: 6590.9199s
	iters: 16700, epoch: 4 | loss: 0.2740299
	speed: 0.0107s/iter; left time: 6532.1226s
	iters: 16800, epoch: 4 | loss: 0.1555806
	speed: 0.0108s/iter; left time: 6557.9689s
	iters: 16900, epoch: 4 | loss: 0.2268387
	speed: 0.0104s/iter; left time: 6363.9719s
	iters: 17000, epoch: 4 | loss: 0.2608085
	speed: 0.0104s/iter; left time: 6305.1076s
	iters: 17100, epoch: 4 | loss: 0.1747408
	speed: 0.0107s/iter; left time: 6523.4835s
	iters: 17200, epoch: 4 | loss: 0.1809647
	speed: 0.0105s/iter; left time: 6379.4503s
	iters: 17300, epoch: 4 | loss: 0.2988935
	speed: 0.0105s/iter; left time: 6364.5039s
	iters: 17400, epoch: 4 | loss: 0.2412147
	speed: 0.0106s/iter; left time: 6482.6473s
	iters: 17500, epoch: 4 | loss: 0.2220246
	speed: 0.0106s/iter; left time: 6465.0516s
	iters: 17600, epoch: 4 | loss: 0.1553856
	speed: 0.0131s/iter; left time: 7986.6342s
	iters: 17700, epoch: 4 | loss: 0.1995771
	speed: 0.0120s/iter; left time: 7321.4185s
	iters: 17800, epoch: 4 | loss: 0.2114169
	speed: 0.0105s/iter; left time: 6401.2074s
	iters: 17900, epoch: 4 | loss: 0.2104715
	speed: 0.0105s/iter; left time: 6360.4040s
	iters: 18000, epoch: 4 | loss: 0.2553827
	speed: 0.0105s/iter; left time: 6362.0464s
	iters: 18100, epoch: 4 | loss: 0.2427643
	speed: 0.0106s/iter; left time: 6474.6448s
	iters: 18200, epoch: 4 | loss: 0.1896482
	speed: 0.0107s/iter; left time: 6488.5466s
	iters: 18300, epoch: 4 | loss: 0.1758468
	speed: 0.0103s/iter; left time: 6244.9572s
	iters: 18400, epoch: 4 | loss: 0.2245028
	speed: 0.0106s/iter; left time: 6415.4007s
	iters: 18500, epoch: 4 | loss: 0.2105007
	speed: 0.0117s/iter; left time: 7084.0380s
	iters: 18600, epoch: 4 | loss: 0.2963561
	speed: 0.0110s/iter; left time: 6674.1467s
	iters: 18700, epoch: 4 | loss: 0.1547421
	speed: 0.0105s/iter; left time: 6382.9072s
	iters: 18800, epoch: 4 | loss: 0.1987393
	speed: 0.0105s/iter; left time: 6385.7877s
	iters: 18900, epoch: 4 | loss: 0.2140884
	speed: 0.0106s/iter; left time: 6456.4636s
	iters: 19000, epoch: 4 | loss: 0.1857257
	speed: 0.0105s/iter; left time: 6360.6042s
	iters: 19100, epoch: 4 | loss: 0.2028916
	speed: 0.0106s/iter; left time: 6412.9002s
	iters: 19200, epoch: 4 | loss: 0.1592815
	speed: 0.0109s/iter; left time: 6640.2411s
	iters: 19300, epoch: 4 | loss: 0.1973625
	speed: 0.0107s/iter; left time: 6472.8260s
	iters: 19400, epoch: 4 | loss: 0.2702773
	speed: 0.0107s/iter; left time: 6514.3909s
	iters: 19500, epoch: 4 | loss: 0.2131841
	speed: 0.0109s/iter; left time: 6590.7807s
	iters: 19600, epoch: 4 | loss: 0.2162111
	speed: 0.0106s/iter; left time: 6436.2374s
	iters: 19700, epoch: 4 | loss: 0.2234824
	speed: 0.0106s/iter; left time: 6426.4882s
	iters: 19800, epoch: 4 | loss: 0.2510052
	speed: 0.0104s/iter; left time: 6319.2473s
	iters: 19900, epoch: 4 | loss: 0.1940163
	speed: 0.0105s/iter; left time: 6345.7032s
	iters: 20000, epoch: 4 | loss: 0.1744263
	speed: 0.0105s/iter; left time: 6353.5873s
	iters: 20100, epoch: 4 | loss: 0.2041468
	speed: 0.0106s/iter; left time: 6441.0647s
	iters: 20200, epoch: 4 | loss: 0.1993623
	speed: 0.0105s/iter; left time: 6371.6149s
	iters: 20300, epoch: 4 | loss: 0.2544400
	speed: 0.0105s/iter; left time: 6369.9812s
	iters: 20400, epoch: 4 | loss: 0.2770794
	speed: 0.0110s/iter; left time: 6657.9873s
	iters: 20500, epoch: 4 | loss: 0.1726091
	speed: 0.0136s/iter; left time: 8208.7563s
	iters: 20600, epoch: 4 | loss: 0.2286433
	speed: 0.0103s/iter; left time: 6254.2646s
	iters: 20700, epoch: 4 | loss: 0.2583115
	speed: 0.0104s/iter; left time: 6294.1856s
	iters: 20800, epoch: 4 | loss: 0.1979706
	speed: 0.0103s/iter; left time: 6264.3797s
	iters: 20900, epoch: 4 | loss: 0.2306207
	speed: 0.0105s/iter; left time: 6354.4995s
	iters: 21000, epoch: 4 | loss: 0.2305957
	speed: 0.0107s/iter; left time: 6464.7718s
	iters: 21100, epoch: 4 | loss: 0.3444530
	speed: 0.0103s/iter; left time: 6252.7081s
	iters: 21200, epoch: 4 | loss: 0.3004935
	speed: 0.0105s/iter; left time: 6352.2093s
	iters: 21300, epoch: 4 | loss: 0.1912785
	speed: 0.0104s/iter; left time: 6311.7443s
	iters: 21400, epoch: 4 | loss: 0.1930274
	speed: 0.0104s/iter; left time: 6270.6636s
	iters: 21500, epoch: 4 | loss: 0.2212642
	speed: 0.0102s/iter; left time: 6185.4616s
	iters: 21600, epoch: 4 | loss: 0.2179035
	speed: 0.0102s/iter; left time: 6168.7787s
	iters: 21700, epoch: 4 | loss: 0.2951428
	speed: 0.0105s/iter; left time: 6346.2788s
	iters: 21800, epoch: 4 | loss: 0.2201602
	speed: 0.0104s/iter; left time: 6260.0148s
	iters: 21900, epoch: 4 | loss: 0.2365306
	speed: 0.0106s/iter; left time: 6414.4498s
	iters: 22000, epoch: 4 | loss: 0.1997294
	speed: 0.0105s/iter; left time: 6325.1863s
	iters: 22100, epoch: 4 | loss: 0.2129810
	speed: 0.0111s/iter; left time: 6675.5997s
	iters: 22200, epoch: 4 | loss: 0.2235728
	speed: 0.0106s/iter; left time: 6373.3155s
	iters: 22300, epoch: 4 | loss: 0.2177142
	speed: 0.0110s/iter; left time: 6612.3815s
	iters: 22400, epoch: 4 | loss: 0.2931568
	speed: 0.0107s/iter; left time: 6455.4707s
	iters: 22500, epoch: 4 | loss: 0.1672417
	speed: 0.0105s/iter; left time: 6310.8573s
	iters: 22600, epoch: 4 | loss: 0.1749397
	speed: 0.0104s/iter; left time: 6271.6989s
	iters: 22700, epoch: 4 | loss: 0.2283265
	speed: 0.0105s/iter; left time: 6336.1662s
	iters: 22800, epoch: 4 | loss: 0.3576531
	speed: 0.0106s/iter; left time: 6411.0421s
	iters: 22900, epoch: 4 | loss: 0.2105070
	speed: 0.0105s/iter; left time: 6362.4795s
	iters: 23000, epoch: 4 | loss: 0.2450488
	speed: 0.0108s/iter; left time: 6530.8903s
	iters: 23100, epoch: 4 | loss: 0.1472801
	speed: 0.0108s/iter; left time: 6521.1839s
Epoch: 4 cost time: 264.21347522735596
Epoch: 4, Steps: 23190 | Train Loss: 0.2103655 Vali Loss: 0.2270353
EarlyStopping counter: 3 out of 5
Updating learning rate to 0.0004
	iters: 100, epoch: 5 | loss: 0.2392191
	speed: 0.1027s/iter; left time: 61938.1606s
	iters: 200, epoch: 5 | loss: 0.2309601
	speed: 0.0106s/iter; left time: 6390.5933s
	iters: 300, epoch: 5 | loss: 0.1855025
	speed: 0.0107s/iter; left time: 6432.0568s
	iters: 400, epoch: 5 | loss: 0.1499642
	speed: 0.0108s/iter; left time: 6505.3593s
	iters: 500, epoch: 5 | loss: 0.1774517
	speed: 0.0106s/iter; left time: 6371.0571s
	iters: 600, epoch: 5 | loss: 0.1808982
	speed: 0.0104s/iter; left time: 6270.4453s
	iters: 700, epoch: 5 | loss: 0.1765716
	speed: 0.0105s/iter; left time: 6317.9433s
	iters: 800, epoch: 5 | loss: 0.1401212
	speed: 0.0106s/iter; left time: 6400.9022s
	iters: 900, epoch: 5 | loss: 0.1561843
	speed: 0.0110s/iter; left time: 6643.8591s
	iters: 1000, epoch: 5 | loss: 0.2702841
	speed: 0.0105s/iter; left time: 6337.6650s
	iters: 1100, epoch: 5 | loss: 0.2519525
	speed: 0.0104s/iter; left time: 6276.5357s
	iters: 1200, epoch: 5 | loss: 0.1736301
	speed: 0.0110s/iter; left time: 6599.0723s
	iters: 1300, epoch: 5 | loss: 0.1897582
	speed: 0.0108s/iter; left time: 6470.7279s
	iters: 1400, epoch: 5 | loss: 0.1557599
	speed: 0.0111s/iter; left time: 6683.1237s
	iters: 1500, epoch: 5 | loss: 0.1755616
	speed: 0.0106s/iter; left time: 6365.0502s
	iters: 1600, epoch: 5 | loss: 0.1582365
	speed: 0.0112s/iter; left time: 6724.9209s
	iters: 1700, epoch: 5 | loss: 0.1564293
	speed: 0.0106s/iter; left time: 6383.7734s
	iters: 1800, epoch: 5 | loss: 0.1576818
	speed: 0.0106s/iter; left time: 6350.2045s
	iters: 1900, epoch: 5 | loss: 0.2054345
	speed: 0.0106s/iter; left time: 6374.0607s
	iters: 2000, epoch: 5 | loss: 0.1996204
	speed: 0.0105s/iter; left time: 6324.6362s
	iters: 2100, epoch: 5 | loss: 0.1810680
	speed: 0.0107s/iter; left time: 6428.7705s
	iters: 2200, epoch: 5 | loss: 0.1857636
	speed: 0.0117s/iter; left time: 7001.2234s
	iters: 2300, epoch: 5 | loss: 0.1911902
	speed: 0.0129s/iter; left time: 7761.5265s
	iters: 2400, epoch: 5 | loss: 0.1706198
	speed: 0.0106s/iter; left time: 6351.6410s
	iters: 2500, epoch: 5 | loss: 0.1433108
	speed: 0.0107s/iter; left time: 6404.8940s
	iters: 2600, epoch: 5 | loss: 0.2256272
	speed: 0.0106s/iter; left time: 6384.2812s
	iters: 2700, epoch: 5 | loss: 0.2216008
	speed: 0.0108s/iter; left time: 6487.1532s
	iters: 2800, epoch: 5 | loss: 0.3076228
	speed: 0.0105s/iter; left time: 6294.2187s
	iters: 2900, epoch: 5 | loss: 0.2010939
	speed: 0.0106s/iter; left time: 6344.9236s
	iters: 3000, epoch: 5 | loss: 0.2015117
	speed: 0.0107s/iter; left time: 6444.5800s
	iters: 3100, epoch: 5 | loss: 0.1879611
	speed: 0.0109s/iter; left time: 6512.2923s
	iters: 3200, epoch: 5 | loss: 0.2181739
	speed: 0.0106s/iter; left time: 6354.1500s
	iters: 3300, epoch: 5 | loss: 0.1507339
	speed: 0.0105s/iter; left time: 6309.9320s
	iters: 3400, epoch: 5 | loss: 0.2170492
	speed: 0.0105s/iter; left time: 6283.8721s
	iters: 3500, epoch: 5 | loss: 0.1880093
	speed: 0.0106s/iter; left time: 6369.0063s
	iters: 3600, epoch: 5 | loss: 0.2160381
	speed: 0.0105s/iter; left time: 6271.8633s
	iters: 3700, epoch: 5 | loss: 0.2317538
	speed: 0.0111s/iter; left time: 6647.5370s
	iters: 3800, epoch: 5 | loss: 0.1669643
	speed: 0.0106s/iter; left time: 6344.8461s
	iters: 3900, epoch: 5 | loss: 0.1778540
	speed: 0.0105s/iter; left time: 6284.6386s
	iters: 4000, epoch: 5 | loss: 0.1255058
	speed: 0.0107s/iter; left time: 6388.7365s
	iters: 4100, epoch: 5 | loss: 0.1768982
	speed: 0.0110s/iter; left time: 6598.3112s
	iters: 4200, epoch: 5 | loss: 0.1738870
	speed: 0.0104s/iter; left time: 6243.9878s
	iters: 4300, epoch: 5 | loss: 0.1917727
	speed: 0.0109s/iter; left time: 6551.9634s
	iters: 4400, epoch: 5 | loss: 0.2265533
	speed: 0.0106s/iter; left time: 6365.5459s
	iters: 4500, epoch: 5 | loss: 0.2581174
	speed: 0.0105s/iter; left time: 6255.9932s
	iters: 4600, epoch: 5 | loss: 0.1507941
	speed: 0.0104s/iter; left time: 6249.6168s
	iters: 4700, epoch: 5 | loss: 0.1743280
	speed: 0.0105s/iter; left time: 6307.3266s
	iters: 4800, epoch: 5 | loss: 0.1537560
	speed: 0.0106s/iter; left time: 6336.0460s
	iters: 4900, epoch: 5 | loss: 0.1630735
	speed: 0.0107s/iter; left time: 6396.8168s
	iters: 5000, epoch: 5 | loss: 0.1849074
	speed: 0.0112s/iter; left time: 6688.9480s
	iters: 5100, epoch: 5 | loss: 0.2283097
	speed: 0.0134s/iter; left time: 8018.0831s
	iters: 5200, epoch: 5 | loss: 0.1874253
	speed: 0.0105s/iter; left time: 6299.8076s
	iters: 5300, epoch: 5 | loss: 0.1880216
	speed: 0.0104s/iter; left time: 6230.6640s
	iters: 5400, epoch: 5 | loss: 0.2026127
	speed: 0.0107s/iter; left time: 6390.9444s
	iters: 5500, epoch: 5 | loss: 0.2294202
	speed: 0.0106s/iter; left time: 6354.8572s
	iters: 5600, epoch: 5 | loss: 0.2125509
	speed: 0.0106s/iter; left time: 6351.7911s
	iters: 5700, epoch: 5 | loss: 0.2143239
	speed: 0.0110s/iter; left time: 6592.7210s
	iters: 5800, epoch: 5 | loss: 0.2057063
	speed: 0.0106s/iter; left time: 6352.3723s
	iters: 5900, epoch: 5 | loss: 0.2134402
	speed: 0.0106s/iter; left time: 6354.8999s
	iters: 6000, epoch: 5 | loss: 0.1703387
	speed: 0.0108s/iter; left time: 6436.3708s
	iters: 6100, epoch: 5 | loss: 0.1770651
	speed: 0.0106s/iter; left time: 6303.1319s
	iters: 6200, epoch: 5 | loss: 0.2235345
	speed: 0.0105s/iter; left time: 6236.6368s
	iters: 6300, epoch: 5 | loss: 0.2027383
	speed: 0.0104s/iter; left time: 6176.7769s
	iters: 6400, epoch: 5 | loss: 0.1436568
	speed: 0.0110s/iter; left time: 6544.2006s
	iters: 6500, epoch: 5 | loss: 0.2079164
	speed: 0.0110s/iter; left time: 6562.0734s
	iters: 6600, epoch: 5 | loss: 0.1792320
	speed: 0.0105s/iter; left time: 6275.3616s
	iters: 6700, epoch: 5 | loss: 0.1732332
	speed: 0.0108s/iter; left time: 6438.9944s
	iters: 6800, epoch: 5 | loss: 0.1547106
	speed: 0.0114s/iter; left time: 6814.4765s
	iters: 6900, epoch: 5 | loss: 0.1978829
	speed: 0.0115s/iter; left time: 6843.0921s
	iters: 7000, epoch: 5 | loss: 0.1788500
	speed: 0.0104s/iter; left time: 6199.1814s
	iters: 7100, epoch: 5 | loss: 0.3030185
	speed: 0.0107s/iter; left time: 6374.6488s
	iters: 7200, epoch: 5 | loss: 0.1765446
	speed: 0.0105s/iter; left time: 6274.5601s
	iters: 7300, epoch: 5 | loss: 0.2594352
	speed: 0.0105s/iter; left time: 6244.8958s
	iters: 7400, epoch: 5 | loss: 0.1960050
	speed: 0.0106s/iter; left time: 6305.7158s
	iters: 7500, epoch: 5 | loss: 0.2626037
	speed: 0.0113s/iter; left time: 6753.6840s
	iters: 7600, epoch: 5 | loss: 0.2522130
	speed: 0.0108s/iter; left time: 6434.1464s
	iters: 7700, epoch: 5 | loss: 0.2760792
	speed: 0.0106s/iter; left time: 6335.3958s
	iters: 7800, epoch: 5 | loss: 0.1854943
	speed: 0.0110s/iter; left time: 6560.1239s
	iters: 7900, epoch: 5 | loss: 0.1702358
	speed: 0.0125s/iter; left time: 7412.1470s
	iters: 8000, epoch: 5 | loss: 0.1759716
	speed: 0.0120s/iter; left time: 7150.6016s
	iters: 8100, epoch: 5 | loss: 0.1684806
	speed: 0.0117s/iter; left time: 6956.8207s
	iters: 8200, epoch: 5 | loss: 0.2148130
	speed: 0.0105s/iter; left time: 6236.9686s
	iters: 8300, epoch: 5 | loss: 0.1408929
	speed: 0.0106s/iter; left time: 6298.6660s
	iters: 8400, epoch: 5 | loss: 0.1917211
	speed: 0.0105s/iter; left time: 6269.5616s
	iters: 8500, epoch: 5 | loss: 0.1793852
	speed: 0.0104s/iter; left time: 6182.5929s
	iters: 8600, epoch: 5 | loss: 0.1900972
	speed: 0.0108s/iter; left time: 6422.0791s
	iters: 8700, epoch: 5 | loss: 0.1897531
	speed: 0.0106s/iter; left time: 6284.2608s
	iters: 8800, epoch: 5 | loss: 0.1882282
	speed: 0.0107s/iter; left time: 6363.9873s
	iters: 8900, epoch: 5 | loss: 0.2390408
	speed: 0.0105s/iter; left time: 6257.4865s
	iters: 9000, epoch: 5 | loss: 0.1355428
	speed: 0.0106s/iter; left time: 6303.2171s
	iters: 9100, epoch: 5 | loss: 0.2264997
	speed: 0.0106s/iter; left time: 6293.0266s
	iters: 9200, epoch: 5 | loss: 0.1555942
	speed: 0.0113s/iter; left time: 6700.4577s
	iters: 9300, epoch: 5 | loss: 0.1460926
	speed: 0.0109s/iter; left time: 6497.2723s
	iters: 9400, epoch: 5 | loss: 0.2670692
	speed: 0.0110s/iter; left time: 6504.3586s
	iters: 9500, epoch: 5 | loss: 0.1652510
	speed: 0.0107s/iter; left time: 6359.3446s
	iters: 9600, epoch: 5 | loss: 0.1927960
	speed: 0.0115s/iter; left time: 6799.4921s
	iters: 9700, epoch: 5 | loss: 0.1675494
	speed: 0.0113s/iter; left time: 6712.7836s
	iters: 9800, epoch: 5 | loss: 0.1989493
	speed: 0.0105s/iter; left time: 6255.8999s
	iters: 9900, epoch: 5 | loss: 0.1686161
	speed: 0.0106s/iter; left time: 6293.4962s
	iters: 10000, epoch: 5 | loss: 0.1530248
	speed: 0.0104s/iter; left time: 6172.0812s
	iters: 10100, epoch: 5 | loss: 0.1593790
	speed: 0.0106s/iter; left time: 6258.1394s
	iters: 10200, epoch: 5 | loss: 0.1474680
	speed: 0.0103s/iter; left time: 6096.8462s
	iters: 10300, epoch: 5 | loss: 0.1469239
	speed: 0.0104s/iter; left time: 6167.6867s
	iters: 10400, epoch: 5 | loss: 0.2132832
	speed: 0.0103s/iter; left time: 6121.7283s
	iters: 10500, epoch: 5 | loss: 0.1865734
	speed: 0.0107s/iter; left time: 6310.8883s
	iters: 10600, epoch: 5 | loss: 0.3311825
	speed: 0.0106s/iter; left time: 6275.3557s
	iters: 10700, epoch: 5 | loss: 0.2166940
	speed: 0.0116s/iter; left time: 6875.0850s
	iters: 10800, epoch: 5 | loss: 0.2140532
	speed: 0.0134s/iter; left time: 7959.3949s
	iters: 10900, epoch: 5 | loss: 0.1768872
	speed: 0.0104s/iter; left time: 6157.4788s
	iters: 11000, epoch: 5 | loss: 0.1398979
	speed: 0.0103s/iter; left time: 6081.1150s
	iters: 11100, epoch: 5 | loss: 0.1538284
	speed: 0.0105s/iter; left time: 6240.0863s
	iters: 11200, epoch: 5 | loss: 0.1809736
	speed: 0.0107s/iter; left time: 6330.8425s
	iters: 11300, epoch: 5 | loss: 0.1555186
	speed: 0.0105s/iter; left time: 6239.3726s
	iters: 11400, epoch: 5 | loss: 0.1637391
	speed: 0.0105s/iter; left time: 6184.4443s
	iters: 11500, epoch: 5 | loss: 0.1574344
	speed: 0.0108s/iter; left time: 6379.6319s
	iters: 11600, epoch: 5 | loss: 0.2379189
	speed: 0.0108s/iter; left time: 6398.0982s
	iters: 11700, epoch: 5 | loss: 0.2040164
	speed: 0.0106s/iter; left time: 6242.3265s
	iters: 11800, epoch: 5 | loss: 0.1982077
	speed: 0.0106s/iter; left time: 6261.4193s
	iters: 11900, epoch: 5 | loss: 0.1641707
	speed: 0.0105s/iter; left time: 6206.2543s
	iters: 12000, epoch: 5 | loss: 0.1890402
	speed: 0.0112s/iter; left time: 6601.2850s
	iters: 12100, epoch: 5 | loss: 0.1702582
	speed: 0.0105s/iter; left time: 6215.6659s
	iters: 12200, epoch: 5 | loss: 0.1589052
	speed: 0.0105s/iter; left time: 6177.3946s
	iters: 12300, epoch: 5 | loss: 0.1745156
	speed: 0.0104s/iter; left time: 6156.3158s
	iters: 12400, epoch: 5 | loss: 0.1686510
	speed: 0.0110s/iter; left time: 6489.8047s
	iters: 12500, epoch: 5 | loss: 0.1803897
	speed: 0.0113s/iter; left time: 6647.0082s
	iters: 12600, epoch: 5 | loss: 0.1894715
	speed: 0.0108s/iter; left time: 6357.4695s
	iters: 12700, epoch: 5 | loss: 0.1488155
	speed: 0.0110s/iter; left time: 6477.3199s
	iters: 12800, epoch: 5 | loss: 0.1414608
	speed: 0.0115s/iter; left time: 6758.5987s
	iters: 12900, epoch: 5 | loss: 0.2143140
	speed: 0.0107s/iter; left time: 6335.2938s
	iters: 13000, epoch: 5 | loss: 0.1233352
	speed: 0.0114s/iter; left time: 6704.5156s
	iters: 13100, epoch: 5 | loss: 0.1732297
	speed: 0.0106s/iter; left time: 6262.9430s
	iters: 13200, epoch: 5 | loss: 0.1672346
	speed: 0.0107s/iter; left time: 6322.2641s
	iters: 13300, epoch: 5 | loss: 0.1706298
	speed: 0.0106s/iter; left time: 6263.5776s
	iters: 13400, epoch: 5 | loss: 0.2346529
	speed: 0.0106s/iter; left time: 6266.6210s
	iters: 13500, epoch: 5 | loss: 0.1526762
	speed: 0.0107s/iter; left time: 6332.3467s
	iters: 13600, epoch: 5 | loss: 0.1389266
	speed: 0.0133s/iter; left time: 7852.1706s
	iters: 13700, epoch: 5 | loss: 0.1117802
	speed: 0.0106s/iter; left time: 6274.5755s
	iters: 13800, epoch: 5 | loss: 0.2108476
	speed: 0.0107s/iter; left time: 6303.7662s
	iters: 13900, epoch: 5 | loss: 0.2151855
	speed: 0.0107s/iter; left time: 6276.1590s
	iters: 14000, epoch: 5 | loss: 0.2088191
	speed: 0.0105s/iter; left time: 6159.2599s
	iters: 14100, epoch: 5 | loss: 0.2187204
	speed: 0.0105s/iter; left time: 6191.7043s
	iters: 14200, epoch: 5 | loss: 0.1678281
	speed: 0.0105s/iter; left time: 6176.3340s
	iters: 14300, epoch: 5 | loss: 0.2818826
	speed: 0.0107s/iter; left time: 6299.8786s
	iters: 14400, epoch: 5 | loss: 0.1222401
	speed: 0.0108s/iter; left time: 6338.0037s
	iters: 14500, epoch: 5 | loss: 0.1554206
	speed: 0.0109s/iter; left time: 6388.7013s
	iters: 14600, epoch: 5 | loss: 0.1807246
	speed: 0.0105s/iter; left time: 6149.1458s
	iters: 14700, epoch: 5 | loss: 0.1867556
	speed: 0.0106s/iter; left time: 6212.8389s
	iters: 14800, epoch: 5 | loss: 0.1274123
	speed: 0.0114s/iter; left time: 6716.9009s
	iters: 14900, epoch: 5 | loss: 0.2380397
	speed: 0.0105s/iter; left time: 6163.1483s
	iters: 15000, epoch: 5 | loss: 0.1412946
	speed: 0.0106s/iter; left time: 6244.3934s
	iters: 15100, epoch: 5 | loss: 0.2007787
	speed: 0.0107s/iter; left time: 6266.5602s
	iters: 15200, epoch: 5 | loss: 0.1301463
	speed: 0.0105s/iter; left time: 6190.1877s
	iters: 15300, epoch: 5 | loss: 0.1330620
	speed: 0.0108s/iter; left time: 6340.8873s
	iters: 15400, epoch: 5 | loss: 0.1898555
	speed: 0.0107s/iter; left time: 6272.5500s
	iters: 15500, epoch: 5 | loss: 0.1809780
	speed: 0.0108s/iter; left time: 6359.2532s
	iters: 15600, epoch: 5 | loss: 0.1454218
	speed: 0.0108s/iter; left time: 6324.7238s
	iters: 15700, epoch: 5 | loss: 0.1589301
	speed: 0.0106s/iter; left time: 6212.5343s
	iters: 15800, epoch: 5 | loss: 0.1142570
	speed: 0.0107s/iter; left time: 6309.5949s
	iters: 15900, epoch: 5 | loss: 0.1373381
	speed: 0.0106s/iter; left time: 6243.4647s
	iters: 16000, epoch: 5 | loss: 0.1565471
	speed: 0.0105s/iter; left time: 6180.7125s
	iters: 16100, epoch: 5 | loss: 0.1516059
	speed: 0.0108s/iter; left time: 6316.7931s
	iters: 16200, epoch: 5 | loss: 0.1612408
	speed: 0.0105s/iter; left time: 6172.2666s
	iters: 16300, epoch: 5 | loss: 0.2302991
	speed: 0.0108s/iter; left time: 6314.6809s
	iters: 16400, epoch: 5 | loss: 0.1738515
	speed: 0.0125s/iter; left time: 7341.4102s
	iters: 16500, epoch: 5 | loss: 0.1537096
	speed: 0.0113s/iter; left time: 6637.8073s
	iters: 16600, epoch: 5 | loss: 0.1992539
	speed: 0.0105s/iter; left time: 6165.6585s
	iters: 16700, epoch: 5 | loss: 0.1394054
	speed: 0.0103s/iter; left time: 6025.4051s
	iters: 16800, epoch: 5 | loss: 0.1592312
	speed: 0.0109s/iter; left time: 6390.8663s
	iters: 16900, epoch: 5 | loss: 0.1604813
	speed: 0.0107s/iter; left time: 6254.1747s
	iters: 17000, epoch: 5 | loss: 0.1666202
	speed: 0.0104s/iter; left time: 6117.6035s
	iters: 17100, epoch: 5 | loss: 0.1838594
	speed: 0.0105s/iter; left time: 6130.4460s
	iters: 17200, epoch: 5 | loss: 0.1606167
	speed: 0.0105s/iter; left time: 6154.2463s
	iters: 17300, epoch: 5 | loss: 0.1364368
	speed: 0.0108s/iter; left time: 6312.6533s
	iters: 17400, epoch: 5 | loss: 0.1907156
	speed: 0.0105s/iter; left time: 6125.6635s
	iters: 17500, epoch: 5 | loss: 0.2058809
	speed: 0.0105s/iter; left time: 6134.2791s
	iters: 17600, epoch: 5 | loss: 0.1598069
	speed: 0.0111s/iter; left time: 6501.8201s
	iters: 17700, epoch: 5 | loss: 0.1847795
	speed: 0.0104s/iter; left time: 6106.1523s
	iters: 17800, epoch: 5 | loss: 0.2034910
	speed: 0.0108s/iter; left time: 6298.8277s
	iters: 17900, epoch: 5 | loss: 0.2357527
	speed: 0.0108s/iter; left time: 6322.1736s
	iters: 18000, epoch: 5 | loss: 0.2310456
	speed: 0.0109s/iter; left time: 6382.4487s
	iters: 18100, epoch: 5 | loss: 0.1420844
	speed: 0.0110s/iter; left time: 6437.8895s
	iters: 18200, epoch: 5 | loss: 0.2390487
	speed: 0.0109s/iter; left time: 6366.5580s
	iters: 18300, epoch: 5 | loss: 0.1755232
	speed: 0.0111s/iter; left time: 6508.1160s
	iters: 18400, epoch: 5 | loss: 0.1626158
	speed: 0.0105s/iter; left time: 6136.3939s
	iters: 18500, epoch: 5 | loss: 0.2218558
	speed: 0.0105s/iter; left time: 6140.4273s
	iters: 18600, epoch: 5 | loss: 0.1857381
	speed: 0.0106s/iter; left time: 6201.3062s
	iters: 18700, epoch: 5 | loss: 0.1809462
	speed: 0.0107s/iter; left time: 6266.0641s
	iters: 18800, epoch: 5 | loss: 0.1456543
	speed: 0.0106s/iter; left time: 6179.1524s
	iters: 18900, epoch: 5 | loss: 0.1292890
	speed: 0.0107s/iter; left time: 6227.7498s
	iters: 19000, epoch: 5 | loss: 0.1736401
	speed: 0.0105s/iter; left time: 6143.2712s
	iters: 19100, epoch: 5 | loss: 0.1447703
	speed: 0.0110s/iter; left time: 6397.5817s
	iters: 19200, epoch: 5 | loss: 0.1989759
	speed: 0.0110s/iter; left time: 6432.8481s
	iters: 19300, epoch: 5 | loss: 0.2106186
	speed: 0.0133s/iter; left time: 7777.8567s
	iters: 19400, epoch: 5 | loss: 0.1934513
	speed: 0.0113s/iter; left time: 6591.1939s
	iters: 19500, epoch: 5 | loss: 0.1485900
	speed: 0.0106s/iter; left time: 6191.1957s
	iters: 19600, epoch: 5 | loss: 0.2166836
	speed: 0.0109s/iter; left time: 6330.0192s
	iters: 19700, epoch: 5 | loss: 0.1623229
	speed: 0.0105s/iter; left time: 6149.0769s
	iters: 19800, epoch: 5 | loss: 0.1938495
	speed: 0.0105s/iter; left time: 6150.4918s
	iters: 19900, epoch: 5 | loss: 0.1797449
	speed: 0.0109s/iter; left time: 6350.1254s
	iters: 20000, epoch: 5 | loss: 0.1762637
	speed: 0.0148s/iter; left time: 8647.5698s
	iters: 20100, epoch: 5 | loss: 0.1410352
	speed: 0.0121s/iter; left time: 7067.7717s
	iters: 20200, epoch: 5 | loss: 0.2047934
	speed: 0.0122s/iter; left time: 7085.2738s
	iters: 20300, epoch: 5 | loss: 0.1734267
	speed: 0.0128s/iter; left time: 7469.1663s
	iters: 20400, epoch: 5 | loss: 0.2096893
	speed: 0.0119s/iter; left time: 6920.4049s
	iters: 20500, epoch: 5 | loss: 0.2890527
	speed: 0.0115s/iter; left time: 6681.6374s
	iters: 20600, epoch: 5 | loss: 0.2486716
	speed: 0.0109s/iter; left time: 6350.3932s
	iters: 20700, epoch: 5 | loss: 0.1917995
	speed: 0.0110s/iter; left time: 6428.2355s
	iters: 20800, epoch: 5 | loss: 0.1565475
	speed: 0.0111s/iter; left time: 6473.3843s
	iters: 20900, epoch: 5 | loss: 0.2514773
	speed: 0.0110s/iter; left time: 6414.7399s
	iters: 21000, epoch: 5 | loss: 0.1847413
	speed: 0.0105s/iter; left time: 6121.4160s
	iters: 21100, epoch: 5 | loss: 0.1851545
	speed: 0.0105s/iter; left time: 6110.0224s
	iters: 21200, epoch: 5 | loss: 0.1879013
	speed: 0.0104s/iter; left time: 6070.3075s
	iters: 21300, epoch: 5 | loss: 0.2506087
	speed: 0.0112s/iter; left time: 6491.1673s
	iters: 21400, epoch: 5 | loss: 0.1336456
	speed: 0.0105s/iter; left time: 6106.4700s
	iters: 21500, epoch: 5 | loss: 0.1612680
	speed: 0.0106s/iter; left time: 6168.0596s
	iters: 21600, epoch: 5 | loss: 0.2017479
	speed: 0.0104s/iter; left time: 6058.4786s
	iters: 21700, epoch: 5 | loss: 0.1770058
	speed: 0.0105s/iter; left time: 6083.3049s
	iters: 21800, epoch: 5 | loss: 0.2270881
	speed: 0.0109s/iter; left time: 6343.2138s
	iters: 21900, epoch: 5 | loss: 0.1680541
	speed: 0.0108s/iter; left time: 6294.1975s
	iters: 22000, epoch: 5 | loss: 0.1790269
	speed: 0.0133s/iter; left time: 7754.2731s
	iters: 22100, epoch: 5 | loss: 0.1770232
	speed: 0.0105s/iter; left time: 6072.0586s
	iters: 22200, epoch: 5 | loss: 0.1785303
	speed: 0.0105s/iter; left time: 6087.3764s
	iters: 22300, epoch: 5 | loss: 0.1840991
	speed: 0.0108s/iter; left time: 6245.9610s
	iters: 22400, epoch: 5 | loss: 0.1571278
	speed: 0.0106s/iter; left time: 6155.0256s
	iters: 22500, epoch: 5 | loss: 0.1842064
	speed: 0.0104s/iter; left time: 6051.8255s
	iters: 22600, epoch: 5 | loss: 0.1703752
	speed: 0.0105s/iter; left time: 6107.7639s
	iters: 22700, epoch: 5 | loss: 0.1620483
	speed: 0.0109s/iter; left time: 6328.9274s
	iters: 22800, epoch: 5 | loss: 0.1463250
	speed: 0.0107s/iter; left time: 6194.9022s
	iters: 22900, epoch: 5 | loss: 0.1943316
	speed: 0.0105s/iter; left time: 6109.4206s
	iters: 23000, epoch: 5 | loss: 0.1753527
	speed: 0.0111s/iter; left time: 6432.5424s
	iters: 23100, epoch: 5 | loss: 0.1568630
	speed: 0.0106s/iter; left time: 6117.8911s
Epoch: 5 cost time: 251.5786554813385
Epoch: 5, Steps: 23190 | Train Loss: 0.1898784 Vali Loss: 0.2002396
EarlyStopping counter: 4 out of 5
Updating learning rate to 0.0003200000000000001
	iters: 100, epoch: 6 | loss: 0.1736554
	speed: 0.0998s/iter; left time: 57861.1877s
	iters: 200, epoch: 6 | loss: 0.1319444
	speed: 0.0112s/iter; left time: 6488.6934s
	iters: 300, epoch: 6 | loss: 0.1398420
	speed: 0.0107s/iter; left time: 6187.2233s
	iters: 400, epoch: 6 | loss: 0.1698586
	speed: 0.0107s/iter; left time: 6191.7856s
	iters: 500, epoch: 6 | loss: 0.1583102
	speed: 0.0106s/iter; left time: 6124.3703s
	iters: 600, epoch: 6 | loss: 0.1996348
	speed: 0.0106s/iter; left time: 6128.2107s
	iters: 700, epoch: 6 | loss: 0.1619118
	speed: 0.0109s/iter; left time: 6299.7273s
	iters: 800, epoch: 6 | loss: 0.1836661
	speed: 0.0108s/iter; left time: 6246.6770s
	iters: 900, epoch: 6 | loss: 0.2550603
	speed: 0.0129s/iter; left time: 7468.6254s
	iters: 1000, epoch: 6 | loss: 0.2065947
	speed: 0.0105s/iter; left time: 6071.9799s
	iters: 1100, epoch: 6 | loss: 0.1611672
	speed: 0.0105s/iter; left time: 6078.2702s
	iters: 1200, epoch: 6 | loss: 0.1777534
	speed: 0.0108s/iter; left time: 6259.3633s
	iters: 1300, epoch: 6 | loss: 0.1660414
	speed: 0.0106s/iter; left time: 6155.1083s
	iters: 1400, epoch: 6 | loss: 0.2220133
	speed: 0.0105s/iter; left time: 6076.2786s
	iters: 1500, epoch: 6 | loss: 0.1754913
	speed: 0.0106s/iter; left time: 6118.6543s
	iters: 1600, epoch: 6 | loss: 0.1520384
	speed: 0.0105s/iter; left time: 6073.3173s
	iters: 1700, epoch: 6 | loss: 0.1944858
	speed: 0.0112s/iter; left time: 6480.7086s
	iters: 1800, epoch: 6 | loss: 0.1549643
	speed: 0.0106s/iter; left time: 6120.7644s
	iters: 1900, epoch: 6 | loss: 0.1732921
	speed: 0.0111s/iter; left time: 6397.3279s
	iters: 2000, epoch: 6 | loss: 0.1458120
	speed: 0.0104s/iter; left time: 6026.0640s
	iters: 2100, epoch: 6 | loss: 0.1983151
	speed: 0.0105s/iter; left time: 6081.0039s
	iters: 2200, epoch: 6 | loss: 0.2106478
	speed: 0.0108s/iter; left time: 6220.5996s
	iters: 2300, epoch: 6 | loss: 0.1805740
	speed: 0.0107s/iter; left time: 6175.2297s
	iters: 2400, epoch: 6 | loss: 0.2195318
	speed: 0.0106s/iter; left time: 6143.4366s
	iters: 2500, epoch: 6 | loss: 0.2975087
	speed: 0.0108s/iter; left time: 6254.7040s
	iters: 2600, epoch: 6 | loss: 0.1510272
	speed: 0.0106s/iter; left time: 6139.1660s
	iters: 2700, epoch: 6 | loss: 0.1687964
	speed: 0.0108s/iter; left time: 6257.9424s
	iters: 2800, epoch: 6 | loss: 0.1662091
	speed: 0.0105s/iter; left time: 6060.2962s
	iters: 2900, epoch: 6 | loss: 0.1756214
	speed: 0.0106s/iter; left time: 6119.3624s
	iters: 3000, epoch: 6 | loss: 0.2521878
	speed: 0.0107s/iter; left time: 6149.1845s
	iters: 3100, epoch: 6 | loss: 0.2225142
	speed: 0.0113s/iter; left time: 6499.7592s
	iters: 3200, epoch: 6 | loss: 0.2671546
	speed: 0.0106s/iter; left time: 6120.4673s
	iters: 3300, epoch: 6 | loss: 0.2263820
	speed: 0.0106s/iter; left time: 6082.0601s
	iters: 3400, epoch: 6 | loss: 0.1691009
	speed: 0.0104s/iter; left time: 6018.9288s
	iters: 3500, epoch: 6 | loss: 0.1597370
	speed: 0.0110s/iter; left time: 6338.4857s
	iters: 3600, epoch: 6 | loss: 0.1995365
	speed: 0.0111s/iter; left time: 6400.3814s
	iters: 3700, epoch: 6 | loss: 0.2153687
	speed: 0.0131s/iter; left time: 7547.8046s
	iters: 3800, epoch: 6 | loss: 0.1764847
	speed: 0.0111s/iter; left time: 6387.8264s
	iters: 3900, epoch: 6 | loss: 0.2386061
	speed: 0.0105s/iter; left time: 6040.6112s
	iters: 4000, epoch: 6 | loss: 0.1624534
	speed: 0.0108s/iter; left time: 6233.8126s
	iters: 4100, epoch: 6 | loss: 0.1874748
	speed: 0.0106s/iter; left time: 6109.5613s
	iters: 4200, epoch: 6 | loss: 0.2471994
	speed: 0.0105s/iter; left time: 6021.9595s
	iters: 4300, epoch: 6 | loss: 0.1252761
	speed: 0.0106s/iter; left time: 6125.4844s
	iters: 4400, epoch: 6 | loss: 0.1175919
	speed: 0.0115s/iter; left time: 6601.4534s
	iters: 4500, epoch: 6 | loss: 0.1542931
	speed: 0.0106s/iter; left time: 6074.2254s
	iters: 4600, epoch: 6 | loss: 0.2598814
	speed: 0.0113s/iter; left time: 6491.1069s
	iters: 4700, epoch: 6 | loss: 0.1464381
	speed: 0.0107s/iter; left time: 6144.2186s
	iters: 4800, epoch: 6 | loss: 0.1962881
	speed: 0.0107s/iter; left time: 6138.3634s
	iters: 4900, epoch: 6 | loss: 0.1341125
	speed: 0.0106s/iter; left time: 6070.4115s
	iters: 5000, epoch: 6 | loss: 0.1882449
	speed: 0.0110s/iter; left time: 6294.9803s
	iters: 5100, epoch: 6 | loss: 0.1505367
	speed: 0.0107s/iter; left time: 6134.2617s
	iters: 5200, epoch: 6 | loss: 0.1752248
	speed: 0.0107s/iter; left time: 6149.0994s
	iters: 5300, epoch: 6 | loss: 0.1677673
	speed: 0.0110s/iter; left time: 6300.9009s
	iters: 5400, epoch: 6 | loss: 0.1286335
	speed: 0.0107s/iter; left time: 6161.2810s
	iters: 5500, epoch: 6 | loss: 0.1657881
	speed: 0.0109s/iter; left time: 6261.6383s
	iters: 5600, epoch: 6 | loss: 0.1564462
	speed: 0.0104s/iter; left time: 5977.6149s
	iters: 5700, epoch: 6 | loss: 0.1701948
	speed: 0.0105s/iter; left time: 6030.0809s
	iters: 5800, epoch: 6 | loss: 0.2582157
	speed: 0.0106s/iter; left time: 6070.6273s
	iters: 5900, epoch: 6 | loss: 0.1782496
	speed: 0.0106s/iter; left time: 6100.2261s
	iters: 6000, epoch: 6 | loss: 0.1829227
	speed: 0.0105s/iter; left time: 6017.5989s
	iters: 6100, epoch: 6 | loss: 0.1085313
	speed: 0.0105s/iter; left time: 6002.2728s
	iters: 6200, epoch: 6 | loss: 0.1964866
	speed: 0.0105s/iter; left time: 6026.4833s
	iters: 6300, epoch: 6 | loss: 0.1664866
	speed: 0.0109s/iter; left time: 6247.0825s
	iters: 6400, epoch: 6 | loss: 0.1409517
	speed: 0.0106s/iter; left time: 6076.6974s
	iters: 6500, epoch: 6 | loss: 0.2337938
	speed: 0.0116s/iter; left time: 6656.3763s
	iters: 6600, epoch: 6 | loss: 0.1717868
	speed: 0.0122s/iter; left time: 6985.9515s
	iters: 6700, epoch: 6 | loss: 0.1580684
	speed: 0.0106s/iter; left time: 6097.2880s
	iters: 6800, epoch: 6 | loss: 0.1828144
	speed: 0.0109s/iter; left time: 6237.6304s
	iters: 6900, epoch: 6 | loss: 0.1655582
	speed: 0.0107s/iter; left time: 6128.4605s
	iters: 7000, epoch: 6 | loss: 0.2667357
	speed: 0.0105s/iter; left time: 5999.5060s
	iters: 7100, epoch: 6 | loss: 0.1352799
	speed: 0.0109s/iter; left time: 6223.5157s
	iters: 7200, epoch: 6 | loss: 0.1055224
	speed: 0.0106s/iter; left time: 6049.8720s
	iters: 7300, epoch: 6 | loss: 0.1867824
	speed: 0.0105s/iter; left time: 6021.9023s
	iters: 7400, epoch: 6 | loss: 0.2864276
	speed: 0.0113s/iter; left time: 6471.4001s
	iters: 7500, epoch: 6 | loss: 0.2006877
	speed: 0.0106s/iter; left time: 6085.9817s
	iters: 7600, epoch: 6 | loss: 0.1462034
	speed: 0.0106s/iter; left time: 6042.5720s
	iters: 7700, epoch: 6 | loss: 0.1311323
	speed: 0.0106s/iter; left time: 6081.8266s
	iters: 7800, epoch: 6 | loss: 0.1431946
	speed: 0.0106s/iter; left time: 6051.3539s
	iters: 7900, epoch: 6 | loss: 0.1942002
	speed: 0.0104s/iter; left time: 5966.3664s
	iters: 8000, epoch: 6 | loss: 0.1632817
	speed: 0.0135s/iter; left time: 7721.6096s
	iters: 8100, epoch: 6 | loss: 0.1441793
	speed: 0.0136s/iter; left time: 7758.0134s
	iters: 8200, epoch: 6 | loss: 0.1898901
	speed: 0.0114s/iter; left time: 6497.1795s
	iters: 8300, epoch: 6 | loss: 0.1701197
	speed: 0.0113s/iter; left time: 6435.0883s
	iters: 8400, epoch: 6 | loss: 0.1880196
	speed: 0.0105s/iter; left time: 6006.9062s
	iters: 8500, epoch: 6 | loss: 0.1420339
	speed: 0.0108s/iter; left time: 6154.1855s
	iters: 8600, epoch: 6 | loss: 0.2022552
	speed: 0.0104s/iter; left time: 5954.0450s
	iters: 8700, epoch: 6 | loss: 0.1336983
	speed: 0.0108s/iter; left time: 6170.5090s
	iters: 8800, epoch: 6 | loss: 0.1855066
	speed: 0.0108s/iter; left time: 6162.2696s
	iters: 8900, epoch: 6 | loss: 0.1197482
	speed: 0.0107s/iter; left time: 6082.8462s
	iters: 9000, epoch: 6 | loss: 0.1205774
	speed: 0.0105s/iter; left time: 6009.0567s
	iters: 9100, epoch: 6 | loss: 0.1966824
	speed: 0.0107s/iter; left time: 6116.9013s
	iters: 9200, epoch: 6 | loss: 0.1717293
	speed: 0.0109s/iter; left time: 6212.9439s
	iters: 9300, epoch: 6 | loss: 0.1350700
	speed: 0.0129s/iter; left time: 7373.0167s
	iters: 9400, epoch: 6 | loss: 0.1476239
	speed: 0.0114s/iter; left time: 6508.0315s
	iters: 9500, epoch: 6 | loss: 0.2003187
	speed: 0.0109s/iter; left time: 6222.9657s
	iters: 9600, epoch: 6 | loss: 0.1591945
	speed: 0.0110s/iter; left time: 6293.0171s
	iters: 9700, epoch: 6 | loss: 0.1669118
	speed: 0.0110s/iter; left time: 6247.6921s
	iters: 9800, epoch: 6 | loss: 0.1821611
	speed: 0.0106s/iter; left time: 6045.3517s
	iters: 9900, epoch: 6 | loss: 0.1399411
	speed: 0.0106s/iter; left time: 6034.7833s
	iters: 10000, epoch: 6 | loss: 0.1966719
	speed: 0.0107s/iter; left time: 6080.6676s
	iters: 10100, epoch: 6 | loss: 0.1527359
	speed: 0.0109s/iter; left time: 6232.8477s
	iters: 10200, epoch: 6 | loss: 0.2078838
	speed: 0.0113s/iter; left time: 6460.6356s
	iters: 10300, epoch: 6 | loss: 0.1791200
	speed: 0.0108s/iter; left time: 6145.0103s
	iters: 10400, epoch: 6 | loss: 0.1551666
	speed: 0.0109s/iter; left time: 6216.3913s
	iters: 10500, epoch: 6 | loss: 0.1110176
	speed: 0.0106s/iter; left time: 6031.7381s
	iters: 10600, epoch: 6 | loss: 0.1762961
	speed: 0.0107s/iter; left time: 6103.9002s
	iters: 10700, epoch: 6 | loss: 0.1257118
	speed: 0.0109s/iter; left time: 6208.7010s
	iters: 10800, epoch: 6 | loss: 0.1545047
	speed: 0.0106s/iter; left time: 6042.3507s
	iters: 10900, epoch: 6 | loss: 0.1656771
	speed: 0.0107s/iter; left time: 6106.4129s
	iters: 11000, epoch: 6 | loss: 0.2387152
	speed: 0.0106s/iter; left time: 6038.5113s
	iters: 11100, epoch: 6 | loss: 0.1972600
	speed: 0.0108s/iter; left time: 6150.0327s
	iters: 11200, epoch: 6 | loss: 0.1345136
	speed: 0.0105s/iter; left time: 5990.0599s
	iters: 11300, epoch: 6 | loss: 0.2608653
	speed: 0.0106s/iter; left time: 6025.3119s
	iters: 11400, epoch: 6 | loss: 0.1167334
	speed: 0.0106s/iter; left time: 6025.5284s
	iters: 11500, epoch: 6 | loss: 0.1249121
	speed: 0.0105s/iter; left time: 5954.4148s
	iters: 11600, epoch: 6 | loss: 0.2220844
	speed: 0.0109s/iter; left time: 6219.8056s
	iters: 11700, epoch: 6 | loss: 0.2042916
	speed: 0.0105s/iter; left time: 5942.5760s
	iters: 11800, epoch: 6 | loss: 0.2019117
	speed: 0.0106s/iter; left time: 5992.3519s
	iters: 11900, epoch: 6 | loss: 0.1242263
	speed: 0.0106s/iter; left time: 6046.8039s
	iters: 12000, epoch: 6 | loss: 0.1473743
	speed: 0.0105s/iter; left time: 5969.6139s
	iters: 12100, epoch: 6 | loss: 0.2025669
	speed: 0.0118s/iter; left time: 6721.8771s
	iters: 12200, epoch: 6 | loss: 0.1775359
	speed: 0.0119s/iter; left time: 6772.6849s
	iters: 12300, epoch: 6 | loss: 0.1612349
	speed: 0.0106s/iter; left time: 6014.5636s
	iters: 12400, epoch: 6 | loss: 0.1370411
	speed: 0.0107s/iter; left time: 6042.3926s
	iters: 12500, epoch: 6 | loss: 0.1873244
	speed: 0.0104s/iter; left time: 5880.1664s
	iters: 12600, epoch: 6 | loss: 0.1425908
	speed: 0.0104s/iter; left time: 5912.4600s
	iters: 12700, epoch: 6 | loss: 0.1357279
	speed: 0.0106s/iter; left time: 5982.4601s
	iters: 12800, epoch: 6 | loss: 0.2570696
	speed: 0.0104s/iter; left time: 5906.4051s
	iters: 12900, epoch: 6 | loss: 0.1787281
	speed: 0.0109s/iter; left time: 6184.7395s
	iters: 13000, epoch: 6 | loss: 0.1684707
	speed: 0.0109s/iter; left time: 6157.5006s
	iters: 13100, epoch: 6 | loss: 0.1848643
	speed: 0.0105s/iter; left time: 5926.4589s
	iters: 13200, epoch: 6 | loss: 0.1654054
	speed: 0.0106s/iter; left time: 6010.6407s
	iters: 13300, epoch: 6 | loss: 0.2245469
	speed: 0.0106s/iter; left time: 6007.4082s
	iters: 13400, epoch: 6 | loss: 0.1542238
	speed: 0.0109s/iter; left time: 6175.3413s
	iters: 13500, epoch: 6 | loss: 0.1998124
	speed: 0.0110s/iter; left time: 6248.1552s
	iters: 13600, epoch: 6 | loss: 0.1723149
	speed: 0.0107s/iter; left time: 6082.3953s
	iters: 13700, epoch: 6 | loss: 0.1751415
	speed: 0.0108s/iter; left time: 6104.2300s
	iters: 13800, epoch: 6 | loss: 0.2419607
	speed: 0.0107s/iter; left time: 6033.6056s
	iters: 13900, epoch: 6 | loss: 0.1613750
	speed: 0.0108s/iter; left time: 6134.0912s
	iters: 14000, epoch: 6 | loss: 0.2385044
	speed: 0.0107s/iter; left time: 6029.9843s
	iters: 14100, epoch: 6 | loss: 0.1880262
	speed: 0.0109s/iter; left time: 6168.9872s
	iters: 14200, epoch: 6 | loss: 0.1333315
	speed: 0.0107s/iter; left time: 6059.7283s
	iters: 14300, epoch: 6 | loss: 0.1605256
	speed: 0.0105s/iter; left time: 5946.4336s
	iters: 14400, epoch: 6 | loss: 0.1234522
	speed: 0.0111s/iter; left time: 6267.9147s
	iters: 14500, epoch: 6 | loss: 0.1688818
	speed: 0.0107s/iter; left time: 6057.5031s
	iters: 14600, epoch: 6 | loss: 0.1486717
	speed: 0.0106s/iter; left time: 6001.1749s
	iters: 14700, epoch: 6 | loss: 0.1903313
	speed: 0.0107s/iter; left time: 6028.1385s
	iters: 14800, epoch: 6 | loss: 0.2067299
	speed: 0.0106s/iter; left time: 6006.7153s
	iters: 14900, epoch: 6 | loss: 0.1737061
	speed: 0.0111s/iter; left time: 6241.8541s
	iters: 15000, epoch: 6 | loss: 0.1827735
	speed: 0.0132s/iter; left time: 7465.2732s
	iters: 15100, epoch: 6 | loss: 0.1537568
	speed: 0.0106s/iter; left time: 5958.6004s
	iters: 15200, epoch: 6 | loss: 0.2107374
	speed: 0.0109s/iter; left time: 6157.1965s
	iters: 15300, epoch: 6 | loss: 0.1554854
	speed: 0.0106s/iter; left time: 6000.0359s
	iters: 15400, epoch: 6 | loss: 0.1660140
	speed: 0.0105s/iter; left time: 5924.4716s
	iters: 15500, epoch: 6 | loss: 0.1773200
	speed: 0.0106s/iter; left time: 6005.8336s
	iters: 15600, epoch: 6 | loss: 0.1934613
	speed: 0.0106s/iter; left time: 5995.2369s
	iters: 15700, epoch: 6 | loss: 0.2015753
	speed: 0.0110s/iter; left time: 6195.8287s
	iters: 15800, epoch: 6 | loss: 0.2096819
	speed: 0.0111s/iter; left time: 6244.4898s
	iters: 15900, epoch: 6 | loss: 0.1749940
	speed: 0.0109s/iter; left time: 6141.5633s
	iters: 16000, epoch: 6 | loss: 0.2803337
	speed: 0.0110s/iter; left time: 6210.9943s
	iters: 16100, epoch: 6 | loss: 0.2142261
	speed: 0.0107s/iter; left time: 6051.0054s
	iters: 16200, epoch: 6 | loss: 0.2029988
	speed: 0.0111s/iter; left time: 6245.7348s
	iters: 16300, epoch: 6 | loss: 0.1664501
	speed: 0.0112s/iter; left time: 6338.2797s
	iters: 16400, epoch: 6 | loss: 0.1770580
	speed: 0.0110s/iter; left time: 6176.2971s
	iters: 16500, epoch: 6 | loss: 0.2131939
	speed: 0.0110s/iter; left time: 6174.2459s
	iters: 16600, epoch: 6 | loss: 0.2575415
	speed: 0.0108s/iter; left time: 6105.9283s
	iters: 16700, epoch: 6 | loss: 0.1542638
	speed: 0.0109s/iter; left time: 6127.4611s
	iters: 16800, epoch: 6 | loss: 0.1603745
	speed: 0.0108s/iter; left time: 6067.4203s
	iters: 16900, epoch: 6 | loss: 0.1543057
	speed: 0.0106s/iter; left time: 5968.3795s
	iters: 17000, epoch: 6 | loss: 0.2036137
	speed: 0.0106s/iter; left time: 5937.9505s
	iters: 17100, epoch: 6 | loss: 0.1858417
	speed: 0.0106s/iter; left time: 5985.2874s
	iters: 17200, epoch: 6 | loss: 0.1350374
	speed: 0.0105s/iter; left time: 5922.9242s
	iters: 17300, epoch: 6 | loss: 0.1177430
	speed: 0.0107s/iter; left time: 6021.5322s
	iters: 17400, epoch: 6 | loss: 0.1646066
	speed: 0.0106s/iter; left time: 5949.5306s
	iters: 17500, epoch: 6 | loss: 0.1590543
	speed: 0.0110s/iter; left time: 6157.8537s
	iters: 17600, epoch: 6 | loss: 0.1236916
	speed: 0.0106s/iter; left time: 5956.5781s
	iters: 17700, epoch: 6 | loss: 0.1166736
	speed: 0.0112s/iter; left time: 6302.4828s
	iters: 17800, epoch: 6 | loss: 0.1303188
	speed: 0.0130s/iter; left time: 7295.8261s
	iters: 17900, epoch: 6 | loss: 0.1608039
	speed: 0.0105s/iter; left time: 5916.9098s
	iters: 18000, epoch: 6 | loss: 0.1626078
	speed: 0.0108s/iter; left time: 6094.7896s
	iters: 18100, epoch: 6 | loss: 0.1404220
	speed: 0.0104s/iter; left time: 5830.1201s
	iters: 18200, epoch: 6 | loss: 0.1416391
	speed: 0.0106s/iter; left time: 5926.8563s
	iters: 18300, epoch: 6 | loss: 0.1223744
	speed: 0.0105s/iter; left time: 5921.7931s
	iters: 18400, epoch: 6 | loss: 0.1356547
	speed: 0.0105s/iter; left time: 5894.9146s
	iters: 18500, epoch: 6 | loss: 0.1689616
	speed: 0.0109s/iter; left time: 6106.0713s
	iters: 18600, epoch: 6 | loss: 0.1770101
	speed: 0.0108s/iter; left time: 6061.2264s
	iters: 18700, epoch: 6 | loss: 0.1486288
	speed: 0.0105s/iter; left time: 5886.8992s
	iters: 18800, epoch: 6 | loss: 0.1607943
	speed: 0.0107s/iter; left time: 5992.9204s
	iters: 18900, epoch: 6 | loss: 0.1684864
	speed: 0.0110s/iter; left time: 6194.4124s
	iters: 19000, epoch: 6 | loss: 0.2054376
	speed: 0.0106s/iter; left time: 5966.7403s
	iters: 19100, epoch: 6 | loss: 0.1522734
	speed: 0.0111s/iter; left time: 6233.7734s
	iters: 19200, epoch: 6 | loss: 0.1843849
	speed: 0.0109s/iter; left time: 6092.3201s
	iters: 19300, epoch: 6 | loss: 0.1161440
	speed: 0.0108s/iter; left time: 6050.0189s
	iters: 19400, epoch: 6 | loss: 0.1318930
	speed: 0.0107s/iter; left time: 6023.4208s
	iters: 19500, epoch: 6 | loss: 0.1391654
	speed: 0.0108s/iter; left time: 6048.6186s
	iters: 19600, epoch: 6 | loss: 0.1822601
	speed: 0.0108s/iter; left time: 6033.6123s
	iters: 19700, epoch: 6 | loss: 0.1522783
	speed: 0.0107s/iter; left time: 5995.5123s
	iters: 19800, epoch: 6 | loss: 0.1983430
	speed: 0.0107s/iter; left time: 5965.1446s
	iters: 19900, epoch: 6 | loss: 0.1368699
	speed: 0.0104s/iter; left time: 5848.6948s
	iters: 20000, epoch: 6 | loss: 0.1579862
	speed: 0.0103s/iter; left time: 5791.2066s
	iters: 20100, epoch: 6 | loss: 0.1667106
	speed: 0.0109s/iter; left time: 6127.9851s
	iters: 20200, epoch: 6 | loss: 0.1835908
	speed: 0.0105s/iter; left time: 5896.8892s
	iters: 20300, epoch: 6 | loss: 0.1375089
	speed: 0.0109s/iter; left time: 6091.0128s
	iters: 20400, epoch: 6 | loss: 0.1712664
	speed: 0.0107s/iter; left time: 5976.4510s
	iters: 20500, epoch: 6 | loss: 0.2610157
	speed: 0.0112s/iter; left time: 6255.7717s
	iters: 20600, epoch: 6 | loss: 0.1542257
	speed: 0.0119s/iter; left time: 6668.2549s
	iters: 20700, epoch: 6 | loss: 0.2036863
	speed: 0.0114s/iter; left time: 6369.0354s
	iters: 20800, epoch: 6 | loss: 0.1761191
	speed: 0.0108s/iter; left time: 6047.7513s
	iters: 20900, epoch: 6 | loss: 0.1587766
	speed: 0.0105s/iter; left time: 5845.8306s
	iters: 21000, epoch: 6 | loss: 0.1688707
	speed: 0.0105s/iter; left time: 5884.8975s
	iters: 21100, epoch: 6 | loss: 0.1850380
	speed: 0.0105s/iter; left time: 5865.2785s
	iters: 21200, epoch: 6 | loss: 0.1954484
	speed: 0.0108s/iter; left time: 6018.8457s
	iters: 21300, epoch: 6 | loss: 0.2062058
	speed: 0.0107s/iter; left time: 5966.6950s
	iters: 21400, epoch: 6 | loss: 0.2070538
	speed: 0.0104s/iter; left time: 5815.8385s
	iters: 21500, epoch: 6 | loss: 0.1475221
	speed: 0.0109s/iter; left time: 6088.6515s
	iters: 21600, epoch: 6 | loss: 0.2118623
	speed: 0.0106s/iter; left time: 5892.1995s
	iters: 21700, epoch: 6 | loss: 0.1954517
	speed: 0.0107s/iter; left time: 5969.0365s
	iters: 21800, epoch: 6 | loss: 0.1371399
	speed: 0.0106s/iter; left time: 5911.5173s
	iters: 21900, epoch: 6 | loss: 0.1848554
	speed: 0.0115s/iter; left time: 6404.7918s
	iters: 22000, epoch: 6 | loss: 0.1215136
	speed: 0.0111s/iter; left time: 6213.2509s
	iters: 22100, epoch: 6 | loss: 0.1732713
	speed: 0.0106s/iter; left time: 5931.7734s
	iters: 22200, epoch: 6 | loss: 0.1544570
	speed: 0.0109s/iter; left time: 6102.8919s
	iters: 22300, epoch: 6 | loss: 0.1590919
	speed: 0.0108s/iter; left time: 6020.1368s
	iters: 22400, epoch: 6 | loss: 0.1837872
	speed: 0.0112s/iter; left time: 6251.0331s
	iters: 22500, epoch: 6 | loss: 0.1741017
	speed: 0.0109s/iter; left time: 6092.4151s
	iters: 22600, epoch: 6 | loss: 0.1387763
	speed: 0.0108s/iter; left time: 6026.4837s
	iters: 22700, epoch: 6 | loss: 0.1233984
	speed: 0.0108s/iter; left time: 6037.2249s
	iters: 22800, epoch: 6 | loss: 0.1555913
	speed: 0.0106s/iter; left time: 5925.6779s
	iters: 22900, epoch: 6 | loss: 0.1570235
	speed: 0.0108s/iter; left time: 6008.0346s
	iters: 23000, epoch: 6 | loss: 0.1787211
	speed: 0.0110s/iter; left time: 6133.1567s
	iters: 23100, epoch: 6 | loss: 0.1827405
	speed: 0.0109s/iter; left time: 6050.6206s
Epoch: 6 cost time: 251.4589126110077
Epoch: 6, Steps: 23190 | Train Loss: 0.1800115 Vali Loss: 0.1843421
EarlyStopping counter: 5 out of 5
Early stopping
>>>>>>>testing : DLAM_96_24_cycle24_seed2024_GTRiTransformer_iTransformer_DLAM_ftMS_sl96_pl24_cycle24_dm512_el3_seed2024_0<<<<<<<<<<<<<<<<<<<<<<<<<<<<<<<<<
Loading AIML-TUDA/dlam-ts-project-data-2026 from HuggingFace...
/home/hetz/pytorch_projects/bonus_group34/.venv/lib/python3.14/site-packages/sklearn/utils/validation.py:2827: UserWarning: X does not have valid feature names, but StandardScaler was fitted with feature names
  warnings.warn(
/home/hetz/pytorch_projects/bonus_group34/.venv/lib/python3.14/site-packages/sklearn/utils/validation.py:2827: UserWarning: X does not have valid feature names, but StandardScaler was fitted with feature names
  warnings.warn(
/home/hetz/pytorch_projects/bonus_group34/.venv/lib/python3.14/site-packages/sklearn/utils/validation.py:2827: UserWarning: X does not have valid feature names, but StandardScaler was fitted with feature names
  warnings.warn(
/home/hetz/pytorch_projects/bonus_group34/.venv/lib/python3.14/site-packages/sklearn/utils/validation.py:2827: UserWarning: X does not have valid feature names, but StandardScaler was fitted with feature names
  warnings.warn(
/home/hetz/pytorch_projects/bonus_group34/.venv/lib/python3.14/site-packages/sklearn/utils/validation.py:2827: UserWarning: X does not have valid feature names, but StandardScaler was fitted with feature names
  warnings.warn(
/home/hetz/pytorch_projects/bonus_group34/.venv/lib/python3.14/site-packages/sklearn/utils/validation.py:2827: UserWarning: X does not have valid feature names, but StandardScaler was fitted with feature names
  warnings.warn(
/home/hetz/pytorch_projects/bonus_group34/.venv/lib/python3.14/site-packages/sklearn/utils/validation.py:2827: UserWarning: X does not have valid feature names, but StandardScaler was fitted with feature names
  warnings.warn(
/home/hetz/pytorch_projects/bonus_group34/.venv/lib/python3.14/site-packages/sklearn/utils/validation.py:2827: UserWarning: X does not have valid feature names, but StandardScaler was fitted with feature names
  warnings.warn(
/home/hetz/pytorch_projects/bonus_group34/.venv/lib/python3.14/site-packages/sklearn/utils/validation.py:2827: UserWarning: X does not have valid feature names, but StandardScaler was fitted with feature names
  warnings.warn(
/home/hetz/pytorch_projects/bonus_group34/.venv/lib/python3.14/site-packages/sklearn/utils/validation.py:2827: UserWarning: X does not have valid feature names, but StandardScaler was fitted with feature names
  warnings.warn(
/home/hetz/pytorch_projects/bonus_group34/.venv/lib/python3.14/site-packages/sklearn/utils/validation.py:2827: UserWarning: X does not have valid feature names, but StandardScaler was fitted with feature names
  warnings.warn(
/home/hetz/pytorch_projects/bonus_group34/.venv/lib/python3.14/site-packages/sklearn/utils/validation.py:2827: UserWarning: X does not have valid feature names, but StandardScaler was fitted with feature names
  warnings.warn(
/home/hetz/pytorch_projects/bonus_group34/.venv/lib/python3.14/site-packages/sklearn/utils/validation.py:2827: UserWarning: X does not have valid feature names, but StandardScaler was fitted with feature names
  warnings.warn(
/home/hetz/pytorch_projects/bonus_group34/.venv/lib/python3.14/site-packages/sklearn/utils/validation.py:2827: UserWarning: X does not have valid feature names, but StandardScaler was fitted with feature names
  warnings.warn(
/home/hetz/pytorch_projects/bonus_group34/.venv/lib/python3.14/site-packages/sklearn/utils/validation.py:2827: UserWarning: X does not have valid feature names, but StandardScaler was fitted with feature names
  warnings.warn(
/home/hetz/pytorch_projects/bonus_group34/.venv/lib/python3.14/site-packages/sklearn/utils/validation.py:2827: UserWarning: X does not have valid feature names, but StandardScaler was fitted with feature names
  warnings.warn(
/home/hetz/pytorch_projects/bonus_group34/.venv/lib/python3.14/site-packages/sklearn/utils/validation.py:2827: UserWarning: X does not have valid feature names, but StandardScaler was fitted with feature names
  warnings.warn(
/home/hetz/pytorch_projects/bonus_group34/.venv/lib/python3.14/site-packages/sklearn/utils/validation.py:2827: UserWarning: X does not have valid feature names, but StandardScaler was fitted with feature names
  warnings.warn(
/home/hetz/pytorch_projects/bonus_group34/.venv/lib/python3.14/site-packages/sklearn/utils/validation.py:2827: UserWarning: X does not have valid feature names, but StandardScaler was fitted with feature names
  warnings.warn(
/home/hetz/pytorch_projects/bonus_group34/.venv/lib/python3.14/site-packages/sklearn/utils/validation.py:2827: UserWarning: X does not have valid feature names, but StandardScaler was fitted with feature names
  warnings.warn(
/home/hetz/pytorch_projects/bonus_group34/.venv/lib/python3.14/site-packages/sklearn/utils/validation.py:2827: UserWarning: X does not have valid feature names, but StandardScaler was fitted with feature names
  warnings.warn(
/home/hetz/pytorch_projects/bonus_group34/.venv/lib/python3.14/site-packages/sklearn/utils/validation.py:2827: UserWarning: X does not have valid feature names, but StandardScaler was fitted with feature names
  warnings.warn(
/home/hetz/pytorch_projects/bonus_group34/.venv/lib/python3.14/site-packages/sklearn/utils/validation.py:2827: UserWarning: X does not have valid feature names, but StandardScaler was fitted with feature names
  warnings.warn(
/home/hetz/pytorch_projects/bonus_group34/.venv/lib/python3.14/site-packages/sklearn/utils/validation.py:2827: UserWarning: X does not have valid feature names, but StandardScaler was fitted with feature names
  warnings.warn(
/home/hetz/pytorch_projects/bonus_group34/.venv/lib/python3.14/site-packages/sklearn/utils/validation.py:2827: UserWarning: X does not have valid feature names, but StandardScaler was fitted with feature names
  warnings.warn(
/home/hetz/pytorch_projects/bonus_group34/.venv/lib/python3.14/site-packages/sklearn/utils/validation.py:2827: UserWarning: X does not have valid feature names, but StandardScaler was fitted with feature names
  warnings.warn(
/home/hetz/pytorch_projects/bonus_group34/.venv/lib/python3.14/site-packages/sklearn/utils/validation.py:2827: UserWarning: X does not have valid feature names, but StandardScaler was fitted with feature names
  warnings.warn(
/home/hetz/pytorch_projects/bonus_group34/.venv/lib/python3.14/site-packages/sklearn/utils/validation.py:2827: UserWarning: X does not have valid feature names, but StandardScaler was fitted with feature names
  warnings.warn(
/home/hetz/pytorch_projects/bonus_group34/.venv/lib/python3.14/site-packages/sklearn/utils/validation.py:2827: UserWarning: X does not have valid feature names, but StandardScaler was fitted with feature names
  warnings.warn(
/home/hetz/pytorch_projects/bonus_group34/.venv/lib/python3.14/site-packages/sklearn/utils/validation.py:2827: UserWarning: X does not have valid feature names, but StandardScaler was fitted with feature names
  warnings.warn(
/home/hetz/pytorch_projects/bonus_group34/.venv/lib/python3.14/site-packages/sklearn/utils/validation.py:2827: UserWarning: X does not have valid feature names, but StandardScaler was fitted with feature names
  warnings.warn(
/home/hetz/pytorch_projects/bonus_group34/.venv/lib/python3.14/site-packages/sklearn/utils/validation.py:2827: UserWarning: X does not have valid feature names, but StandardScaler was fitted with feature names
  warnings.warn(
/home/hetz/pytorch_projects/bonus_group34/.venv/lib/python3.14/site-packages/sklearn/utils/validation.py:2827: UserWarning: X does not have valid feature names, but StandardScaler was fitted with feature names
  warnings.warn(
/home/hetz/pytorch_projects/bonus_group34/.venv/lib/python3.14/site-packages/sklearn/utils/validation.py:2827: UserWarning: X does not have valid feature names, but StandardScaler was fitted with feature names
  warnings.warn(
/home/hetz/pytorch_projects/bonus_group34/.venv/lib/python3.14/site-packages/sklearn/utils/validation.py:2827: UserWarning: X does not have valid feature names, but StandardScaler was fitted with feature names
  warnings.warn(
/home/hetz/pytorch_projects/bonus_group34/.venv/lib/python3.14/site-packages/sklearn/utils/validation.py:2827: UserWarning: X does not have valid feature names, but StandardScaler was fitted with feature names
  warnings.warn(
/home/hetz/pytorch_projects/bonus_group34/.venv/lib/python3.14/site-packages/sklearn/utils/validation.py:2827: UserWarning: X does not have valid feature names, but StandardScaler was fitted with feature names
  warnings.warn(
/home/hetz/pytorch_projects/bonus_group34/.venv/lib/python3.14/site-packages/sklearn/utils/validation.py:2827: UserWarning: X does not have valid feature names, but StandardScaler was fitted with feature names
  warnings.warn(
/home/hetz/pytorch_projects/bonus_group34/.venv/lib/python3.14/site-packages/sklearn/utils/validation.py:2827: UserWarning: X does not have valid feature names, but StandardScaler was fitted with feature names
  warnings.warn(
/home/hetz/pytorch_projects/bonus_group34/.venv/lib/python3.14/site-packages/sklearn/utils/validation.py:2827: UserWarning: X does not have valid feature names, but StandardScaler was fitted with feature names
  warnings.warn(
/home/hetz/pytorch_projects/bonus_group34/.venv/lib/python3.14/site-packages/sklearn/utils/validation.py:2827: UserWarning: X does not have valid feature names, but StandardScaler was fitted with feature names
  warnings.warn(
/home/hetz/pytorch_projects/bonus_group34/.venv/lib/python3.14/site-packages/sklearn/utils/validation.py:2827: UserWarning: X does not have valid feature names, but StandardScaler was fitted with feature names
  warnings.warn(
/home/hetz/pytorch_projects/bonus_group34/.venv/lib/python3.14/site-packages/sklearn/utils/validation.py:2827: UserWarning: X does not have valid feature names, but StandardScaler was fitted with feature names
  warnings.warn(
/home/hetz/pytorch_projects/bonus_group34/.venv/lib/python3.14/site-packages/sklearn/utils/validation.py:2827: UserWarning: X does not have valid feature names, but StandardScaler was fitted with feature names
  warnings.warn(
/home/hetz/pytorch_projects/bonus_group34/.venv/lib/python3.14/site-packages/sklearn/utils/validation.py:2827: UserWarning: X does not have valid feature names, but StandardScaler was fitted with feature names
  warnings.warn(
/home/hetz/pytorch_projects/bonus_group34/.venv/lib/python3.14/site-packages/sklearn/utils/validation.py:2827: UserWarning: X does not have valid feature names, but StandardScaler was fitted with feature names
  warnings.warn(
/home/hetz/pytorch_projects/bonus_group34/.venv/lib/python3.14/site-packages/sklearn/utils/validation.py:2827: UserWarning: X does not have valid feature names, but StandardScaler was fitted with feature names
  warnings.warn(
/home/hetz/pytorch_projects/bonus_group34/.venv/lib/python3.14/site-packages/sklearn/utils/validation.py:2827: UserWarning: X does not have valid feature names, but StandardScaler was fitted with feature names
  warnings.warn(
/home/hetz/pytorch_projects/bonus_group34/.venv/lib/python3.14/site-packages/sklearn/utils/validation.py:2827: UserWarning: X does not have valid feature names, but StandardScaler was fitted with feature names
  warnings.warn(
/home/hetz/pytorch_projects/bonus_group34/.venv/lib/python3.14/site-packages/sklearn/utils/validation.py:2827: UserWarning: X does not have valid feature names, but StandardScaler was fitted with feature names
  warnings.warn(
/home/hetz/pytorch_projects/bonus_group34/.venv/lib/python3.14/site-packages/sklearn/utils/validation.py:2827: UserWarning: X does not have valid feature names, but StandardScaler was fitted with feature names
  warnings.warn(
/home/hetz/pytorch_projects/bonus_group34/.venv/lib/python3.14/site-packages/sklearn/utils/validation.py:2827: UserWarning: X does not have valid feature names, but StandardScaler was fitted with feature names
  warnings.warn(
/home/hetz/pytorch_projects/bonus_group34/.venv/lib/python3.14/site-packages/sklearn/utils/validation.py:2827: UserWarning: X does not have valid feature names, but StandardScaler was fitted with feature names
  warnings.warn(
/home/hetz/pytorch_projects/bonus_group34/.venv/lib/python3.14/site-packages/sklearn/utils/validation.py:2827: UserWarning: X does not have valid feature names, but StandardScaler was fitted with feature names
  warnings.warn(
/home/hetz/pytorch_projects/bonus_group34/.venv/lib/python3.14/site-packages/sklearn/utils/validation.py:2827: UserWarning: X does not have valid feature names, but StandardScaler was fitted with feature names
  warnings.warn(
/home/hetz/pytorch_projects/bonus_group34/.venv/lib/python3.14/site-packages/sklearn/utils/validation.py:2827: UserWarning: X does not have valid feature names, but StandardScaler was fitted with feature names
  warnings.warn(
/home/hetz/pytorch_projects/bonus_group34/.venv/lib/python3.14/site-packages/sklearn/utils/validation.py:2827: UserWarning: X does not have valid feature names, but StandardScaler was fitted with feature names
  warnings.warn(
/home/hetz/pytorch_projects/bonus_group34/.venv/lib/python3.14/site-packages/sklearn/utils/validation.py:2827: UserWarning: X does not have valid feature names, but StandardScaler was fitted with feature names
  warnings.warn(
/home/hetz/pytorch_projects/bonus_group34/.venv/lib/python3.14/site-packages/sklearn/utils/validation.py:2827: UserWarning: X does not have valid feature names, but StandardScaler was fitted with feature names
  warnings.warn(
/home/hetz/pytorch_projects/bonus_group34/.venv/lib/python3.14/site-packages/sklearn/utils/validation.py:2827: UserWarning: X does not have valid feature names, but StandardScaler was fitted with feature names
  warnings.warn(
/home/hetz/pytorch_projects/bonus_group34/.venv/lib/python3.14/site-packages/sklearn/utils/validation.py:2827: UserWarning: X does not have valid feature names, but StandardScaler was fitted with feature names
  warnings.warn(
/home/hetz/pytorch_projects/bonus_group34/.venv/lib/python3.14/site-packages/sklearn/utils/validation.py:2827: UserWarning: X does not have valid feature names, but StandardScaler was fitted with feature names
  warnings.warn(
/home/hetz/pytorch_projects/bonus_group34/.venv/lib/python3.14/site-packages/sklearn/utils/validation.py:2827: UserWarning: X does not have valid feature names, but StandardScaler was fitted with feature names
  warnings.warn(
/home/hetz/pytorch_projects/bonus_group34/.venv/lib/python3.14/site-packages/sklearn/utils/validation.py:2827: UserWarning: X does not have valid feature names, but StandardScaler was fitted with feature names
  warnings.warn(
/home/hetz/pytorch_projects/bonus_group34/.venv/lib/python3.14/site-packages/sklearn/utils/validation.py:2827: UserWarning: X does not have valid feature names, but StandardScaler was fitted with feature names
  warnings.warn(
/home/hetz/pytorch_projects/bonus_group34/.venv/lib/python3.14/site-packages/sklearn/utils/validation.py:2827: UserWarning: X does not have valid feature names, but StandardScaler was fitted with feature names
  warnings.warn(
/home/hetz/pytorch_projects/bonus_group34/.venv/lib/python3.14/site-packages/sklearn/utils/validation.py:2827: UserWarning: X does not have valid feature names, but StandardScaler was fitted with feature names
  warnings.warn(
/home/hetz/pytorch_projects/bonus_group34/.venv/lib/python3.14/site-packages/sklearn/utils/validation.py:2827: UserWarning: X does not have valid feature names, but StandardScaler was fitted with feature names
  warnings.warn(
/home/hetz/pytorch_projects/bonus_group34/.venv/lib/python3.14/site-packages/sklearn/utils/validation.py:2827: UserWarning: X does not have valid feature names, but StandardScaler was fitted with feature names
  warnings.warn(
/home/hetz/pytorch_projects/bonus_group34/.venv/lib/python3.14/site-packages/sklearn/utils/validation.py:2827: UserWarning: X does not have valid feature names, but StandardScaler was fitted with feature names
  warnings.warn(
/home/hetz/pytorch_projects/bonus_group34/.venv/lib/python3.14/site-packages/sklearn/utils/validation.py:2827: UserWarning: X does not have valid feature names, but StandardScaler was fitted with feature names
  warnings.warn(
/home/hetz/pytorch_projects/bonus_group34/.venv/lib/python3.14/site-packages/sklearn/utils/validation.py:2827: UserWarning: X does not have valid feature names, but StandardScaler was fitted with feature names
  warnings.warn(
/home/hetz/pytorch_projects/bonus_group34/.venv/lib/python3.14/site-packages/sklearn/utils/validation.py:2827: UserWarning: X does not have valid feature names, but StandardScaler was fitted with feature names
  warnings.warn(
/home/hetz/pytorch_projects/bonus_group34/.venv/lib/python3.14/site-packages/sklearn/utils/validation.py:2827: UserWarning: X does not have valid feature names, but StandardScaler was fitted with feature names
  warnings.warn(
/home/hetz/pytorch_projects/bonus_group34/.venv/lib/python3.14/site-packages/sklearn/utils/validation.py:2827: UserWarning: X does not have valid feature names, but StandardScaler was fitted with feature names
  warnings.warn(
/home/hetz/pytorch_projects/bonus_group34/.venv/lib/python3.14/site-packages/sklearn/utils/validation.py:2827: UserWarning: X does not have valid feature names, but StandardScaler was fitted with feature names
  warnings.warn(
/home/hetz/pytorch_projects/bonus_group34/.venv/lib/python3.14/site-packages/sklearn/utils/validation.py:2827: UserWarning: X does not have valid feature names, but StandardScaler was fitted with feature names
  warnings.warn(
/home/hetz/pytorch_projects/bonus_group34/.venv/lib/python3.14/site-packages/sklearn/utils/validation.py:2827: UserWarning: X does not have valid feature names, but StandardScaler was fitted with feature names
  warnings.warn(
/home/hetz/pytorch_projects/bonus_group34/.venv/lib/python3.14/site-packages/sklearn/utils/validation.py:2827: UserWarning: X does not have valid feature names, but StandardScaler was fitted with feature names
  warnings.warn(
/home/hetz/pytorch_projects/bonus_group34/.venv/lib/python3.14/site-packages/sklearn/utils/validation.py:2827: UserWarning: X does not have valid feature names, but StandardScaler was fitted with feature names
  warnings.warn(
/home/hetz/pytorch_projects/bonus_group34/.venv/lib/python3.14/site-packages/sklearn/utils/validation.py:2827: UserWarning: X does not have valid feature names, but StandardScaler was fitted with feature names
  warnings.warn(
/home/hetz/pytorch_projects/bonus_group34/.venv/lib/python3.14/site-packages/sklearn/utils/validation.py:2827: UserWarning: X does not have valid feature names, but StandardScaler was fitted with feature names
  warnings.warn(
/home/hetz/pytorch_projects/bonus_group34/.venv/lib/python3.14/site-packages/sklearn/utils/validation.py:2827: UserWarning: X does not have valid feature names, but StandardScaler was fitted with feature names
  warnings.warn(
/home/hetz/pytorch_projects/bonus_group34/.venv/lib/python3.14/site-packages/sklearn/utils/validation.py:2827: UserWarning: X does not have valid feature names, but StandardScaler was fitted with feature names
  warnings.warn(
/home/hetz/pytorch_projects/bonus_group34/.venv/lib/python3.14/site-packages/sklearn/utils/validation.py:2827: UserWarning: X does not have valid feature names, but StandardScaler was fitted with feature names
  warnings.warn(
/home/hetz/pytorch_projects/bonus_group34/.venv/lib/python3.14/site-packages/sklearn/utils/validation.py:2827: UserWarning: X does not have valid feature names, but StandardScaler was fitted with feature names
  warnings.warn(
/home/hetz/pytorch_projects/bonus_group34/.venv/lib/python3.14/site-packages/sklearn/utils/validation.py:2827: UserWarning: X does not have valid feature names, but StandardScaler was fitted with feature names
  warnings.warn(
/home/hetz/pytorch_projects/bonus_group34/.venv/lib/python3.14/site-packages/sklearn/utils/validation.py:2827: UserWarning: X does not have valid feature names, but StandardScaler was fitted with feature names
  warnings.warn(
/home/hetz/pytorch_projects/bonus_group34/.venv/lib/python3.14/site-packages/sklearn/utils/validation.py:2827: UserWarning: X does not have valid feature names, but StandardScaler was fitted with feature names
  warnings.warn(
/home/hetz/pytorch_projects/bonus_group34/.venv/lib/python3.14/site-packages/sklearn/utils/validation.py:2827: UserWarning: X does not have valid feature names, but StandardScaler was fitted with feature names
  warnings.warn(
/home/hetz/pytorch_projects/bonus_group34/.venv/lib/python3.14/site-packages/sklearn/utils/validation.py:2827: UserWarning: X does not have valid feature names, but StandardScaler was fitted with feature names
  warnings.warn(
/home/hetz/pytorch_projects/bonus_group34/.venv/lib/python3.14/site-packages/sklearn/utils/validation.py:2827: UserWarning: X does not have valid feature names, but StandardScaler was fitted with feature names
  warnings.warn(
/home/hetz/pytorch_projects/bonus_group34/.venv/lib/python3.14/site-packages/sklearn/utils/validation.py:2827: UserWarning: X does not have valid feature names, but StandardScaler was fitted with feature names
  warnings.warn(
/home/hetz/pytorch_projects/bonus_group34/.venv/lib/python3.14/site-packages/sklearn/utils/validation.py:2827: UserWarning: X does not have valid feature names, but StandardScaler was fitted with feature names
  warnings.warn(
/home/hetz/pytorch_projects/bonus_group34/.venv/lib/python3.14/site-packages/sklearn/utils/validation.py:2827: UserWarning: X does not have valid feature names, but StandardScaler was fitted with feature names
  warnings.warn(
/home/hetz/pytorch_projects/bonus_group34/.venv/lib/python3.14/site-packages/sklearn/utils/validation.py:2827: UserWarning: X does not have valid feature names, but StandardScaler was fitted with feature names
  warnings.warn(
val 30048
mse:14.779792785644531, mae:2.699073076248169, wape:0.25216659903526306
>>>>>>>predicting : DLAM_96_24_cycle24_seed2024_GTRiTransformer_iTransformer_DLAM_ftMS_sl96_pl24_cycle24_dm512_el3_seed2024_0<<<<<<<<<<<<<<<<<<<<<<<<<<<<<<<<<
Loading AIML-TUDA/dlam-ts-project-data-2026 from HuggingFace...
/home/hetz/pytorch_projects/bonus_group34/.venv/lib/python3.14/site-packages/sklearn/utils/validation.py:2827: UserWarning: X does not have valid feature names, but StandardScaler was fitted with feature names
  warnings.warn(
/home/hetz/pytorch_projects/bonus_group34/.venv/lib/python3.14/site-packages/sklearn/utils/validation.py:2827: UserWarning: X does not have valid feature names, but StandardScaler was fitted with feature names
  warnings.warn(
/home/hetz/pytorch_projects/bonus_group34/.venv/lib/python3.14/site-packages/sklearn/utils/validation.py:2827: UserWarning: X does not have valid feature names, but StandardScaler was fitted with feature names
  warnings.warn(
/home/hetz/pytorch_projects/bonus_group34/.venv/lib/python3.14/site-packages/sklearn/utils/validation.py:2827: UserWarning: X does not have valid feature names, but StandardScaler was fitted with feature names
  warnings.warn(
/home/hetz/pytorch_projects/bonus_group34/.venv/lib/python3.14/site-packages/sklearn/utils/validation.py:2827: UserWarning: X does not have valid feature names, but StandardScaler was fitted with feature names
  warnings.warn(
/home/hetz/pytorch_projects/bonus_group34/.venv/lib/python3.14/site-packages/sklearn/utils/validation.py:2827: UserWarning: X does not have valid feature names, but StandardScaler was fitted with feature names
  warnings.warn(
/home/hetz/pytorch_projects/bonus_group34/.venv/lib/python3.14/site-packages/sklearn/utils/validation.py:2827: UserWarning: X does not have valid feature names, but StandardScaler was fitted with feature names
  warnings.warn(
/home/hetz/pytorch_projects/bonus_group34/.venv/lib/python3.14/site-packages/sklearn/utils/validation.py:2827: UserWarning: X does not have valid feature names, but StandardScaler was fitted with feature names
  warnings.warn(
/home/hetz/pytorch_projects/bonus_group34/.venv/lib/python3.14/site-packages/sklearn/utils/validation.py:2827: UserWarning: X does not have valid feature names, but StandardScaler was fitted with feature names
  warnings.warn(
/home/hetz/pytorch_projects/bonus_group34/.venv/lib/python3.14/site-packages/sklearn/utils/validation.py:2827: UserWarning: X does not have valid feature names, but StandardScaler was fitted with feature names
  warnings.warn(
/home/hetz/pytorch_projects/bonus_group34/.venv/lib/python3.14/site-packages/sklearn/utils/validation.py:2827: UserWarning: X does not have valid feature names, but StandardScaler was fitted with feature names
  warnings.warn(
/home/hetz/pytorch_projects/bonus_group34/.venv/lib/python3.14/site-packages/sklearn/utils/validation.py:2827: UserWarning: X does not have valid feature names, but StandardScaler was fitted with feature names
  warnings.warn(
/home/hetz/pytorch_projects/bonus_group34/.venv/lib/python3.14/site-packages/sklearn/utils/validation.py:2827: UserWarning: X does not have valid feature names, but StandardScaler was fitted with feature names
  warnings.warn(
/home/hetz/pytorch_projects/bonus_group34/.venv/lib/python3.14/site-packages/sklearn/utils/validation.py:2827: UserWarning: X does not have valid feature names, but StandardScaler was fitted with feature names
  warnings.warn(
/home/hetz/pytorch_projects/bonus_group34/.venv/lib/python3.14/site-packages/sklearn/utils/validation.py:2827: UserWarning: X does not have valid feature names, but StandardScaler was fitted with feature names
  warnings.warn(
/home/hetz/pytorch_projects/bonus_group34/.venv/lib/python3.14/site-packages/sklearn/utils/validation.py:2827: UserWarning: X does not have valid feature names, but StandardScaler was fitted with feature names
  warnings.warn(
/home/hetz/pytorch_projects/bonus_group34/.venv/lib/python3.14/site-packages/sklearn/utils/validation.py:2827: UserWarning: X does not have valid feature names, but StandardScaler was fitted with feature names
  warnings.warn(
/home/hetz/pytorch_projects/bonus_group34/.venv/lib/python3.14/site-packages/sklearn/utils/validation.py:2827: UserWarning: X does not have valid feature names, but StandardScaler was fitted with feature names
  warnings.warn(
/home/hetz/pytorch_projects/bonus_group34/.venv/lib/python3.14/site-packages/sklearn/utils/validation.py:2827: UserWarning: X does not have valid feature names, but StandardScaler was fitted with feature names
  warnings.warn(
/home/hetz/pytorch_projects/bonus_group34/.venv/lib/python3.14/site-packages/sklearn/utils/validation.py:2827: UserWarning: X does not have valid feature names, but StandardScaler was fitted with feature names
  warnings.warn(
/home/hetz/pytorch_projects/bonus_group34/.venv/lib/python3.14/site-packages/sklearn/utils/validation.py:2827: UserWarning: X does not have valid feature names, but StandardScaler was fitted with feature names
  warnings.warn(
/home/hetz/pytorch_projects/bonus_group34/.venv/lib/python3.14/site-packages/sklearn/utils/validation.py:2827: UserWarning: X does not have valid feature names, but StandardScaler was fitted with feature names
  warnings.warn(
/home/hetz/pytorch_projects/bonus_group34/.venv/lib/python3.14/site-packages/sklearn/utils/validation.py:2827: UserWarning: X does not have valid feature names, but StandardScaler was fitted with feature names
  warnings.warn(
/home/hetz/pytorch_projects/bonus_group34/.venv/lib/python3.14/site-packages/sklearn/utils/validation.py:2827: UserWarning: X does not have valid feature names, but StandardScaler was fitted with feature names
  warnings.warn(
/home/hetz/pytorch_projects/bonus_group34/.venv/lib/python3.14/site-packages/sklearn/utils/validation.py:2827: UserWarning: X does not have valid feature names, but StandardScaler was fitted with feature names
  warnings.warn(
/home/hetz/pytorch_projects/bonus_group34/.venv/lib/python3.14/site-packages/sklearn/utils/validation.py:2827: UserWarning: X does not have valid feature names, but StandardScaler was fitted with feature names
  warnings.warn(
/home/hetz/pytorch_projects/bonus_group34/.venv/lib/python3.14/site-packages/sklearn/utils/validation.py:2827: UserWarning: X does not have valid feature names, but StandardScaler was fitted with feature names
  warnings.warn(
/home/hetz/pytorch_projects/bonus_group34/.venv/lib/python3.14/site-packages/sklearn/utils/validation.py:2827: UserWarning: X does not have valid feature names, but StandardScaler was fitted with feature names
  warnings.warn(
/home/hetz/pytorch_projects/bonus_group34/.venv/lib/python3.14/site-packages/sklearn/utils/validation.py:2827: UserWarning: X does not have valid feature names, but StandardScaler was fitted with feature names
  warnings.warn(
/home/hetz/pytorch_projects/bonus_group34/.venv/lib/python3.14/site-packages/sklearn/utils/validation.py:2827: UserWarning: X does not have valid feature names, but StandardScaler was fitted with feature names
  warnings.warn(
/home/hetz/pytorch_projects/bonus_group34/.venv/lib/python3.14/site-packages/sklearn/utils/validation.py:2827: UserWarning: X does not have valid feature names, but StandardScaler was fitted with feature names
  warnings.warn(
/home/hetz/pytorch_projects/bonus_group34/.venv/lib/python3.14/site-packages/sklearn/utils/validation.py:2827: UserWarning: X does not have valid feature names, but StandardScaler was fitted with feature names
  warnings.warn(
/home/hetz/pytorch_projects/bonus_group34/.venv/lib/python3.14/site-packages/sklearn/utils/validation.py:2827: UserWarning: X does not have valid feature names, but StandardScaler was fitted with feature names
  warnings.warn(
/home/hetz/pytorch_projects/bonus_group34/.venv/lib/python3.14/site-packages/sklearn/utils/validation.py:2827: UserWarning: X does not have valid feature names, but StandardScaler was fitted with feature names
  warnings.warn(
/home/hetz/pytorch_projects/bonus_group34/.venv/lib/python3.14/site-packages/sklearn/utils/validation.py:2827: UserWarning: X does not have valid feature names, but StandardScaler was fitted with feature names
  warnings.warn(
/home/hetz/pytorch_projects/bonus_group34/.venv/lib/python3.14/site-packages/sklearn/utils/validation.py:2827: UserWarning: X does not have valid feature names, but StandardScaler was fitted with feature names
  warnings.warn(
/home/hetz/pytorch_projects/bonus_group34/.venv/lib/python3.14/site-packages/sklearn/utils/validation.py:2827: UserWarning: X does not have valid feature names, but StandardScaler was fitted with feature names
  warnings.warn(
/home/hetz/pytorch_projects/bonus_group34/.venv/lib/python3.14/site-packages/sklearn/utils/validation.py:2827: UserWarning: X does not have valid feature names, but StandardScaler was fitted with feature names
  warnings.warn(
/home/hetz/pytorch_projects/bonus_group34/.venv/lib/python3.14/site-packages/sklearn/utils/validation.py:2827: UserWarning: X does not have valid feature names, but StandardScaler was fitted with feature names
  warnings.warn(
/home/hetz/pytorch_projects/bonus_group34/.venv/lib/python3.14/site-packages/sklearn/utils/validation.py:2827: UserWarning: X does not have valid feature names, but StandardScaler was fitted with feature names
  warnings.warn(
/home/hetz/pytorch_projects/bonus_group34/.venv/lib/python3.14/site-packages/sklearn/utils/validation.py:2827: UserWarning: X does not have valid feature names, but StandardScaler was fitted with feature names
  warnings.warn(
/home/hetz/pytorch_projects/bonus_group34/.venv/lib/python3.14/site-packages/sklearn/utils/validation.py:2827: UserWarning: X does not have valid feature names, but StandardScaler was fitted with feature names
  warnings.warn(
/home/hetz/pytorch_projects/bonus_group34/.venv/lib/python3.14/site-packages/sklearn/utils/validation.py:2827: UserWarning: X does not have valid feature names, but StandardScaler was fitted with feature names
  warnings.warn(
/home/hetz/pytorch_projects/bonus_group34/.venv/lib/python3.14/site-packages/sklearn/utils/validation.py:2827: UserWarning: X does not have valid feature names, but StandardScaler was fitted with feature names
  warnings.warn(
/home/hetz/pytorch_projects/bonus_group34/.venv/lib/python3.14/site-packages/sklearn/utils/validation.py:2827: UserWarning: X does not have valid feature names, but StandardScaler was fitted with feature names
  warnings.warn(
/home/hetz/pytorch_projects/bonus_group34/.venv/lib/python3.14/site-packages/sklearn/utils/validation.py:2827: UserWarning: X does not have valid feature names, but StandardScaler was fitted with feature names
  warnings.warn(
/home/hetz/pytorch_projects/bonus_group34/.venv/lib/python3.14/site-packages/sklearn/utils/validation.py:2827: UserWarning: X does not have valid feature names, but StandardScaler was fitted with feature names
  warnings.warn(
/home/hetz/pytorch_projects/bonus_group34/.venv/lib/python3.14/site-packages/sklearn/utils/validation.py:2827: UserWarning: X does not have valid feature names, but StandardScaler was fitted with feature names
  warnings.warn(
/home/hetz/pytorch_projects/bonus_group34/.venv/lib/python3.14/site-packages/sklearn/utils/validation.py:2827: UserWarning: X does not have valid feature names, but StandardScaler was fitted with feature names
  warnings.warn(
/home/hetz/pytorch_projects/bonus_group34/.venv/lib/python3.14/site-packages/sklearn/utils/validation.py:2827: UserWarning: X does not have valid feature names, but StandardScaler was fitted with feature names
  warnings.warn(
/home/hetz/pytorch_projects/bonus_group34/.venv/lib/python3.14/site-packages/sklearn/utils/validation.py:2827: UserWarning: X does not have valid feature names, but StandardScaler was fitted with feature names
  warnings.warn(
/home/hetz/pytorch_projects/bonus_group34/.venv/lib/python3.14/site-packages/sklearn/utils/validation.py:2827: UserWarning: X does not have valid feature names, but StandardScaler was fitted with feature names
  warnings.warn(
/home/hetz/pytorch_projects/bonus_group34/.venv/lib/python3.14/site-packages/sklearn/utils/validation.py:2827: UserWarning: X does not have valid feature names, but StandardScaler was fitted with feature names
  warnings.warn(
/home/hetz/pytorch_projects/bonus_group34/.venv/lib/python3.14/site-packages/sklearn/utils/validation.py:2827: UserWarning: X does not have valid feature names, but StandardScaler was fitted with feature names
  warnings.warn(
/home/hetz/pytorch_projects/bonus_group34/.venv/lib/python3.14/site-packages/sklearn/utils/validation.py:2827: UserWarning: X does not have valid feature names, but StandardScaler was fitted with feature names
  warnings.warn(
/home/hetz/pytorch_projects/bonus_group34/.venv/lib/python3.14/site-packages/sklearn/utils/validation.py:2827: UserWarning: X does not have valid feature names, but StandardScaler was fitted with feature names
  warnings.warn(
/home/hetz/pytorch_projects/bonus_group34/.venv/lib/python3.14/site-packages/sklearn/utils/validation.py:2827: UserWarning: X does not have valid feature names, but StandardScaler was fitted with feature names
  warnings.warn(
/home/hetz/pytorch_projects/bonus_group34/.venv/lib/python3.14/site-packages/sklearn/utils/validation.py:2827: UserWarning: X does not have valid feature names, but StandardScaler was fitted with feature names
  warnings.warn(
/home/hetz/pytorch_projects/bonus_group34/.venv/lib/python3.14/site-packages/sklearn/utils/validation.py:2827: UserWarning: X does not have valid feature names, but StandardScaler was fitted with feature names
  warnings.warn(
/home/hetz/pytorch_projects/bonus_group34/.venv/lib/python3.14/site-packages/sklearn/utils/validation.py:2827: UserWarning: X does not have valid feature names, but StandardScaler was fitted with feature names
  warnings.warn(
/home/hetz/pytorch_projects/bonus_group34/.venv/lib/python3.14/site-packages/sklearn/utils/validation.py:2827: UserWarning: X does not have valid feature names, but StandardScaler was fitted with feature names
  warnings.warn(
/home/hetz/pytorch_projects/bonus_group34/.venv/lib/python3.14/site-packages/sklearn/utils/validation.py:2827: UserWarning: X does not have valid feature names, but StandardScaler was fitted with feature names
  warnings.warn(
/home/hetz/pytorch_projects/bonus_group34/.venv/lib/python3.14/site-packages/sklearn/utils/validation.py:2827: UserWarning: X does not have valid feature names, but StandardScaler was fitted with feature names
  warnings.warn(
/home/hetz/pytorch_projects/bonus_group34/.venv/lib/python3.14/site-packages/sklearn/utils/validation.py:2827: UserWarning: X does not have valid feature names, but StandardScaler was fitted with feature names
  warnings.warn(
/home/hetz/pytorch_projects/bonus_group34/.venv/lib/python3.14/site-packages/sklearn/utils/validation.py:2827: UserWarning: X does not have valid feature names, but StandardScaler was fitted with feature names
  warnings.warn(
/home/hetz/pytorch_projects/bonus_group34/.venv/lib/python3.14/site-packages/sklearn/utils/validation.py:2827: UserWarning: X does not have valid feature names, but StandardScaler was fitted with feature names
  warnings.warn(
/home/hetz/pytorch_projects/bonus_group34/.venv/lib/python3.14/site-packages/sklearn/utils/validation.py:2827: UserWarning: X does not have valid feature names, but StandardScaler was fitted with feature names
  warnings.warn(
/home/hetz/pytorch_projects/bonus_group34/.venv/lib/python3.14/site-packages/sklearn/utils/validation.py:2827: UserWarning: X does not have valid feature names, but StandardScaler was fitted with feature names
  warnings.warn(
/home/hetz/pytorch_projects/bonus_group34/.venv/lib/python3.14/site-packages/sklearn/utils/validation.py:2827: UserWarning: X does not have valid feature names, but StandardScaler was fitted with feature names
  warnings.warn(
/home/hetz/pytorch_projects/bonus_group34/.venv/lib/python3.14/site-packages/sklearn/utils/validation.py:2827: UserWarning: X does not have valid feature names, but StandardScaler was fitted with feature names
  warnings.warn(
/home/hetz/pytorch_projects/bonus_group34/.venv/lib/python3.14/site-packages/sklearn/utils/validation.py:2827: UserWarning: X does not have valid feature names, but StandardScaler was fitted with feature names
  warnings.warn(
/home/hetz/pytorch_projects/bonus_group34/.venv/lib/python3.14/site-packages/sklearn/utils/validation.py:2827: UserWarning: X does not have valid feature names, but StandardScaler was fitted with feature names
  warnings.warn(
/home/hetz/pytorch_projects/bonus_group34/.venv/lib/python3.14/site-packages/sklearn/utils/validation.py:2827: UserWarning: X does not have valid feature names, but StandardScaler was fitted with feature names
  warnings.warn(
/home/hetz/pytorch_projects/bonus_group34/.venv/lib/python3.14/site-packages/sklearn/utils/validation.py:2827: UserWarning: X does not have valid feature names, but StandardScaler was fitted with feature names
  warnings.warn(
/home/hetz/pytorch_projects/bonus_group34/.venv/lib/python3.14/site-packages/sklearn/utils/validation.py:2827: UserWarning: X does not have valid feature names, but StandardScaler was fitted with feature names
  warnings.warn(
/home/hetz/pytorch_projects/bonus_group34/.venv/lib/python3.14/site-packages/sklearn/utils/validation.py:2827: UserWarning: X does not have valid feature names, but StandardScaler was fitted with feature names
  warnings.warn(
/home/hetz/pytorch_projects/bonus_group34/.venv/lib/python3.14/site-packages/sklearn/utils/validation.py:2827: UserWarning: X does not have valid feature names, but StandardScaler was fitted with feature names
  warnings.warn(
/home/hetz/pytorch_projects/bonus_group34/.venv/lib/python3.14/site-packages/sklearn/utils/validation.py:2827: UserWarning: X does not have valid feature names, but StandardScaler was fitted with feature names
  warnings.warn(
/home/hetz/pytorch_projects/bonus_group34/.venv/lib/python3.14/site-packages/sklearn/utils/validation.py:2827: UserWarning: X does not have valid feature names, but StandardScaler was fitted with feature names
  warnings.warn(
/home/hetz/pytorch_projects/bonus_group34/.venv/lib/python3.14/site-packages/sklearn/utils/validation.py:2827: UserWarning: X does not have valid feature names, but StandardScaler was fitted with feature names
  warnings.warn(
/home/hetz/pytorch_projects/bonus_group34/.venv/lib/python3.14/site-packages/sklearn/utils/validation.py:2827: UserWarning: X does not have valid feature names, but StandardScaler was fitted with feature names
  warnings.warn(
/home/hetz/pytorch_projects/bonus_group34/.venv/lib/python3.14/site-packages/sklearn/utils/validation.py:2827: UserWarning: X does not have valid feature names, but StandardScaler was fitted with feature names
  warnings.warn(
/home/hetz/pytorch_projects/bonus_group34/.venv/lib/python3.14/site-packages/sklearn/utils/validation.py:2827: UserWarning: X does not have valid feature names, but StandardScaler was fitted with feature names
  warnings.warn(
/home/hetz/pytorch_projects/bonus_group34/.venv/lib/python3.14/site-packages/sklearn/utils/validation.py:2827: UserWarning: X does not have valid feature names, but StandardScaler was fitted with feature names
  warnings.warn(
/home/hetz/pytorch_projects/bonus_group34/.venv/lib/python3.14/site-packages/sklearn/utils/validation.py:2827: UserWarning: X does not have valid feature names, but StandardScaler was fitted with feature names
  warnings.warn(
/home/hetz/pytorch_projects/bonus_group34/.venv/lib/python3.14/site-packages/sklearn/utils/validation.py:2827: UserWarning: X does not have valid feature names, but StandardScaler was fitted with feature names
  warnings.warn(
/home/hetz/pytorch_projects/bonus_group34/.venv/lib/python3.14/site-packages/sklearn/utils/validation.py:2827: UserWarning: X does not have valid feature names, but StandardScaler was fitted with feature names
  warnings.warn(
/home/hetz/pytorch_projects/bonus_group34/.venv/lib/python3.14/site-packages/sklearn/utils/validation.py:2827: UserWarning: X does not have valid feature names, but StandardScaler was fitted with feature names
  warnings.warn(
/home/hetz/pytorch_projects/bonus_group34/.venv/lib/python3.14/site-packages/sklearn/utils/validation.py:2827: UserWarning: X does not have valid feature names, but StandardScaler was fitted with feature names
  warnings.warn(
/home/hetz/pytorch_projects/bonus_group34/.venv/lib/python3.14/site-packages/sklearn/utils/validation.py:2827: UserWarning: X does not have valid feature names, but StandardScaler was fitted with feature names
  warnings.warn(
/home/hetz/pytorch_projects/bonus_group34/.venv/lib/python3.14/site-packages/sklearn/utils/validation.py:2827: UserWarning: X does not have valid feature names, but StandardScaler was fitted with feature names
  warnings.warn(
/home/hetz/pytorch_projects/bonus_group34/.venv/lib/python3.14/site-packages/sklearn/utils/validation.py:2827: UserWarning: X does not have valid feature names, but StandardScaler was fitted with feature names
  warnings.warn(
/home/hetz/pytorch_projects/bonus_group34/.venv/lib/python3.14/site-packages/sklearn/utils/validation.py:2827: UserWarning: X does not have valid feature names, but StandardScaler was fitted with feature names
  warnings.warn(
/home/hetz/pytorch_projects/bonus_group34/.venv/lib/python3.14/site-packages/sklearn/utils/validation.py:2827: UserWarning: X does not have valid feature names, but StandardScaler was fitted with feature names
  warnings.warn(
/home/hetz/pytorch_projects/bonus_group34/.venv/lib/python3.14/site-packages/sklearn/utils/validation.py:2827: UserWarning: X does not have valid feature names, but StandardScaler was fitted with feature names
  warnings.warn(
/home/hetz/pytorch_projects/bonus_group34/.venv/lib/python3.14/site-packages/sklearn/utils/validation.py:2827: UserWarning: X does not have valid feature names, but StandardScaler was fitted with feature names
  warnings.warn(
pred 96
saved predictions: (1344, 24) -> ./results/DLAM_96_24_cycle24_seed2024_GTRiTransformer_iTransformer_DLAM_ftMS_sl96_pl24_cycle24_dm512_el3_seed2024_0/real_prediction.npy
(32256,)
Expected submission rows: 32256
predictions: 32256
forecast index: 32256
  series_id            timestamp  prediction
0  unit_000  2023-06-30 00:00:00    6.369435
1  unit_000  2023-06-30 01:00:00    6.002125
2  unit_000  2023-06-30 02:00:00    6.866385
3  unit_000  2023-06-30 03:00:00    7.093253
4  unit_000  2023-06-30 04:00:00    7.352531
(32256, 3)
