Args in experiment:
Namespace(random_seed=2024, is_training=1, model_id='DLAM_96_24_cycle672_seed2024', model='GTRiTransformer', data='DLAM', root_path='./', data_path='', features='MS', freq='h', scale=True, checkpoints='./checkpoints/', seq_len=96, label_len=0, pred_len=24, est_horizon=336, do_predict=True, cycle=672, period_len=24, use_revin=False, backbone='iTransformer', enc_in=23, d_model=512, n_heads=8, e_layers=3, d_ff=512, factor=5, dropout=0.0, embed='timeF', activation='gelu', output_attention=False, individual=False, num_workers=0, itr=1, train_epochs=30, batch_size=16, patience=5, learning_rate=0.0005, des='test', loss='huber', lradj='type3', pct_start=0.3, use_amp=True, use_gpu=True, gpu=0, use_multi_gpu=False, devices='0,1', cycle_len=672)
>>>>>>>start training : DLAM_96_24_cycle672_seed2024_GTRiTransformer_iTransformer_DLAM_ftMS_sl96_pl24_cycle672_dm512_el3_seed2024_0>>>>>>>>>>>>>>>>>>>>>>>>>>
Loading AIML-TUDA/dlam-ts-project-data-2026 from HuggingFace...
/home/hetz/pytorch_projects/bonus_group34/.venv/lib/python3.14/site-packages/sklearn/utils/validation.py:2827: UserWarning: X does not have valid feature names, but StandardScaler was fitted with feature names
  warnings.warn(
/home/hetz/pytorch_projects/bonus_group34/.venv/lib/python3.14/site-packages/sklearn/utils/validation.py:2827: UserWarning: X does not have valid feature names, but StandardScaler was fitted with feature names
  warnings.warn(
/home/hetz/pytorch_projects/bonus_group34/.venv/lib/python3.14/site-packages/sklearn/utils/validation.py:2827: UserWarning: X does not have valid feature names, but StandardScaler was fitted with feature names
  warnings.warn(
/home/hetz/pytorch_projects/bonus_group34/.venv/lib/python3.14/site-packages/sklearn/utils/validation.py:2827: UserWarning: X does not have valid feature names, but StandardScaler was fitted with feature names
  warnings.warn(
/home/hetz/pytorch_projects/bonus_group34/.venv/lib/python3.14/site-packages/sklearn/utils/validation.py:2827: UserWarning: X does not have valid feature names, but StandardScaler was fitted with feature names
  warnings.warn(
/home/hetz/pytorch_projects/bonus_group34/.venv/lib/python3.14/site-packages/sklearn/utils/validation.py:2827: UserWarning: X does not have valid feature names, but StandardScaler was fitted with feature names
  warnings.warn(
/home/hetz/pytorch_projects/bonus_group34/.venv/lib/python3.14/site-packages/sklearn/utils/validation.py:2827: UserWarning: X does not have valid feature names, but StandardScaler was fitted with feature names
  warnings.warn(
/home/hetz/pytorch_projects/bonus_group34/.venv/lib/python3.14/site-packages/sklearn/utils/validation.py:2827: UserWarning: X does not have valid feature names, but StandardScaler was fitted with feature names
  warnings.warn(
/home/hetz/pytorch_projects/bonus_group34/.venv/lib/python3.14/site-packages/sklearn/utils/validation.py:2827: UserWarning: X does not have valid feature names, but StandardScaler was fitted with feature names
  warnings.warn(
/home/hetz/pytorch_projects/bonus_group34/.venv/lib/python3.14/site-packages/sklearn/utils/validation.py:2827: UserWarning: X does not have valid feature names, but StandardScaler was fitted with feature names
  warnings.warn(
/home/hetz/pytorch_projects/bonus_group34/.venv/lib/python3.14/site-packages/sklearn/utils/validation.py:2827: UserWarning: X does not have valid feature names, but StandardScaler was fitted with feature names
  warnings.warn(
/home/hetz/pytorch_projects/bonus_group34/.venv/lib/python3.14/site-packages/sklearn/utils/validation.py:2827: UserWarning: X does not have valid feature names, but StandardScaler was fitted with feature names
  warnings.warn(
/home/hetz/pytorch_projects/bonus_group34/.venv/lib/python3.14/site-packages/sklearn/utils/validation.py:2827: UserWarning: X does not have valid feature names, but StandardScaler was fitted with feature names
  warnings.warn(
/home/hetz/pytorch_projects/bonus_group34/.venv/lib/python3.14/site-packages/sklearn/utils/validation.py:2827: UserWarning: X does not have valid feature names, but StandardScaler was fitted with feature names
  warnings.warn(
/home/hetz/pytorch_projects/bonus_group34/.venv/lib/python3.14/site-packages/sklearn/utils/validation.py:2827: UserWarning: X does not have valid feature names, but StandardScaler was fitted with feature names
  warnings.warn(
/home/hetz/pytorch_projects/bonus_group34/.venv/lib/python3.14/site-packages/sklearn/utils/validation.py:2827: UserWarning: X does not have valid feature names, but StandardScaler was fitted with feature names
  warnings.warn(
/home/hetz/pytorch_projects/bonus_group34/.venv/lib/python3.14/site-packages/sklearn/utils/validation.py:2827: UserWarning: X does not have valid feature names, but StandardScaler was fitted with feature names
  warnings.warn(
/home/hetz/pytorch_projects/bonus_group34/.venv/lib/python3.14/site-packages/sklearn/utils/validation.py:2827: UserWarning: X does not have valid feature names, but StandardScaler was fitted with feature names
  warnings.warn(
/home/hetz/pytorch_projects/bonus_group34/.venv/lib/python3.14/site-packages/sklearn/utils/validation.py:2827: UserWarning: X does not have valid feature names, but StandardScaler was fitted with feature names
  warnings.warn(
/home/hetz/pytorch_projects/bonus_group34/.venv/lib/python3.14/site-packages/sklearn/utils/validation.py:2827: UserWarning: X does not have valid feature names, but StandardScaler was fitted with feature names
  warnings.warn(
/home/hetz/pytorch_projects/bonus_group34/.venv/lib/python3.14/site-packages/sklearn/utils/validation.py:2827: UserWarning: X does not have valid feature names, but StandardScaler was fitted with feature names
  warnings.warn(
/home/hetz/pytorch_projects/bonus_group34/.venv/lib/python3.14/site-packages/sklearn/utils/validation.py:2827: UserWarning: X does not have valid feature names, but StandardScaler was fitted with feature names
  warnings.warn(
/home/hetz/pytorch_projects/bonus_group34/.venv/lib/python3.14/site-packages/sklearn/utils/validation.py:2827: UserWarning: X does not have valid feature names, but StandardScaler was fitted with feature names
  warnings.warn(
/home/hetz/pytorch_projects/bonus_group34/.venv/lib/python3.14/site-packages/sklearn/utils/validation.py:2827: UserWarning: X does not have valid feature names, but StandardScaler was fitted with feature names
  warnings.warn(
/home/hetz/pytorch_projects/bonus_group34/.venv/lib/python3.14/site-packages/sklearn/utils/validation.py:2827: UserWarning: X does not have valid feature names, but StandardScaler was fitted with feature names
  warnings.warn(
/home/hetz/pytorch_projects/bonus_group34/.venv/lib/python3.14/site-packages/sklearn/utils/validation.py:2827: UserWarning: X does not have valid feature names, but StandardScaler was fitted with feature names
  warnings.warn(
/home/hetz/pytorch_projects/bonus_group34/.venv/lib/python3.14/site-packages/sklearn/utils/validation.py:2827: UserWarning: X does not have valid feature names, but StandardScaler was fitted with feature names
  warnings.warn(
/home/hetz/pytorch_projects/bonus_group34/.venv/lib/python3.14/site-packages/sklearn/utils/validation.py:2827: UserWarning: X does not have valid feature names, but StandardScaler was fitted with feature names
  warnings.warn(
/home/hetz/pytorch_projects/bonus_group34/.venv/lib/python3.14/site-packages/sklearn/utils/validation.py:2827: UserWarning: X does not have valid feature names, but StandardScaler was fitted with feature names
  warnings.warn(
/home/hetz/pytorch_projects/bonus_group34/.venv/lib/python3.14/site-packages/sklearn/utils/validation.py:2827: UserWarning: X does not have valid feature names, but StandardScaler was fitted with feature names
  warnings.warn(
/home/hetz/pytorch_projects/bonus_group34/.venv/lib/python3.14/site-packages/sklearn/utils/validation.py:2827: UserWarning: X does not have valid feature names, but StandardScaler was fitted with feature names
  warnings.warn(
/home/hetz/pytorch_projects/bonus_group34/.venv/lib/python3.14/site-packages/sklearn/utils/validation.py:2827: UserWarning: X does not have valid feature names, but StandardScaler was fitted with feature names
  warnings.warn(
/home/hetz/pytorch_projects/bonus_group34/.venv/lib/python3.14/site-packages/sklearn/utils/validation.py:2827: UserWarning: X does not have valid feature names, but StandardScaler was fitted with feature names
  warnings.warn(
/home/hetz/pytorch_projects/bonus_group34/.venv/lib/python3.14/site-packages/sklearn/utils/validation.py:2827: UserWarning: X does not have valid feature names, but StandardScaler was fitted with feature names
  warnings.warn(
/home/hetz/pytorch_projects/bonus_group34/.venv/lib/python3.14/site-packages/sklearn/utils/validation.py:2827: UserWarning: X does not have valid feature names, but StandardScaler was fitted with feature names
  warnings.warn(
/home/hetz/pytorch_projects/bonus_group34/.venv/lib/python3.14/site-packages/sklearn/utils/validation.py:2827: UserWarning: X does not have valid feature names, but StandardScaler was fitted with feature names
  warnings.warn(
/home/hetz/pytorch_projects/bonus_group34/.venv/lib/python3.14/site-packages/sklearn/utils/validation.py:2827: UserWarning: X does not have valid feature names, but StandardScaler was fitted with feature names
  warnings.warn(
/home/hetz/pytorch_projects/bonus_group34/.venv/lib/python3.14/site-packages/sklearn/utils/validation.py:2827: UserWarning: X does not have valid feature names, but StandardScaler was fitted with feature names
  warnings.warn(
/home/hetz/pytorch_projects/bonus_group34/.venv/lib/python3.14/site-packages/sklearn/utils/validation.py:2827: UserWarning: X does not have valid feature names, but StandardScaler was fitted with feature names
  warnings.warn(
/home/hetz/pytorch_projects/bonus_group34/.venv/lib/python3.14/site-packages/sklearn/utils/validation.py:2827: UserWarning: X does not have valid feature names, but StandardScaler was fitted with feature names
  warnings.warn(
/home/hetz/pytorch_projects/bonus_group34/.venv/lib/python3.14/site-packages/sklearn/utils/validation.py:2827: UserWarning: X does not have valid feature names, but StandardScaler was fitted with feature names
  warnings.warn(
/home/hetz/pytorch_projects/bonus_group34/.venv/lib/python3.14/site-packages/sklearn/utils/validation.py:2827: UserWarning: X does not have valid feature names, but StandardScaler was fitted with feature names
  warnings.warn(
/home/hetz/pytorch_projects/bonus_group34/.venv/lib/python3.14/site-packages/sklearn/utils/validation.py:2827: UserWarning: X does not have valid feature names, but StandardScaler was fitted with feature names
  warnings.warn(
/home/hetz/pytorch_projects/bonus_group34/.venv/lib/python3.14/site-packages/sklearn/utils/validation.py:2827: UserWarning: X does not have valid feature names, but StandardScaler was fitted with feature names
  warnings.warn(
/home/hetz/pytorch_projects/bonus_group34/.venv/lib/python3.14/site-packages/sklearn/utils/validation.py:2827: UserWarning: X does not have valid feature names, but StandardScaler was fitted with feature names
  warnings.warn(
/home/hetz/pytorch_projects/bonus_group34/.venv/lib/python3.14/site-packages/sklearn/utils/validation.py:2827: UserWarning: X does not have valid feature names, but StandardScaler was fitted with feature names
  warnings.warn(
/home/hetz/pytorch_projects/bonus_group34/.venv/lib/python3.14/site-packages/sklearn/utils/validation.py:2827: UserWarning: X does not have valid feature names, but StandardScaler was fitted with feature names
  warnings.warn(
/home/hetz/pytorch_projects/bonus_group34/.venv/lib/python3.14/site-packages/sklearn/utils/validation.py:2827: UserWarning: X does not have valid feature names, but StandardScaler was fitted with feature names
  warnings.warn(
/home/hetz/pytorch_projects/bonus_group34/.venv/lib/python3.14/site-packages/sklearn/utils/validation.py:2827: UserWarning: X does not have valid feature names, but StandardScaler was fitted with feature names
  warnings.warn(
/home/hetz/pytorch_projects/bonus_group34/.venv/lib/python3.14/site-packages/sklearn/utils/validation.py:2827: UserWarning: X does not have valid feature names, but StandardScaler was fitted with feature names
  warnings.warn(
/home/hetz/pytorch_projects/bonus_group34/.venv/lib/python3.14/site-packages/sklearn/utils/validation.py:2827: UserWarning: X does not have valid feature names, but StandardScaler was fitted with feature names
  warnings.warn(
/home/hetz/pytorch_projects/bonus_group34/.venv/lib/python3.14/site-packages/sklearn/utils/validation.py:2827: UserWarning: X does not have valid feature names, but StandardScaler was fitted with feature names
  warnings.warn(
/home/hetz/pytorch_projects/bonus_group34/.venv/lib/python3.14/site-packages/sklearn/utils/validation.py:2827: UserWarning: X does not have valid feature names, but StandardScaler was fitted with feature names
  warnings.warn(
/home/hetz/pytorch_projects/bonus_group34/.venv/lib/python3.14/site-packages/sklearn/utils/validation.py:2827: UserWarning: X does not have valid feature names, but StandardScaler was fitted with feature names
  warnings.warn(
/home/hetz/pytorch_projects/bonus_group34/.venv/lib/python3.14/site-packages/sklearn/utils/validation.py:2827: UserWarning: X does not have valid feature names, but StandardScaler was fitted with feature names
  warnings.warn(
/home/hetz/pytorch_projects/bonus_group34/.venv/lib/python3.14/site-packages/sklearn/utils/validation.py:2827: UserWarning: X does not have valid feature names, but StandardScaler was fitted with feature names
  warnings.warn(
/home/hetz/pytorch_projects/bonus_group34/.venv/lib/python3.14/site-packages/sklearn/utils/validation.py:2827: UserWarning: X does not have valid feature names, but StandardScaler was fitted with feature names
  warnings.warn(
/home/hetz/pytorch_projects/bonus_group34/.venv/lib/python3.14/site-packages/sklearn/utils/validation.py:2827: UserWarning: X does not have valid feature names, but StandardScaler was fitted with feature names
  warnings.warn(
/home/hetz/pytorch_projects/bonus_group34/.venv/lib/python3.14/site-packages/sklearn/utils/validation.py:2827: UserWarning: X does not have valid feature names, but StandardScaler was fitted with feature names
  warnings.warn(
/home/hetz/pytorch_projects/bonus_group34/.venv/lib/python3.14/site-packages/sklearn/utils/validation.py:2827: UserWarning: X does not have valid feature names, but StandardScaler was fitted with feature names
  warnings.warn(
/home/hetz/pytorch_projects/bonus_group34/.venv/lib/python3.14/site-packages/sklearn/utils/validation.py:2827: UserWarning: X does not have valid feature names, but StandardScaler was fitted with feature names
  warnings.warn(
/home/hetz/pytorch_projects/bonus_group34/.venv/lib/python3.14/site-packages/sklearn/utils/validation.py:2827: UserWarning: X does not have valid feature names, but StandardScaler was fitted with feature names
  warnings.warn(
/home/hetz/pytorch_projects/bonus_group34/.venv/lib/python3.14/site-packages/sklearn/utils/validation.py:2827: UserWarning: X does not have valid feature names, but StandardScaler was fitted with feature names
  warnings.warn(
/home/hetz/pytorch_projects/bonus_group34/.venv/lib/python3.14/site-packages/sklearn/utils/validation.py:2827: UserWarning: X does not have valid feature names, but StandardScaler was fitted with feature names
  warnings.warn(
/home/hetz/pytorch_projects/bonus_group34/.venv/lib/python3.14/site-packages/sklearn/utils/validation.py:2827: UserWarning: X does not have valid feature names, but StandardScaler was fitted with feature names
  warnings.warn(
/home/hetz/pytorch_projects/bonus_group34/.venv/lib/python3.14/site-packages/sklearn/utils/validation.py:2827: UserWarning: X does not have valid feature names, but StandardScaler was fitted with feature names
  warnings.warn(
/home/hetz/pytorch_projects/bonus_group34/.venv/lib/python3.14/site-packages/sklearn/utils/validation.py:2827: UserWarning: X does not have valid feature names, but StandardScaler was fitted with feature names
  warnings.warn(
/home/hetz/pytorch_projects/bonus_group34/.venv/lib/python3.14/site-packages/sklearn/utils/validation.py:2827: UserWarning: X does not have valid feature names, but StandardScaler was fitted with feature names
  warnings.warn(
/home/hetz/pytorch_projects/bonus_group34/.venv/lib/python3.14/site-packages/sklearn/utils/validation.py:2827: UserWarning: X does not have valid feature names, but StandardScaler was fitted with feature names
  warnings.warn(
/home/hetz/pytorch_projects/bonus_group34/.venv/lib/python3.14/site-packages/sklearn/utils/validation.py:2827: UserWarning: X does not have valid feature names, but StandardScaler was fitted with feature names
  warnings.warn(
/home/hetz/pytorch_projects/bonus_group34/.venv/lib/python3.14/site-packages/sklearn/utils/validation.py:2827: UserWarning: X does not have valid feature names, but StandardScaler was fitted with feature names
  warnings.warn(
/home/hetz/pytorch_projects/bonus_group34/.venv/lib/python3.14/site-packages/sklearn/utils/validation.py:2827: UserWarning: X does not have valid feature names, but StandardScaler was fitted with feature names
  warnings.warn(
/home/hetz/pytorch_projects/bonus_group34/.venv/lib/python3.14/site-packages/sklearn/utils/validation.py:2827: UserWarning: X does not have valid feature names, but StandardScaler was fitted with feature names
  warnings.warn(
/home/hetz/pytorch_projects/bonus_group34/.venv/lib/python3.14/site-packages/sklearn/utils/validation.py:2827: UserWarning: X does not have valid feature names, but StandardScaler was fitted with feature names
  warnings.warn(
/home/hetz/pytorch_projects/bonus_group34/.venv/lib/python3.14/site-packages/sklearn/utils/validation.py:2827: UserWarning: X does not have valid feature names, but StandardScaler was fitted with feature names
  warnings.warn(
/home/hetz/pytorch_projects/bonus_group34/.venv/lib/python3.14/site-packages/sklearn/utils/validation.py:2827: UserWarning: X does not have valid feature names, but StandardScaler was fitted with feature names
  warnings.warn(
/home/hetz/pytorch_projects/bonus_group34/.venv/lib/python3.14/site-packages/sklearn/utils/validation.py:2827: UserWarning: X does not have valid feature names, but StandardScaler was fitted with feature names
  warnings.warn(
/home/hetz/pytorch_projects/bonus_group34/.venv/lib/python3.14/site-packages/sklearn/utils/validation.py:2827: UserWarning: X does not have valid feature names, but StandardScaler was fitted with feature names
  warnings.warn(
/home/hetz/pytorch_projects/bonus_group34/.venv/lib/python3.14/site-packages/sklearn/utils/validation.py:2827: UserWarning: X does not have valid feature names, but StandardScaler was fitted with feature names
  warnings.warn(
/home/hetz/pytorch_projects/bonus_group34/.venv/lib/python3.14/site-packages/sklearn/utils/validation.py:2827: UserWarning: X does not have valid feature names, but StandardScaler was fitted with feature names
  warnings.warn(
/home/hetz/pytorch_projects/bonus_group34/.venv/lib/python3.14/site-packages/sklearn/utils/validation.py:2827: UserWarning: X does not have valid feature names, but StandardScaler was fitted with feature names
  warnings.warn(
/home/hetz/pytorch_projects/bonus_group34/.venv/lib/python3.14/site-packages/sklearn/utils/validation.py:2827: UserWarning: X does not have valid feature names, but StandardScaler was fitted with feature names
  warnings.warn(
/home/hetz/pytorch_projects/bonus_group34/.venv/lib/python3.14/site-packages/sklearn/utils/validation.py:2827: UserWarning: X does not have valid feature names, but StandardScaler was fitted with feature names
  warnings.warn(
/home/hetz/pytorch_projects/bonus_group34/.venv/lib/python3.14/site-packages/sklearn/utils/validation.py:2827: UserWarning: X does not have valid feature names, but StandardScaler was fitted with feature names
  warnings.warn(
/home/hetz/pytorch_projects/bonus_group34/.venv/lib/python3.14/site-packages/sklearn/utils/validation.py:2827: UserWarning: X does not have valid feature names, but StandardScaler was fitted with feature names
  warnings.warn(
/home/hetz/pytorch_projects/bonus_group34/.venv/lib/python3.14/site-packages/sklearn/utils/validation.py:2827: UserWarning: X does not have valid feature names, but StandardScaler was fitted with feature names
  warnings.warn(
/home/hetz/pytorch_projects/bonus_group34/.venv/lib/python3.14/site-packages/sklearn/utils/validation.py:2827: UserWarning: X does not have valid feature names, but StandardScaler was fitted with feature names
  warnings.warn(
/home/hetz/pytorch_projects/bonus_group34/.venv/lib/python3.14/site-packages/sklearn/utils/validation.py:2827: UserWarning: X does not have valid feature names, but StandardScaler was fitted with feature names
  warnings.warn(
/home/hetz/pytorch_projects/bonus_group34/.venv/lib/python3.14/site-packages/sklearn/utils/validation.py:2827: UserWarning: X does not have valid feature names, but StandardScaler was fitted with feature names
  warnings.warn(
/home/hetz/pytorch_projects/bonus_group34/.venv/lib/python3.14/site-packages/sklearn/utils/validation.py:2827: UserWarning: X does not have valid feature names, but StandardScaler was fitted with feature names
  warnings.warn(
/home/hetz/pytorch_projects/bonus_group34/.venv/lib/python3.14/site-packages/sklearn/utils/validation.py:2827: UserWarning: X does not have valid feature names, but StandardScaler was fitted with feature names
  warnings.warn(
/home/hetz/pytorch_projects/bonus_group34/.venv/lib/python3.14/site-packages/sklearn/utils/validation.py:2827: UserWarning: X does not have valid feature names, but StandardScaler was fitted with feature names
  warnings.warn(
/home/hetz/pytorch_projects/bonus_group34/.venv/lib/python3.14/site-packages/sklearn/utils/validation.py:2827: UserWarning: X does not have valid feature names, but StandardScaler was fitted with feature names
  warnings.warn(
/home/hetz/pytorch_projects/bonus_group34/.venv/lib/python3.14/site-packages/sklearn/utils/validation.py:2827: UserWarning: X does not have valid feature names, but StandardScaler was fitted with feature names
  warnings.warn(
/home/hetz/pytorch_projects/bonus_group34/.venv/lib/python3.14/site-packages/sklearn/utils/validation.py:2827: UserWarning: X does not have valid feature names, but StandardScaler was fitted with feature names
  warnings.warn(
/home/hetz/pytorch_projects/bonus_group34/.venv/lib/python3.14/site-packages/sklearn/utils/validation.py:2827: UserWarning: X does not have valid feature names, but StandardScaler was fitted with feature names
  warnings.warn(
train 371040
Loading AIML-TUDA/dlam-ts-project-data-2026 from HuggingFace...
/home/hetz/pytorch_projects/bonus_group34/.venv/lib/python3.14/site-packages/sklearn/utils/validation.py:2827: UserWarning: X does not have valid feature names, but StandardScaler was fitted with feature names
  warnings.warn(
/home/hetz/pytorch_projects/bonus_group34/.venv/lib/python3.14/site-packages/sklearn/utils/validation.py:2827: UserWarning: X does not have valid feature names, but StandardScaler was fitted with feature names
  warnings.warn(
/home/hetz/pytorch_projects/bonus_group34/.venv/lib/python3.14/site-packages/sklearn/utils/validation.py:2827: UserWarning: X does not have valid feature names, but StandardScaler was fitted with feature names
  warnings.warn(
/home/hetz/pytorch_projects/bonus_group34/.venv/lib/python3.14/site-packages/sklearn/utils/validation.py:2827: UserWarning: X does not have valid feature names, but StandardScaler was fitted with feature names
  warnings.warn(
/home/hetz/pytorch_projects/bonus_group34/.venv/lib/python3.14/site-packages/sklearn/utils/validation.py:2827: UserWarning: X does not have valid feature names, but StandardScaler was fitted with feature names
  warnings.warn(
/home/hetz/pytorch_projects/bonus_group34/.venv/lib/python3.14/site-packages/sklearn/utils/validation.py:2827: UserWarning: X does not have valid feature names, but StandardScaler was fitted with feature names
  warnings.warn(
/home/hetz/pytorch_projects/bonus_group34/.venv/lib/python3.14/site-packages/sklearn/utils/validation.py:2827: UserWarning: X does not have valid feature names, but StandardScaler was fitted with feature names
  warnings.warn(
/home/hetz/pytorch_projects/bonus_group34/.venv/lib/python3.14/site-packages/sklearn/utils/validation.py:2827: UserWarning: X does not have valid feature names, but StandardScaler was fitted with feature names
  warnings.warn(
/home/hetz/pytorch_projects/bonus_group34/.venv/lib/python3.14/site-packages/sklearn/utils/validation.py:2827: UserWarning: X does not have valid feature names, but StandardScaler was fitted with feature names
  warnings.warn(
/home/hetz/pytorch_projects/bonus_group34/.venv/lib/python3.14/site-packages/sklearn/utils/validation.py:2827: UserWarning: X does not have valid feature names, but StandardScaler was fitted with feature names
  warnings.warn(
/home/hetz/pytorch_projects/bonus_group34/.venv/lib/python3.14/site-packages/sklearn/utils/validation.py:2827: UserWarning: X does not have valid feature names, but StandardScaler was fitted with feature names
  warnings.warn(
/home/hetz/pytorch_projects/bonus_group34/.venv/lib/python3.14/site-packages/sklearn/utils/validation.py:2827: UserWarning: X does not have valid feature names, but StandardScaler was fitted with feature names
  warnings.warn(
/home/hetz/pytorch_projects/bonus_group34/.venv/lib/python3.14/site-packages/sklearn/utils/validation.py:2827: UserWarning: X does not have valid feature names, but StandardScaler was fitted with feature names
  warnings.warn(
/home/hetz/pytorch_projects/bonus_group34/.venv/lib/python3.14/site-packages/sklearn/utils/validation.py:2827: UserWarning: X does not have valid feature names, but StandardScaler was fitted with feature names
  warnings.warn(
/home/hetz/pytorch_projects/bonus_group34/.venv/lib/python3.14/site-packages/sklearn/utils/validation.py:2827: UserWarning: X does not have valid feature names, but StandardScaler was fitted with feature names
  warnings.warn(
/home/hetz/pytorch_projects/bonus_group34/.venv/lib/python3.14/site-packages/sklearn/utils/validation.py:2827: UserWarning: X does not have valid feature names, but StandardScaler was fitted with feature names
  warnings.warn(
/home/hetz/pytorch_projects/bonus_group34/.venv/lib/python3.14/site-packages/sklearn/utils/validation.py:2827: UserWarning: X does not have valid feature names, but StandardScaler was fitted with feature names
  warnings.warn(
/home/hetz/pytorch_projects/bonus_group34/.venv/lib/python3.14/site-packages/sklearn/utils/validation.py:2827: UserWarning: X does not have valid feature names, but StandardScaler was fitted with feature names
  warnings.warn(
/home/hetz/pytorch_projects/bonus_group34/.venv/lib/python3.14/site-packages/sklearn/utils/validation.py:2827: UserWarning: X does not have valid feature names, but StandardScaler was fitted with feature names
  warnings.warn(
/home/hetz/pytorch_projects/bonus_group34/.venv/lib/python3.14/site-packages/sklearn/utils/validation.py:2827: UserWarning: X does not have valid feature names, but StandardScaler was fitted with feature names
  warnings.warn(
/home/hetz/pytorch_projects/bonus_group34/.venv/lib/python3.14/site-packages/sklearn/utils/validation.py:2827: UserWarning: X does not have valid feature names, but StandardScaler was fitted with feature names
  warnings.warn(
/home/hetz/pytorch_projects/bonus_group34/.venv/lib/python3.14/site-packages/sklearn/utils/validation.py:2827: UserWarning: X does not have valid feature names, but StandardScaler was fitted with feature names
  warnings.warn(
/home/hetz/pytorch_projects/bonus_group34/.venv/lib/python3.14/site-packages/sklearn/utils/validation.py:2827: UserWarning: X does not have valid feature names, but StandardScaler was fitted with feature names
  warnings.warn(
/home/hetz/pytorch_projects/bonus_group34/.venv/lib/python3.14/site-packages/sklearn/utils/validation.py:2827: UserWarning: X does not have valid feature names, but StandardScaler was fitted with feature names
  warnings.warn(
/home/hetz/pytorch_projects/bonus_group34/.venv/lib/python3.14/site-packages/sklearn/utils/validation.py:2827: UserWarning: X does not have valid feature names, but StandardScaler was fitted with feature names
  warnings.warn(
/home/hetz/pytorch_projects/bonus_group34/.venv/lib/python3.14/site-packages/sklearn/utils/validation.py:2827: UserWarning: X does not have valid feature names, but StandardScaler was fitted with feature names
  warnings.warn(
/home/hetz/pytorch_projects/bonus_group34/.venv/lib/python3.14/site-packages/sklearn/utils/validation.py:2827: UserWarning: X does not have valid feature names, but StandardScaler was fitted with feature names
  warnings.warn(
/home/hetz/pytorch_projects/bonus_group34/.venv/lib/python3.14/site-packages/sklearn/utils/validation.py:2827: UserWarning: X does not have valid feature names, but StandardScaler was fitted with feature names
  warnings.warn(
/home/hetz/pytorch_projects/bonus_group34/.venv/lib/python3.14/site-packages/sklearn/utils/validation.py:2827: UserWarning: X does not have valid feature names, but StandardScaler was fitted with feature names
  warnings.warn(
/home/hetz/pytorch_projects/bonus_group34/.venv/lib/python3.14/site-packages/sklearn/utils/validation.py:2827: UserWarning: X does not have valid feature names, but StandardScaler was fitted with feature names
  warnings.warn(
/home/hetz/pytorch_projects/bonus_group34/.venv/lib/python3.14/site-packages/sklearn/utils/validation.py:2827: UserWarning: X does not have valid feature names, but StandardScaler was fitted with feature names
  warnings.warn(
/home/hetz/pytorch_projects/bonus_group34/.venv/lib/python3.14/site-packages/sklearn/utils/validation.py:2827: UserWarning: X does not have valid feature names, but StandardScaler was fitted with feature names
  warnings.warn(
/home/hetz/pytorch_projects/bonus_group34/.venv/lib/python3.14/site-packages/sklearn/utils/validation.py:2827: UserWarning: X does not have valid feature names, but StandardScaler was fitted with feature names
  warnings.warn(
/home/hetz/pytorch_projects/bonus_group34/.venv/lib/python3.14/site-packages/sklearn/utils/validation.py:2827: UserWarning: X does not have valid feature names, but StandardScaler was fitted with feature names
  warnings.warn(
/home/hetz/pytorch_projects/bonus_group34/.venv/lib/python3.14/site-packages/sklearn/utils/validation.py:2827: UserWarning: X does not have valid feature names, but StandardScaler was fitted with feature names
  warnings.warn(
/home/hetz/pytorch_projects/bonus_group34/.venv/lib/python3.14/site-packages/sklearn/utils/validation.py:2827: UserWarning: X does not have valid feature names, but StandardScaler was fitted with feature names
  warnings.warn(
/home/hetz/pytorch_projects/bonus_group34/.venv/lib/python3.14/site-packages/sklearn/utils/validation.py:2827: UserWarning: X does not have valid feature names, but StandardScaler was fitted with feature names
  warnings.warn(
/home/hetz/pytorch_projects/bonus_group34/.venv/lib/python3.14/site-packages/sklearn/utils/validation.py:2827: UserWarning: X does not have valid feature names, but StandardScaler was fitted with feature names
  warnings.warn(
/home/hetz/pytorch_projects/bonus_group34/.venv/lib/python3.14/site-packages/sklearn/utils/validation.py:2827: UserWarning: X does not have valid feature names, but StandardScaler was fitted with feature names
  warnings.warn(
/home/hetz/pytorch_projects/bonus_group34/.venv/lib/python3.14/site-packages/sklearn/utils/validation.py:2827: UserWarning: X does not have valid feature names, but StandardScaler was fitted with feature names
  warnings.warn(
/home/hetz/pytorch_projects/bonus_group34/.venv/lib/python3.14/site-packages/sklearn/utils/validation.py:2827: UserWarning: X does not have valid feature names, but StandardScaler was fitted with feature names
  warnings.warn(
/home/hetz/pytorch_projects/bonus_group34/.venv/lib/python3.14/site-packages/sklearn/utils/validation.py:2827: UserWarning: X does not have valid feature names, but StandardScaler was fitted with feature names
  warnings.warn(
/home/hetz/pytorch_projects/bonus_group34/.venv/lib/python3.14/site-packages/sklearn/utils/validation.py:2827: UserWarning: X does not have valid feature names, but StandardScaler was fitted with feature names
  warnings.warn(
/home/hetz/pytorch_projects/bonus_group34/.venv/lib/python3.14/site-packages/sklearn/utils/validation.py:2827: UserWarning: X does not have valid feature names, but StandardScaler was fitted with feature names
  warnings.warn(
/home/hetz/pytorch_projects/bonus_group34/.venv/lib/python3.14/site-packages/sklearn/utils/validation.py:2827: UserWarning: X does not have valid feature names, but StandardScaler was fitted with feature names
  warnings.warn(
/home/hetz/pytorch_projects/bonus_group34/.venv/lib/python3.14/site-packages/sklearn/utils/validation.py:2827: UserWarning: X does not have valid feature names, but StandardScaler was fitted with feature names
  warnings.warn(
/home/hetz/pytorch_projects/bonus_group34/.venv/lib/python3.14/site-packages/sklearn/utils/validation.py:2827: UserWarning: X does not have valid feature names, but StandardScaler was fitted with feature names
  warnings.warn(
/home/hetz/pytorch_projects/bonus_group34/.venv/lib/python3.14/site-packages/sklearn/utils/validation.py:2827: UserWarning: X does not have valid feature names, but StandardScaler was fitted with feature names
  warnings.warn(
/home/hetz/pytorch_projects/bonus_group34/.venv/lib/python3.14/site-packages/sklearn/utils/validation.py:2827: UserWarning: X does not have valid feature names, but StandardScaler was fitted with feature names
  warnings.warn(
/home/hetz/pytorch_projects/bonus_group34/.venv/lib/python3.14/site-packages/sklearn/utils/validation.py:2827: UserWarning: X does not have valid feature names, but StandardScaler was fitted with feature names
  warnings.warn(
/home/hetz/pytorch_projects/bonus_group34/.venv/lib/python3.14/site-packages/sklearn/utils/validation.py:2827: UserWarning: X does not have valid feature names, but StandardScaler was fitted with feature names
  warnings.warn(
/home/hetz/pytorch_projects/bonus_group34/.venv/lib/python3.14/site-packages/sklearn/utils/validation.py:2827: UserWarning: X does not have valid feature names, but StandardScaler was fitted with feature names
  warnings.warn(
/home/hetz/pytorch_projects/bonus_group34/.venv/lib/python3.14/site-packages/sklearn/utils/validation.py:2827: UserWarning: X does not have valid feature names, but StandardScaler was fitted with feature names
  warnings.warn(
/home/hetz/pytorch_projects/bonus_group34/.venv/lib/python3.14/site-packages/sklearn/utils/validation.py:2827: UserWarning: X does not have valid feature names, but StandardScaler was fitted with feature names
  warnings.warn(
/home/hetz/pytorch_projects/bonus_group34/.venv/lib/python3.14/site-packages/sklearn/utils/validation.py:2827: UserWarning: X does not have valid feature names, but StandardScaler was fitted with feature names
  warnings.warn(
/home/hetz/pytorch_projects/bonus_group34/.venv/lib/python3.14/site-packages/sklearn/utils/validation.py:2827: UserWarning: X does not have valid feature names, but StandardScaler was fitted with feature names
  warnings.warn(
/home/hetz/pytorch_projects/bonus_group34/.venv/lib/python3.14/site-packages/sklearn/utils/validation.py:2827: UserWarning: X does not have valid feature names, but StandardScaler was fitted with feature names
  warnings.warn(
/home/hetz/pytorch_projects/bonus_group34/.venv/lib/python3.14/site-packages/sklearn/utils/validation.py:2827: UserWarning: X does not have valid feature names, but StandardScaler was fitted with feature names
  warnings.warn(
/home/hetz/pytorch_projects/bonus_group34/.venv/lib/python3.14/site-packages/sklearn/utils/validation.py:2827: UserWarning: X does not have valid feature names, but StandardScaler was fitted with feature names
  warnings.warn(
/home/hetz/pytorch_projects/bonus_group34/.venv/lib/python3.14/site-packages/sklearn/utils/validation.py:2827: UserWarning: X does not have valid feature names, but StandardScaler was fitted with feature names
  warnings.warn(
/home/hetz/pytorch_projects/bonus_group34/.venv/lib/python3.14/site-packages/sklearn/utils/validation.py:2827: UserWarning: X does not have valid feature names, but StandardScaler was fitted with feature names
  warnings.warn(
/home/hetz/pytorch_projects/bonus_group34/.venv/lib/python3.14/site-packages/sklearn/utils/validation.py:2827: UserWarning: X does not have valid feature names, but StandardScaler was fitted with feature names
  warnings.warn(
/home/hetz/pytorch_projects/bonus_group34/.venv/lib/python3.14/site-packages/sklearn/utils/validation.py:2827: UserWarning: X does not have valid feature names, but StandardScaler was fitted with feature names
  warnings.warn(
/home/hetz/pytorch_projects/bonus_group34/.venv/lib/python3.14/site-packages/sklearn/utils/validation.py:2827: UserWarning: X does not have valid feature names, but StandardScaler was fitted with feature names
  warnings.warn(
/home/hetz/pytorch_projects/bonus_group34/.venv/lib/python3.14/site-packages/sklearn/utils/validation.py:2827: UserWarning: X does not have valid feature names, but StandardScaler was fitted with feature names
  warnings.warn(
/home/hetz/pytorch_projects/bonus_group34/.venv/lib/python3.14/site-packages/sklearn/utils/validation.py:2827: UserWarning: X does not have valid feature names, but StandardScaler was fitted with feature names
  warnings.warn(
/home/hetz/pytorch_projects/bonus_group34/.venv/lib/python3.14/site-packages/sklearn/utils/validation.py:2827: UserWarning: X does not have valid feature names, but StandardScaler was fitted with feature names
  warnings.warn(
/home/hetz/pytorch_projects/bonus_group34/.venv/lib/python3.14/site-packages/sklearn/utils/validation.py:2827: UserWarning: X does not have valid feature names, but StandardScaler was fitted with feature names
  warnings.warn(
/home/hetz/pytorch_projects/bonus_group34/.venv/lib/python3.14/site-packages/sklearn/utils/validation.py:2827: UserWarning: X does not have valid feature names, but StandardScaler was fitted with feature names
  warnings.warn(
/home/hetz/pytorch_projects/bonus_group34/.venv/lib/python3.14/site-packages/sklearn/utils/validation.py:2827: UserWarning: X does not have valid feature names, but StandardScaler was fitted with feature names
  warnings.warn(
/home/hetz/pytorch_projects/bonus_group34/.venv/lib/python3.14/site-packages/sklearn/utils/validation.py:2827: UserWarning: X does not have valid feature names, but StandardScaler was fitted with feature names
  warnings.warn(
/home/hetz/pytorch_projects/bonus_group34/.venv/lib/python3.14/site-packages/sklearn/utils/validation.py:2827: UserWarning: X does not have valid feature names, but StandardScaler was fitted with feature names
  warnings.warn(
/home/hetz/pytorch_projects/bonus_group34/.venv/lib/python3.14/site-packages/sklearn/utils/validation.py:2827: UserWarning: X does not have valid feature names, but StandardScaler was fitted with feature names
  warnings.warn(
/home/hetz/pytorch_projects/bonus_group34/.venv/lib/python3.14/site-packages/sklearn/utils/validation.py:2827: UserWarning: X does not have valid feature names, but StandardScaler was fitted with feature names
  warnings.warn(
/home/hetz/pytorch_projects/bonus_group34/.venv/lib/python3.14/site-packages/sklearn/utils/validation.py:2827: UserWarning: X does not have valid feature names, but StandardScaler was fitted with feature names
  warnings.warn(
/home/hetz/pytorch_projects/bonus_group34/.venv/lib/python3.14/site-packages/sklearn/utils/validation.py:2827: UserWarning: X does not have valid feature names, but StandardScaler was fitted with feature names
  warnings.warn(
/home/hetz/pytorch_projects/bonus_group34/.venv/lib/python3.14/site-packages/sklearn/utils/validation.py:2827: UserWarning: X does not have valid feature names, but StandardScaler was fitted with feature names
  warnings.warn(
/home/hetz/pytorch_projects/bonus_group34/.venv/lib/python3.14/site-packages/sklearn/utils/validation.py:2827: UserWarning: X does not have valid feature names, but StandardScaler was fitted with feature names
  warnings.warn(
/home/hetz/pytorch_projects/bonus_group34/.venv/lib/python3.14/site-packages/sklearn/utils/validation.py:2827: UserWarning: X does not have valid feature names, but StandardScaler was fitted with feature names
  warnings.warn(
/home/hetz/pytorch_projects/bonus_group34/.venv/lib/python3.14/site-packages/sklearn/utils/validation.py:2827: UserWarning: X does not have valid feature names, but StandardScaler was fitted with feature names
  warnings.warn(
/home/hetz/pytorch_projects/bonus_group34/.venv/lib/python3.14/site-packages/sklearn/utils/validation.py:2827: UserWarning: X does not have valid feature names, but StandardScaler was fitted with feature names
  warnings.warn(
/home/hetz/pytorch_projects/bonus_group34/.venv/lib/python3.14/site-packages/sklearn/utils/validation.py:2827: UserWarning: X does not have valid feature names, but StandardScaler was fitted with feature names
  warnings.warn(
/home/hetz/pytorch_projects/bonus_group34/.venv/lib/python3.14/site-packages/sklearn/utils/validation.py:2827: UserWarning: X does not have valid feature names, but StandardScaler was fitted with feature names
  warnings.warn(
/home/hetz/pytorch_projects/bonus_group34/.venv/lib/python3.14/site-packages/sklearn/utils/validation.py:2827: UserWarning: X does not have valid feature names, but StandardScaler was fitted with feature names
  warnings.warn(
/home/hetz/pytorch_projects/bonus_group34/.venv/lib/python3.14/site-packages/sklearn/utils/validation.py:2827: UserWarning: X does not have valid feature names, but StandardScaler was fitted with feature names
  warnings.warn(
/home/hetz/pytorch_projects/bonus_group34/.venv/lib/python3.14/site-packages/sklearn/utils/validation.py:2827: UserWarning: X does not have valid feature names, but StandardScaler was fitted with feature names
  warnings.warn(
/home/hetz/pytorch_projects/bonus_group34/.venv/lib/python3.14/site-packages/sklearn/utils/validation.py:2827: UserWarning: X does not have valid feature names, but StandardScaler was fitted with feature names
  warnings.warn(
/home/hetz/pytorch_projects/bonus_group34/.venv/lib/python3.14/site-packages/sklearn/utils/validation.py:2827: UserWarning: X does not have valid feature names, but StandardScaler was fitted with feature names
  warnings.warn(
/home/hetz/pytorch_projects/bonus_group34/.venv/lib/python3.14/site-packages/sklearn/utils/validation.py:2827: UserWarning: X does not have valid feature names, but StandardScaler was fitted with feature names
  warnings.warn(
/home/hetz/pytorch_projects/bonus_group34/.venv/lib/python3.14/site-packages/sklearn/utils/validation.py:2827: UserWarning: X does not have valid feature names, but StandardScaler was fitted with feature names
  warnings.warn(
/home/hetz/pytorch_projects/bonus_group34/.venv/lib/python3.14/site-packages/sklearn/utils/validation.py:2827: UserWarning: X does not have valid feature names, but StandardScaler was fitted with feature names
  warnings.warn(
/home/hetz/pytorch_projects/bonus_group34/.venv/lib/python3.14/site-packages/sklearn/utils/validation.py:2827: UserWarning: X does not have valid feature names, but StandardScaler was fitted with feature names
  warnings.warn(
/home/hetz/pytorch_projects/bonus_group34/.venv/lib/python3.14/site-packages/sklearn/utils/validation.py:2827: UserWarning: X does not have valid feature names, but StandardScaler was fitted with feature names
  warnings.warn(
/home/hetz/pytorch_projects/bonus_group34/.venv/lib/python3.14/site-packages/sklearn/utils/validation.py:2827: UserWarning: X does not have valid feature names, but StandardScaler was fitted with feature names
  warnings.warn(
/home/hetz/pytorch_projects/bonus_group34/.venv/lib/python3.14/site-packages/sklearn/utils/validation.py:2827: UserWarning: X does not have valid feature names, but StandardScaler was fitted with feature names
  warnings.warn(
/home/hetz/pytorch_projects/bonus_group34/.venv/lib/python3.14/site-packages/sklearn/utils/validation.py:2827: UserWarning: X does not have valid feature names, but StandardScaler was fitted with feature names
  warnings.warn(
val 30048
	iters: 100, epoch: 1 | loss: 0.1707274
	speed: 0.0275s/iter; left time: 19139.5669s
	iters: 200, epoch: 1 | loss: 0.2035915
	speed: 0.0104s/iter; left time: 7240.2061s
	iters: 300, epoch: 1 | loss: 0.1571655
	speed: 0.0105s/iter; left time: 7274.6538s
	iters: 400, epoch: 1 | loss: 0.1870294
	speed: 0.0105s/iter; left time: 7288.2173s
	iters: 500, epoch: 1 | loss: 0.2403008
	speed: 0.0106s/iter; left time: 7369.7650s
	iters: 600, epoch: 1 | loss: 0.2049413
	speed: 0.0105s/iter; left time: 7301.5963s
	iters: 700, epoch: 1 | loss: 0.1271695
	speed: 0.0107s/iter; left time: 7432.1970s
	iters: 800, epoch: 1 | loss: 0.1589576
	speed: 0.0113s/iter; left time: 7863.1478s
	iters: 900, epoch: 1 | loss: 0.2168591
	speed: 0.0116s/iter; left time: 8033.1429s
	iters: 1000, epoch: 1 | loss: 0.1556059
	speed: 0.0102s/iter; left time: 7105.1730s
	iters: 1100, epoch: 1 | loss: 0.2181358
	speed: 0.0106s/iter; left time: 7354.5959s
	iters: 1200, epoch: 1 | loss: 0.1524679
	speed: 0.0105s/iter; left time: 7315.7430s
	iters: 1300, epoch: 1 | loss: 0.2098889
	speed: 0.0105s/iter; left time: 7314.5307s
	iters: 1400, epoch: 1 | loss: 0.1411147
	speed: 0.0104s/iter; left time: 7205.2096s
	iters: 1500, epoch: 1 | loss: 0.1446659
	speed: 0.0105s/iter; left time: 7300.9260s
	iters: 1600, epoch: 1 | loss: 0.1537700
	speed: 0.0102s/iter; left time: 7080.5069s
	iters: 1700, epoch: 1 | loss: 0.1857266
	speed: 0.0104s/iter; left time: 7209.9658s
	iters: 1800, epoch: 1 | loss: 0.1304534
	speed: 0.0102s/iter; left time: 7071.4620s
	iters: 1900, epoch: 1 | loss: 0.1650066
	speed: 0.0104s/iter; left time: 7218.3869s
	iters: 2000, epoch: 1 | loss: 0.1283678
	speed: 0.0103s/iter; left time: 7174.1446s
	iters: 2100, epoch: 1 | loss: 0.1962398
	speed: 0.0103s/iter; left time: 7159.1749s
	iters: 2200, epoch: 1 | loss: 0.1427076
	speed: 0.0103s/iter; left time: 7157.6252s
	iters: 2300, epoch: 1 | loss: 0.1541122
	speed: 0.0107s/iter; left time: 7410.1687s
	iters: 2400, epoch: 1 | loss: 0.1380697
	speed: 0.0106s/iter; left time: 7315.7740s
	iters: 2500, epoch: 1 | loss: 0.1369575
	speed: 0.0107s/iter; left time: 7446.7017s
	iters: 2600, epoch: 1 | loss: 0.1024798
	speed: 0.0103s/iter; left time: 7115.1592s
	iters: 2700, epoch: 1 | loss: 0.1174374
	speed: 0.0103s/iter; left time: 7137.6193s
	iters: 2800, epoch: 1 | loss: 0.1966957
	speed: 0.0103s/iter; left time: 7141.2711s
	iters: 2900, epoch: 1 | loss: 0.1638130
	speed: 0.0108s/iter; left time: 7491.7892s
	iters: 3000, epoch: 1 | loss: 0.2048652
	speed: 0.0102s/iter; left time: 7069.4212s
	iters: 3100, epoch: 1 | loss: 0.1906073
	speed: 0.0104s/iter; left time: 7179.0387s
	iters: 3200, epoch: 1 | loss: 0.0999341
	speed: 0.0105s/iter; left time: 7275.2574s
	iters: 3300, epoch: 1 | loss: 0.1228448
	speed: 0.0103s/iter; left time: 7103.6184s
	iters: 3400, epoch: 1 | loss: 0.1123685
	speed: 0.0108s/iter; left time: 7486.9518s
	iters: 3500, epoch: 1 | loss: 0.1339672
	speed: 0.0106s/iter; left time: 7342.9496s
	iters: 3600, epoch: 1 | loss: 0.1479487
	speed: 0.0111s/iter; left time: 7667.3210s
	iters: 3700, epoch: 1 | loss: 0.1192253
	speed: 0.0111s/iter; left time: 7687.8923s
	iters: 3800, epoch: 1 | loss: 0.2469615
	speed: 0.0114s/iter; left time: 7855.3594s
	iters: 3900, epoch: 1 | loss: 0.2696167
	speed: 0.0104s/iter; left time: 7177.7877s
	iters: 4000, epoch: 1 | loss: 0.1328517
	speed: 0.0104s/iter; left time: 7191.1488s
	iters: 4100, epoch: 1 | loss: 0.1018591
	speed: 0.0106s/iter; left time: 7306.4922s
	iters: 4200, epoch: 1 | loss: 0.1553958
	speed: 0.0104s/iter; left time: 7213.4187s
	iters: 4300, epoch: 1 | loss: 0.1940033
	speed: 0.0107s/iter; left time: 7384.5968s
	iters: 4400, epoch: 1 | loss: 0.1382063
	speed: 0.0109s/iter; left time: 7516.7601s
	iters: 4500, epoch: 1 | loss: 0.2145206
	speed: 0.0104s/iter; left time: 7162.5398s
	iters: 4600, epoch: 1 | loss: 0.1512930
	speed: 0.0106s/iter; left time: 7292.1936s
	iters: 4700, epoch: 1 | loss: 0.0995565
	speed: 0.0104s/iter; left time: 7178.1958s
	iters: 4800, epoch: 1 | loss: 0.1422914
	speed: 0.0107s/iter; left time: 7380.0290s
	iters: 4900, epoch: 1 | loss: 0.1294153
	speed: 0.0106s/iter; left time: 7317.7419s
	iters: 5000, epoch: 1 | loss: 0.1737905
	speed: 0.0107s/iter; left time: 7368.5950s
	iters: 5100, epoch: 1 | loss: 0.1505010
	speed: 0.0105s/iter; left time: 7268.5295s
	iters: 5200, epoch: 1 | loss: 0.1739902
	speed: 0.0111s/iter; left time: 7660.7525s
	iters: 5300, epoch: 1 | loss: 0.1462073
	speed: 0.0110s/iter; left time: 7606.9252s
	iters: 5400, epoch: 1 | loss: 0.1188173
	speed: 0.0105s/iter; left time: 7218.7282s
	iters: 5500, epoch: 1 | loss: 0.1304177
	speed: 0.0106s/iter; left time: 7318.3188s
	iters: 5600, epoch: 1 | loss: 0.1291019
	speed: 0.0107s/iter; left time: 7375.9276s
	iters: 5700, epoch: 1 | loss: 0.1620245
	speed: 0.0106s/iter; left time: 7298.1301s
	iters: 5800, epoch: 1 | loss: 0.1528579
	speed: 0.0106s/iter; left time: 7300.9165s
	iters: 5900, epoch: 1 | loss: 0.1338091
	speed: 0.0108s/iter; left time: 7418.3625s
	iters: 6000, epoch: 1 | loss: 0.1995085
	speed: 0.0105s/iter; left time: 7207.7838s
	iters: 6100, epoch: 1 | loss: 0.1927543
	speed: 0.0105s/iter; left time: 7210.0780s
	iters: 6200, epoch: 1 | loss: 0.1681049
	speed: 0.0102s/iter; left time: 7060.8333s
	iters: 6300, epoch: 1 | loss: 0.1520603
	speed: 0.0107s/iter; left time: 7411.0233s
	iters: 6400, epoch: 1 | loss: 0.1298606
	speed: 0.0110s/iter; left time: 7596.9417s
	iters: 6500, epoch: 1 | loss: 0.1033156
	speed: 0.0104s/iter; left time: 7140.7354s
	iters: 6600, epoch: 1 | loss: 0.1970805
	speed: 0.0119s/iter; left time: 8193.7075s
	iters: 6700, epoch: 1 | loss: 0.1967035
	speed: 0.0106s/iter; left time: 7323.1818s
	iters: 6800, epoch: 1 | loss: 0.2236500
	speed: 0.0103s/iter; left time: 7103.0614s
	iters: 6900, epoch: 1 | loss: 0.1744986
	speed: 0.0105s/iter; left time: 7223.2942s
	iters: 7000, epoch: 1 | loss: 0.1225564
	speed: 0.0109s/iter; left time: 7498.6074s
	iters: 7100, epoch: 1 | loss: 0.1666038
	speed: 0.0105s/iter; left time: 7198.0218s
	iters: 7200, epoch: 1 | loss: 0.1665615
	speed: 0.0108s/iter; left time: 7440.1521s
	iters: 7300, epoch: 1 | loss: 0.1054313
	speed: 0.0106s/iter; left time: 7307.3788s
	iters: 7400, epoch: 1 | loss: 0.1186640
	speed: 0.0104s/iter; left time: 7176.2289s
	iters: 7500, epoch: 1 | loss: 0.0968994
	speed: 0.0105s/iter; left time: 7234.4651s
	iters: 7600, epoch: 1 | loss: 0.0915651
	speed: 0.0105s/iter; left time: 7202.1612s
	iters: 7700, epoch: 1 | loss: 0.1463770
	speed: 0.0107s/iter; left time: 7349.2094s
	iters: 7800, epoch: 1 | loss: 0.1482339
	speed: 0.0106s/iter; left time: 7264.0771s
	iters: 7900, epoch: 1 | loss: 0.1145645
	speed: 0.0105s/iter; left time: 7218.9453s
	iters: 8000, epoch: 1 | loss: 0.1230985
	speed: 0.0112s/iter; left time: 7719.6565s
	iters: 8100, epoch: 1 | loss: 0.1345974
	speed: 0.0111s/iter; left time: 7638.3147s
	iters: 8200, epoch: 1 | loss: 0.0937889
	speed: 0.0109s/iter; left time: 7484.4369s
	iters: 8300, epoch: 1 | loss: 0.1542911
	speed: 0.0106s/iter; left time: 7306.2857s
	iters: 8400, epoch: 1 | loss: 0.1817205
	speed: 0.0117s/iter; left time: 8046.5283s
	iters: 8500, epoch: 1 | loss: 0.2039314
	speed: 0.0106s/iter; left time: 7295.6877s
	iters: 8600, epoch: 1 | loss: 0.1265570
	speed: 0.0109s/iter; left time: 7515.9339s
	iters: 8700, epoch: 1 | loss: 0.1923046
	speed: 0.0106s/iter; left time: 7275.1228s
	iters: 8800, epoch: 1 | loss: 0.1819014
	speed: 0.0110s/iter; left time: 7522.4341s
	iters: 8900, epoch: 1 | loss: 0.2966307
	speed: 0.0108s/iter; left time: 7391.2902s
	iters: 9000, epoch: 1 | loss: 0.1534419
	speed: 0.0107s/iter; left time: 7369.4540s
	iters: 9100, epoch: 1 | loss: 0.2004462
	speed: 0.0107s/iter; left time: 7373.6290s
	iters: 9200, epoch: 1 | loss: 0.1444606
	speed: 0.0112s/iter; left time: 7687.0902s
	iters: 9300, epoch: 1 | loss: 0.1407627
	speed: 0.0107s/iter; left time: 7331.4849s
	iters: 9400, epoch: 1 | loss: 0.2162083
	speed: 0.0113s/iter; left time: 7787.4006s
	iters: 9500, epoch: 1 | loss: 0.0990547
	speed: 0.0127s/iter; left time: 8741.6473s
	iters: 9600, epoch: 1 | loss: 0.1963252
	speed: 0.0110s/iter; left time: 7542.1065s
	iters: 9700, epoch: 1 | loss: 0.1531649
	speed: 0.0109s/iter; left time: 7480.7223s
	iters: 9800, epoch: 1 | loss: 0.1213782
	speed: 0.0115s/iter; left time: 7869.7886s
	iters: 9900, epoch: 1 | loss: 0.1335517
	speed: 0.0107s/iter; left time: 7309.2569s
	iters: 10000, epoch: 1 | loss: 0.1123322
	speed: 0.0111s/iter; left time: 7629.2293s
	iters: 10100, epoch: 1 | loss: 0.0690394
	speed: 0.0107s/iter; left time: 7331.2013s
	iters: 10200, epoch: 1 | loss: 0.1314169
	speed: 0.0106s/iter; left time: 7275.0704s
	iters: 10300, epoch: 1 | loss: 0.1268796
	speed: 0.0108s/iter; left time: 7405.1116s
	iters: 10400, epoch: 1 | loss: 0.1545493
	speed: 0.0105s/iter; left time: 7202.8868s
	iters: 10500, epoch: 1 | loss: 0.2252977
	speed: 0.0106s/iter; left time: 7268.0720s
	iters: 10600, epoch: 1 | loss: 0.0908214
	speed: 0.0107s/iter; left time: 7343.0578s
	iters: 10700, epoch: 1 | loss: 0.1808397
	speed: 0.0107s/iter; left time: 7301.6876s
	iters: 10800, epoch: 1 | loss: 0.1434921
	speed: 0.0109s/iter; left time: 7450.5966s
	iters: 10900, epoch: 1 | loss: 0.1672677
	speed: 0.0105s/iter; left time: 7224.2526s
	iters: 11000, epoch: 1 | loss: 0.2307928
	speed: 0.0109s/iter; left time: 7461.2683s
	iters: 11100, epoch: 1 | loss: 0.1243135
	speed: 0.0105s/iter; left time: 7195.3140s
	iters: 11200, epoch: 1 | loss: 0.1184854
	speed: 0.0107s/iter; left time: 7293.1657s
	iters: 11300, epoch: 1 | loss: 0.1141499
	speed: 0.0105s/iter; left time: 7177.9405s
	iters: 11400, epoch: 1 | loss: 0.1284725
	speed: 0.0106s/iter; left time: 7245.8406s
	iters: 11500, epoch: 1 | loss: 0.1478253
	speed: 0.0108s/iter; left time: 7402.6781s
	iters: 11600, epoch: 1 | loss: 0.1512268
	speed: 0.0107s/iter; left time: 7308.5821s
	iters: 11700, epoch: 1 | loss: 0.1599489
	speed: 0.0106s/iter; left time: 7251.4213s
	iters: 11800, epoch: 1 | loss: 0.1509237
	speed: 0.0105s/iter; left time: 7175.4913s
	iters: 11900, epoch: 1 | loss: 0.1876937
	speed: 0.0110s/iter; left time: 7537.2787s
	iters: 12000, epoch: 1 | loss: 0.1279797
	speed: 0.0118s/iter; left time: 8080.2385s
	iters: 12100, epoch: 1 | loss: 0.1508814
	speed: 0.0108s/iter; left time: 7376.4899s
	iters: 12200, epoch: 1 | loss: 0.1760672
	speed: 0.0111s/iter; left time: 7581.0281s
	iters: 12300, epoch: 1 | loss: 0.2079571
	speed: 0.0133s/iter; left time: 9072.3315s
	iters: 12400, epoch: 1 | loss: 0.1577262
	speed: 0.0107s/iter; left time: 7286.5381s
	iters: 12500, epoch: 1 | loss: 0.1930657
	speed: 0.0108s/iter; left time: 7408.0888s
	iters: 12600, epoch: 1 | loss: 0.1801376
	speed: 0.0109s/iter; left time: 7414.9897s
	iters: 12700, epoch: 1 | loss: 0.1256971
	speed: 0.0105s/iter; left time: 7147.3626s
	iters: 12800, epoch: 1 | loss: 0.1087179
	speed: 0.0107s/iter; left time: 7297.4504s
	iters: 12900, epoch: 1 | loss: 0.1254165
	speed: 0.0110s/iter; left time: 7525.5659s
	iters: 13000, epoch: 1 | loss: 0.1468104
	speed: 0.0110s/iter; left time: 7534.0882s
	iters: 13100, epoch: 1 | loss: 0.1168637
	speed: 0.0109s/iter; left time: 7435.6991s
	iters: 13200, epoch: 1 | loss: 0.1470704
	speed: 0.0110s/iter; left time: 7535.4918s
	iters: 13300, epoch: 1 | loss: 0.1757563
	speed: 0.0109s/iter; left time: 7425.2570s
	iters: 13400, epoch: 1 | loss: 0.1372686
	speed: 0.0110s/iter; left time: 7472.0063s
	iters: 13500, epoch: 1 | loss: 0.1411845
	speed: 0.0110s/iter; left time: 7532.5422s
	iters: 13600, epoch: 1 | loss: 0.1363121
	speed: 0.0115s/iter; left time: 7828.5468s
	iters: 13700, epoch: 1 | loss: 0.1508737
	speed: 0.0106s/iter; left time: 7250.3387s
	iters: 13800, epoch: 1 | loss: 0.2060603
	speed: 0.0112s/iter; left time: 7654.4993s
	iters: 13900, epoch: 1 | loss: 0.1440261
	speed: 0.0114s/iter; left time: 7775.8011s
	iters: 14000, epoch: 1 | loss: 0.1146960
	speed: 0.0116s/iter; left time: 7923.4537s
	iters: 14100, epoch: 1 | loss: 0.1385108
	speed: 0.0111s/iter; left time: 7598.2278s
	iters: 14200, epoch: 1 | loss: 0.1716747
	speed: 0.0110s/iter; left time: 7493.8440s
	iters: 14300, epoch: 1 | loss: 0.1270441
	speed: 0.0113s/iter; left time: 7672.7226s
	iters: 14400, epoch: 1 | loss: 0.1400450
	speed: 0.0108s/iter; left time: 7340.3611s
	iters: 14500, epoch: 1 | loss: 0.1897056
	speed: 0.0105s/iter; left time: 7186.2536s
	iters: 14600, epoch: 1 | loss: 0.1399952
	speed: 0.0106s/iter; left time: 7193.8913s
	iters: 14700, epoch: 1 | loss: 0.0921577
	speed: 0.0115s/iter; left time: 7801.3597s
	iters: 14800, epoch: 1 | loss: 0.1294268
	speed: 0.0106s/iter; left time: 7208.5452s
	iters: 14900, epoch: 1 | loss: 0.1823183
	speed: 0.0109s/iter; left time: 7405.0068s
	iters: 15000, epoch: 1 | loss: 0.1140506
	speed: 0.0120s/iter; left time: 8143.3934s
	iters: 15100, epoch: 1 | loss: 0.1012743
	speed: 0.0127s/iter; left time: 8651.6194s
	iters: 15200, epoch: 1 | loss: 0.1514335
	speed: 0.0113s/iter; left time: 7676.0774s
	iters: 15300, epoch: 1 | loss: 0.1627111
	speed: 0.0110s/iter; left time: 7463.6818s
	iters: 15400, epoch: 1 | loss: 0.0977760
	speed: 0.0107s/iter; left time: 7302.3608s
	iters: 15500, epoch: 1 | loss: 0.1346087
	speed: 0.0105s/iter; left time: 7147.0532s
	iters: 15600, epoch: 1 | loss: 0.1055716
	speed: 0.0109s/iter; left time: 7440.2310s
	iters: 15700, epoch: 1 | loss: 0.1160180
	speed: 0.0114s/iter; left time: 7733.1392s
	iters: 15800, epoch: 1 | loss: 0.1576044
	speed: 0.0106s/iter; left time: 7187.8628s
	iters: 15900, epoch: 1 | loss: 0.1325710
	speed: 0.0111s/iter; left time: 7518.6733s
	iters: 16000, epoch: 1 | loss: 0.1486306
	speed: 0.0106s/iter; left time: 7190.9811s
	iters: 16100, epoch: 1 | loss: 0.1943697
	speed: 0.0108s/iter; left time: 7313.2860s
	iters: 16200, epoch: 1 | loss: 0.0936599
	speed: 0.0105s/iter; left time: 7145.9272s
	iters: 16300, epoch: 1 | loss: 0.1320517
	speed: 0.0111s/iter; left time: 7523.3218s
	iters: 16400, epoch: 1 | loss: 0.1535938
	speed: 0.0111s/iter; left time: 7550.7061s
	iters: 16500, epoch: 1 | loss: 0.1315452
	speed: 0.0110s/iter; left time: 7442.1367s
	iters: 16600, epoch: 1 | loss: 0.1177708
	speed: 0.0110s/iter; left time: 7490.4803s
	iters: 16700, epoch: 1 | loss: 0.1177491
	speed: 0.0107s/iter; left time: 7265.4980s
	iters: 16800, epoch: 1 | loss: 0.1686702
	speed: 0.0108s/iter; left time: 7339.8706s
	iters: 16900, epoch: 1 | loss: 0.1193757
	speed: 0.0110s/iter; left time: 7480.5521s
	iters: 17000, epoch: 1 | loss: 0.1504400
	speed: 0.0109s/iter; left time: 7415.2063s
	iters: 17100, epoch: 1 | loss: 0.2154014
	speed: 0.0107s/iter; left time: 7240.5621s
	iters: 17200, epoch: 1 | loss: 0.1019781
	speed: 0.0109s/iter; left time: 7370.4990s
	iters: 17300, epoch: 1 | loss: 0.1675151
	speed: 0.0109s/iter; left time: 7405.1111s
	iters: 17400, epoch: 1 | loss: 0.1262218
	speed: 0.0132s/iter; left time: 8949.2872s
	iters: 17500, epoch: 1 | loss: 0.1884208
	speed: 0.0110s/iter; left time: 7470.8192s
	iters: 17600, epoch: 1 | loss: 0.1388727
	speed: 0.0109s/iter; left time: 7361.9957s
	iters: 17700, epoch: 1 | loss: 0.1276359
	speed: 0.0108s/iter; left time: 7318.8427s
	iters: 17800, epoch: 1 | loss: 0.2048843
	speed: 0.0138s/iter; left time: 9386.2280s
	iters: 17900, epoch: 1 | loss: 0.1051528
	speed: 0.0112s/iter; left time: 7569.2619s
	iters: 18000, epoch: 1 | loss: 0.1715048
	speed: 0.0111s/iter; left time: 7496.6831s
	iters: 18100, epoch: 1 | loss: 0.1312226
	speed: 0.0109s/iter; left time: 7397.7131s
	iters: 18200, epoch: 1 | loss: 0.1190007
	speed: 0.0109s/iter; left time: 7392.5783s
	iters: 18300, epoch: 1 | loss: 0.1347007
	speed: 0.0110s/iter; left time: 7467.9000s
	iters: 18400, epoch: 1 | loss: 0.1741078
	speed: 0.0112s/iter; left time: 7616.0530s
	iters: 18500, epoch: 1 | loss: 0.1783210
	speed: 0.0108s/iter; left time: 7327.1163s
	iters: 18600, epoch: 1 | loss: 0.1398387
	speed: 0.0105s/iter; left time: 7113.0181s
	iters: 18700, epoch: 1 | loss: 0.1215928
	speed: 0.0107s/iter; left time: 7233.4315s
	iters: 18800, epoch: 1 | loss: 0.1250194
	speed: 0.0111s/iter; left time: 7494.7376s
	iters: 18900, epoch: 1 | loss: 0.1819455
	speed: 0.0109s/iter; left time: 7351.4544s
	iters: 19000, epoch: 1 | loss: 0.1386917
	speed: 0.0115s/iter; left time: 7754.4717s
	iters: 19100, epoch: 1 | loss: 0.1351378
	speed: 0.0108s/iter; left time: 7275.8243s
	iters: 19200, epoch: 1 | loss: 0.1676012
	speed: 0.0120s/iter; left time: 8105.7575s
	iters: 19300, epoch: 1 | loss: 0.1099194
	speed: 0.0112s/iter; left time: 7557.1399s
	iters: 19400, epoch: 1 | loss: 0.1304391
	speed: 0.0109s/iter; left time: 7352.4521s
	iters: 19500, epoch: 1 | loss: 0.0763200
	speed: 0.0110s/iter; left time: 7468.1842s
	iters: 19600, epoch: 1 | loss: 0.1637543
	speed: 0.0109s/iter; left time: 7363.2347s
	iters: 19700, epoch: 1 | loss: 0.1255041
	speed: 0.0106s/iter; left time: 7149.3319s
	iters: 19800, epoch: 1 | loss: 0.1327846
	speed: 0.0106s/iter; left time: 7189.0656s
	iters: 19900, epoch: 1 | loss: 0.0819376
	speed: 0.0106s/iter; left time: 7195.3411s
	iters: 20000, epoch: 1 | loss: 0.1442505
	speed: 0.0107s/iter; left time: 7224.8773s
	iters: 20100, epoch: 1 | loss: 0.1470315
	speed: 0.0111s/iter; left time: 7481.5535s
	iters: 20200, epoch: 1 | loss: 0.2047959
	speed: 0.0106s/iter; left time: 7151.5474s
	iters: 20300, epoch: 1 | loss: 0.1295611
	speed: 0.0107s/iter; left time: 7242.2570s
	iters: 20400, epoch: 1 | loss: 0.1071664
	speed: 0.0106s/iter; left time: 7165.1826s
	iters: 20500, epoch: 1 | loss: 0.0861350
	speed: 0.0108s/iter; left time: 7316.1998s
	iters: 20600, epoch: 1 | loss: 0.1713214
	speed: 0.0140s/iter; left time: 9474.4427s
	iters: 20700, epoch: 1 | loss: 0.1136903
	speed: 0.0113s/iter; left time: 7639.0703s
	iters: 20800, epoch: 1 | loss: 0.2063893
	speed: 0.0112s/iter; left time: 7586.3769s
	iters: 20900, epoch: 1 | loss: 0.2174126
	speed: 0.0117s/iter; left time: 7884.5892s
	iters: 21000, epoch: 1 | loss: 0.1200094
	speed: 0.0108s/iter; left time: 7292.5999s
	iters: 21100, epoch: 1 | loss: 0.1630695
	speed: 0.0110s/iter; left time: 7391.6741s
	iters: 21200, epoch: 1 | loss: 0.0750927
	speed: 0.0109s/iter; left time: 7323.9324s
	iters: 21300, epoch: 1 | loss: 0.1010386
	speed: 0.0108s/iter; left time: 7257.9486s
	iters: 21400, epoch: 1 | loss: 0.1247484
	speed: 0.0111s/iter; left time: 7454.5550s
	iters: 21500, epoch: 1 | loss: 0.1446429
	speed: 0.0108s/iter; left time: 7249.2026s
	iters: 21600, epoch: 1 | loss: 0.1101776
	speed: 0.0111s/iter; left time: 7464.6437s
	iters: 21700, epoch: 1 | loss: 0.1192750
	speed: 0.0113s/iter; left time: 7614.0090s
	iters: 21800, epoch: 1 | loss: 0.1234809
	speed: 0.0109s/iter; left time: 7363.8657s
	iters: 21900, epoch: 1 | loss: 0.1036748
	speed: 0.0109s/iter; left time: 7376.4231s
	iters: 22000, epoch: 1 | loss: 0.1153708
	speed: 0.0110s/iter; left time: 7383.7032s
	iters: 22100, epoch: 1 | loss: 0.1591310
	speed: 0.0108s/iter; left time: 7301.9480s
	iters: 22200, epoch: 1 | loss: 0.0930382
	speed: 0.0105s/iter; left time: 7084.2385s
	iters: 22300, epoch: 1 | loss: 0.1284010
	speed: 0.0107s/iter; left time: 7209.0444s
	iters: 22400, epoch: 1 | loss: 0.1472076
	speed: 0.0107s/iter; left time: 7187.1021s
	iters: 22500, epoch: 1 | loss: 0.1860832
	speed: 0.0106s/iter; left time: 7162.6043s
	iters: 22600, epoch: 1 | loss: 0.1503519
	speed: 0.0107s/iter; left time: 7195.7290s
	iters: 22700, epoch: 1 | loss: 0.1276258
	speed: 0.0106s/iter; left time: 7109.3503s
	iters: 22800, epoch: 1 | loss: 0.0992971
	speed: 0.0114s/iter; left time: 7648.7287s
	iters: 22900, epoch: 1 | loss: 0.0977493
	speed: 0.0111s/iter; left time: 7492.9457s
	iters: 23000, epoch: 1 | loss: 0.1782755
	speed: 0.0112s/iter; left time: 7566.7363s
	iters: 23100, epoch: 1 | loss: 0.1418594
	speed: 0.0108s/iter; left time: 7292.4934s
Epoch: 1 cost time: 253.00180006027222
Epoch: 1, Steps: 23190 | Train Loss: 0.1449809 Vali Loss: 0.1502746
Validation loss decreased (inf --> 0.150275).  Saving model ...
Updating learning rate to 0.0005
	iters: 100, epoch: 2 | loss: 0.1637718
	speed: 0.1039s/iter; left time: 69896.7851s
	iters: 200, epoch: 2 | loss: 0.1768565
	speed: 0.0112s/iter; left time: 7559.7175s
	iters: 300, epoch: 2 | loss: 0.1410935
	speed: 0.0112s/iter; left time: 7506.4115s
	iters: 400, epoch: 2 | loss: 0.1894647
	speed: 0.0108s/iter; left time: 7233.0455s
	iters: 500, epoch: 2 | loss: 0.1458691
	speed: 0.0111s/iter; left time: 7475.1303s
	iters: 600, epoch: 2 | loss: 0.1390297
	speed: 0.0111s/iter; left time: 7426.7937s
	iters: 700, epoch: 2 | loss: 0.2441438
	speed: 0.0113s/iter; left time: 7559.2144s
	iters: 800, epoch: 2 | loss: 0.1421094
	speed: 0.0110s/iter; left time: 7361.8594s
	iters: 900, epoch: 2 | loss: 0.1186520
	speed: 0.0108s/iter; left time: 7270.3475s
	iters: 1000, epoch: 2 | loss: 0.1332282
	speed: 0.0106s/iter; left time: 7088.1590s
	iters: 1100, epoch: 2 | loss: 0.1657864
	speed: 0.0111s/iter; left time: 7455.8261s
	iters: 1200, epoch: 2 | loss: 0.1666756
	speed: 0.0114s/iter; left time: 7655.2861s
	iters: 1300, epoch: 2 | loss: 0.1393688
	speed: 0.0130s/iter; left time: 8721.8812s
	iters: 1400, epoch: 2 | loss: 0.1011068
	speed: 0.0131s/iter; left time: 8796.0755s
	iters: 1500, epoch: 2 | loss: 0.1416465
	speed: 0.0121s/iter; left time: 8112.0470s
	iters: 1600, epoch: 2 | loss: 0.1481190
	speed: 0.0113s/iter; left time: 7596.6158s
	iters: 1700, epoch: 2 | loss: 0.1482977
	speed: 0.0109s/iter; left time: 7336.1685s
	iters: 1800, epoch: 2 | loss: 0.1139246
	speed: 0.0110s/iter; left time: 7409.0172s
	iters: 1900, epoch: 2 | loss: 0.2004105
	speed: 0.0106s/iter; left time: 7132.0866s
	iters: 2000, epoch: 2 | loss: 0.1470377
	speed: 0.0108s/iter; left time: 7213.7438s
	iters: 2100, epoch: 2 | loss: 0.1617933
	speed: 0.0108s/iter; left time: 7233.4326s
	iters: 2200, epoch: 2 | loss: 0.1769275
	speed: 0.0136s/iter; left time: 9142.0981s
	iters: 2300, epoch: 2 | loss: 0.1716756
	speed: 0.0108s/iter; left time: 7230.6675s
	iters: 2400, epoch: 2 | loss: 0.1522766
	speed: 0.0108s/iter; left time: 7261.1234s
	iters: 2500, epoch: 2 | loss: 0.1362974
	speed: 0.0111s/iter; left time: 7433.7748s
	iters: 2600, epoch: 2 | loss: 0.1460726
	speed: 0.0111s/iter; left time: 7459.5891s
	iters: 2700, epoch: 2 | loss: 0.1523064
	speed: 0.0113s/iter; left time: 7544.2049s
	iters: 2800, epoch: 2 | loss: 0.1372162
	speed: 0.0106s/iter; left time: 7075.0589s
	iters: 2900, epoch: 2 | loss: 0.1369945
	speed: 0.0110s/iter; left time: 7368.0305s
	iters: 3000, epoch: 2 | loss: 0.1473009
	speed: 0.0108s/iter; left time: 7220.8631s
	iters: 3100, epoch: 2 | loss: 0.1600124
	speed: 0.0107s/iter; left time: 7166.2372s
	iters: 3200, epoch: 2 | loss: 0.1934113
	speed: 0.0105s/iter; left time: 7054.2788s
	iters: 3300, epoch: 2 | loss: 0.1303788
	speed: 0.0106s/iter; left time: 7091.1935s
	iters: 3400, epoch: 2 | loss: 0.2108762
	speed: 0.0108s/iter; left time: 7245.3200s
	iters: 3500, epoch: 2 | loss: 0.1307762
	speed: 0.0110s/iter; left time: 7348.0412s
	iters: 3600, epoch: 2 | loss: 0.1473098
	speed: 0.0106s/iter; left time: 7118.8406s
	iters: 3700, epoch: 2 | loss: 0.1404115
	speed: 0.0108s/iter; left time: 7224.6891s
	iters: 3800, epoch: 2 | loss: 0.1801000
	speed: 0.0106s/iter; left time: 7106.9947s
	iters: 3900, epoch: 2 | loss: 0.2137758
	speed: 0.0106s/iter; left time: 7086.0472s
	iters: 4000, epoch: 2 | loss: 0.1634531
	speed: 0.0108s/iter; left time: 7202.6568s
	iters: 4100, epoch: 2 | loss: 0.1169893
	speed: 0.0113s/iter; left time: 7538.8539s
	iters: 4200, epoch: 2 | loss: 0.1215428
	speed: 0.0106s/iter; left time: 7094.3799s
	iters: 4300, epoch: 2 | loss: 0.1191290
	speed: 0.0115s/iter; left time: 7680.8123s
	iters: 4400, epoch: 2 | loss: 0.1724592
	speed: 0.0110s/iter; left time: 7358.3764s
	iters: 4500, epoch: 2 | loss: 0.2289773
	speed: 0.0109s/iter; left time: 7296.8685s
	iters: 4600, epoch: 2 | loss: 0.1351971
	speed: 0.0112s/iter; left time: 7449.6823s
	iters: 4700, epoch: 2 | loss: 0.1248963
	speed: 0.0110s/iter; left time: 7336.3083s
	iters: 4800, epoch: 2 | loss: 0.0988829
	speed: 0.0112s/iter; left time: 7454.7634s
	iters: 4900, epoch: 2 | loss: 0.1683681
	speed: 0.0112s/iter; left time: 7484.5547s
	iters: 5000, epoch: 2 | loss: 0.1546190
	speed: 0.0142s/iter; left time: 9473.0866s
	iters: 5100, epoch: 2 | loss: 0.1649183
	speed: 0.0111s/iter; left time: 7398.8047s
	iters: 5200, epoch: 2 | loss: 0.1414829
	speed: 0.0111s/iter; left time: 7380.8459s
	iters: 5300, epoch: 2 | loss: 0.1644734
	speed: 0.0110s/iter; left time: 7352.2421s
	iters: 5400, epoch: 2 | loss: 0.1245868
	speed: 0.0108s/iter; left time: 7210.1186s
	iters: 5500, epoch: 2 | loss: 0.1081764
	speed: 0.0109s/iter; left time: 7285.5302s
	iters: 5600, epoch: 2 | loss: 0.2241092
	speed: 0.0110s/iter; left time: 7320.1263s
	iters: 5700, epoch: 2 | loss: 0.1714743
	speed: 0.0111s/iter; left time: 7427.7012s
	iters: 5800, epoch: 2 | loss: 0.1287359
	speed: 0.0111s/iter; left time: 7369.4600s
	iters: 5900, epoch: 2 | loss: 0.1703198
	speed: 0.0112s/iter; left time: 7462.3488s
	iters: 6000, epoch: 2 | loss: 0.1649287
	speed: 0.0108s/iter; left time: 7219.3864s
	iters: 6100, epoch: 2 | loss: 0.1166432
	speed: 0.0114s/iter; left time: 7593.2649s
	iters: 6200, epoch: 2 | loss: 0.1457568
	speed: 0.0110s/iter; left time: 7350.5870s
	iters: 6300, epoch: 2 | loss: 0.1732012
	speed: 0.0111s/iter; left time: 7411.1412s
	iters: 6400, epoch: 2 | loss: 0.1487659
	speed: 0.0111s/iter; left time: 7382.8955s
	iters: 6500, epoch: 2 | loss: 0.0948460
	speed: 0.0109s/iter; left time: 7236.5536s
	iters: 6600, epoch: 2 | loss: 0.1177908
	speed: 0.0108s/iter; left time: 7158.8627s
	iters: 6700, epoch: 2 | loss: 0.1439072
	speed: 0.0109s/iter; left time: 7246.6687s
	iters: 6800, epoch: 2 | loss: 0.1936576
	speed: 0.0110s/iter; left time: 7351.7356s
	iters: 6900, epoch: 2 | loss: 0.1692573
	speed: 0.0108s/iter; left time: 7220.3799s
	iters: 7000, epoch: 2 | loss: 0.1143959
	speed: 0.0117s/iter; left time: 7760.1812s
	iters: 7100, epoch: 2 | loss: 0.1059092
	speed: 0.0106s/iter; left time: 7067.9200s
	iters: 7200, epoch: 2 | loss: 0.1067662
	speed: 0.0108s/iter; left time: 7192.4979s
	iters: 7300, epoch: 2 | loss: 0.1047511
	speed: 0.0110s/iter; left time: 7317.6074s
	iters: 7400, epoch: 2 | loss: 0.1146462
	speed: 0.0110s/iter; left time: 7348.0828s
	iters: 7500, epoch: 2 | loss: 0.2351454
	speed: 0.0107s/iter; left time: 7130.0105s
	iters: 7600, epoch: 2 | loss: 0.0957353
	speed: 0.0114s/iter; left time: 7552.5292s
	iters: 7700, epoch: 2 | loss: 0.1540737
	speed: 0.0128s/iter; left time: 8491.9519s
	iters: 7800, epoch: 2 | loss: 0.1519728
	speed: 0.0112s/iter; left time: 7475.4694s
	iters: 7900, epoch: 2 | loss: 0.1180469
	speed: 0.0108s/iter; left time: 7181.5236s
	iters: 8000, epoch: 2 | loss: 0.1287600
	speed: 0.0106s/iter; left time: 7064.9019s
	iters: 8100, epoch: 2 | loss: 0.1436000
	speed: 0.0107s/iter; left time: 7115.4116s
	iters: 8200, epoch: 2 | loss: 0.0790547
	speed: 0.0106s/iter; left time: 7014.3243s
	iters: 8300, epoch: 2 | loss: 0.2493102
	speed: 0.0108s/iter; left time: 7205.2153s
	iters: 8400, epoch: 2 | loss: 0.1789514
	speed: 0.0105s/iter; left time: 6971.4156s
	iters: 8500, epoch: 2 | loss: 0.1353302
	speed: 0.0109s/iter; left time: 7262.3908s
	iters: 8600, epoch: 2 | loss: 0.1640754
	speed: 0.0106s/iter; left time: 7042.5484s
	iters: 8700, epoch: 2 | loss: 0.1517765
	speed: 0.0110s/iter; left time: 7304.8134s
	iters: 8800, epoch: 2 | loss: 0.1370523
	speed: 0.0107s/iter; left time: 7132.1971s
	iters: 8900, epoch: 2 | loss: 0.1362445
	speed: 0.0113s/iter; left time: 7470.7911s
	iters: 9000, epoch: 2 | loss: 0.1470996
	speed: 0.0110s/iter; left time: 7266.0420s
	iters: 9100, epoch: 2 | loss: 0.1190417
	speed: 0.0108s/iter; left time: 7151.6485s
	iters: 9200, epoch: 2 | loss: 0.1387724
	speed: 0.0110s/iter; left time: 7296.5643s
	iters: 9300, epoch: 2 | loss: 0.1678594
	speed: 0.0106s/iter; left time: 7030.7936s
	iters: 9400, epoch: 2 | loss: 0.1114290
	speed: 0.0108s/iter; left time: 7136.1129s
	iters: 9500, epoch: 2 | loss: 0.1246825
	speed: 0.0107s/iter; left time: 7072.0316s
	iters: 9600, epoch: 2 | loss: 0.1272144
	speed: 0.0107s/iter; left time: 7110.7304s
	iters: 9700, epoch: 2 | loss: 0.1179933
	speed: 0.0113s/iter; left time: 7514.8486s
	iters: 9800, epoch: 2 | loss: 0.1763642
	speed: 0.0112s/iter; left time: 7437.8657s
	iters: 9900, epoch: 2 | loss: 0.1553718
	speed: 0.0109s/iter; left time: 7225.9459s
	iters: 10000, epoch: 2 | loss: 0.0994184
	speed: 0.0109s/iter; left time: 7236.8315s
	iters: 10100, epoch: 2 | loss: 0.1982170
	speed: 0.0110s/iter; left time: 7291.2583s
	iters: 10200, epoch: 2 | loss: 0.1882204
	speed: 0.0108s/iter; left time: 7159.3978s
	iters: 10300, epoch: 2 | loss: 0.1842824
	speed: 0.0107s/iter; left time: 7088.4328s
	iters: 10400, epoch: 2 | loss: 0.0752145
	speed: 0.0109s/iter; left time: 7202.4910s
	iters: 10500, epoch: 2 | loss: 0.1789224
	speed: 0.0137s/iter; left time: 9044.7682s
	iters: 10600, epoch: 2 | loss: 0.1335579
	speed: 0.0113s/iter; left time: 7480.8228s
	iters: 10700, epoch: 2 | loss: 0.1056304
	speed: 0.0106s/iter; left time: 6997.7859s
	iters: 10800, epoch: 2 | loss: 0.1893306
	speed: 0.0107s/iter; left time: 7062.2559s
	iters: 10900, epoch: 2 | loss: 0.1199149
	speed: 0.0106s/iter; left time: 6996.0687s
	iters: 11000, epoch: 2 | loss: 0.1396963
	speed: 0.0111s/iter; left time: 7372.7265s
	iters: 11100, epoch: 2 | loss: 0.1781254
	speed: 0.0111s/iter; left time: 7363.7778s
	iters: 11200, epoch: 2 | loss: 0.1352251
	speed: 0.0119s/iter; left time: 7884.3906s
	iters: 11300, epoch: 2 | loss: 0.1078583
	speed: 0.0112s/iter; left time: 7391.2026s
	iters: 11400, epoch: 2 | loss: 0.1990941
	speed: 0.0111s/iter; left time: 7363.1583s
	iters: 11500, epoch: 2 | loss: 0.1615144
	speed: 0.0110s/iter; left time: 7243.1216s
	iters: 11600, epoch: 2 | loss: 0.1279461
	speed: 0.0111s/iter; left time: 7329.5170s
	iters: 11700, epoch: 2 | loss: 0.0836426
	speed: 0.0110s/iter; left time: 7274.0707s
	iters: 11800, epoch: 2 | loss: 0.1488724
	speed: 0.0121s/iter; left time: 8008.8185s
	iters: 11900, epoch: 2 | loss: 0.1484631
	speed: 0.0129s/iter; left time: 8509.4500s
	iters: 12000, epoch: 2 | loss: 0.1336200
	speed: 0.0111s/iter; left time: 7340.2067s
	iters: 12100, epoch: 2 | loss: 0.1338896
	speed: 0.0106s/iter; left time: 6984.7604s
	iters: 12200, epoch: 2 | loss: 0.2865563
	speed: 0.0110s/iter; left time: 7289.6971s
	iters: 12300, epoch: 2 | loss: 0.2677123
	speed: 0.0109s/iter; left time: 7226.1310s
	iters: 12400, epoch: 2 | loss: 0.2853388
	speed: 0.0121s/iter; left time: 7979.7355s
	iters: 12500, epoch: 2 | loss: 0.2478156
	speed: 0.0108s/iter; left time: 7150.9825s
	iters: 12600, epoch: 2 | loss: 0.2303720
	speed: 0.0110s/iter; left time: 7265.4035s
	iters: 12700, epoch: 2 | loss: 0.2864299
	speed: 0.0109s/iter; left time: 7212.9231s
	iters: 12800, epoch: 2 | loss: 0.2269687
	speed: 0.0108s/iter; left time: 7112.1522s
	iters: 12900, epoch: 2 | loss: 0.1831077
	speed: 0.0111s/iter; left time: 7316.1048s
	iters: 13000, epoch: 2 | loss: 0.2624974
	speed: 0.0107s/iter; left time: 7052.8001s
	iters: 13100, epoch: 2 | loss: 0.3510598
	speed: 0.0108s/iter; left time: 7093.3976s
	iters: 13200, epoch: 2 | loss: 0.2575363
	speed: 0.0118s/iter; left time: 7769.0256s
	iters: 13300, epoch: 2 | loss: 0.2501008
	speed: 0.0130s/iter; left time: 8594.7591s
	iters: 13400, epoch: 2 | loss: 0.1679654
	speed: 0.0113s/iter; left time: 7443.6320s
	iters: 13500, epoch: 2 | loss: 0.2108701
	speed: 0.0111s/iter; left time: 7282.2288s
	iters: 13600, epoch: 2 | loss: 0.2069955
	speed: 0.0109s/iter; left time: 7202.5283s
	iters: 13700, epoch: 2 | loss: 0.2318712
	speed: 0.0106s/iter; left time: 6996.3751s
	iters: 13800, epoch: 2 | loss: 0.2160248
	speed: 0.0112s/iter; left time: 7351.9996s
	iters: 13900, epoch: 2 | loss: 0.2420981
	speed: 0.0108s/iter; left time: 7132.3516s
	iters: 14000, epoch: 2 | loss: 0.2514686
	speed: 0.0108s/iter; left time: 7100.8607s
	iters: 14100, epoch: 2 | loss: 0.2287601
	speed: 0.0109s/iter; left time: 7168.7787s
	iters: 14200, epoch: 2 | loss: 0.2509095
	speed: 0.0111s/iter; left time: 7281.1390s
	iters: 14300, epoch: 2 | loss: 0.1955004
	speed: 0.0112s/iter; left time: 7366.3616s
	iters: 14400, epoch: 2 | loss: 0.1525125
	speed: 0.0110s/iter; left time: 7224.7819s
	iters: 14500, epoch: 2 | loss: 0.2247513
	speed: 0.0109s/iter; left time: 7140.8770s
	iters: 14600, epoch: 2 | loss: 0.1612407
	speed: 0.0109s/iter; left time: 7155.5890s
	iters: 14700, epoch: 2 | loss: 0.1811111
	speed: 0.0115s/iter; left time: 7547.0923s
	iters: 14800, epoch: 2 | loss: 0.1896793
	speed: 0.0111s/iter; left time: 7295.0168s
	iters: 14900, epoch: 2 | loss: 0.2613814
	speed: 0.0109s/iter; left time: 7186.8678s
	iters: 15000, epoch: 2 | loss: 0.2896670
	speed: 0.0110s/iter; left time: 7247.0520s
	iters: 15100, epoch: 2 | loss: 0.2044091
	speed: 0.0115s/iter; left time: 7531.0940s
	iters: 15200, epoch: 2 | loss: 0.2035063
	speed: 0.0108s/iter; left time: 7101.7400s
	iters: 15300, epoch: 2 | loss: 0.1850200
	speed: 0.0106s/iter; left time: 6943.0782s
	iters: 15400, epoch: 2 | loss: 0.1644462
	speed: 0.0107s/iter; left time: 6998.2498s
	iters: 15500, epoch: 2 | loss: 0.1870821
	speed: 0.0105s/iter; left time: 6917.1790s
	iters: 15600, epoch: 2 | loss: 0.1461308
	speed: 0.0110s/iter; left time: 7199.3402s
	iters: 15700, epoch: 2 | loss: 0.1823645
	speed: 0.0106s/iter; left time: 6975.2642s
	iters: 15800, epoch: 2 | loss: 0.2007160
	speed: 0.0108s/iter; left time: 7060.2949s
	iters: 15900, epoch: 2 | loss: 0.2542145
	speed: 0.0104s/iter; left time: 6858.1696s
	iters: 16000, epoch: 2 | loss: 0.1300980
	speed: 0.0129s/iter; left time: 8469.4565s
	iters: 16100, epoch: 2 | loss: 0.3027054
	speed: 0.0112s/iter; left time: 7376.7064s
	iters: 16200, epoch: 2 | loss: 0.1536601
	speed: 0.0105s/iter; left time: 6904.5109s
	iters: 16300, epoch: 2 | loss: 0.2061599
	speed: 0.0105s/iter; left time: 6918.3908s
	iters: 16400, epoch: 2 | loss: 0.2216257
	speed: 0.0107s/iter; left time: 7024.1979s
	iters: 16500, epoch: 2 | loss: 0.1841590
	speed: 0.0109s/iter; left time: 7126.8803s
	iters: 16600, epoch: 2 | loss: 0.2152930
	speed: 0.0110s/iter; left time: 7201.5481s
	iters: 16700, epoch: 2 | loss: 0.2307851
	speed: 0.0106s/iter; left time: 6926.9449s
	iters: 16800, epoch: 2 | loss: 0.2002868
	speed: 0.0107s/iter; left time: 7031.9548s
	iters: 16900, epoch: 2 | loss: 0.2002618
	speed: 0.0104s/iter; left time: 6828.7894s
	iters: 17000, epoch: 2 | loss: 0.2481951
	speed: 0.0105s/iter; left time: 6854.8916s
	iters: 17100, epoch: 2 | loss: 0.3060296
	speed: 0.0109s/iter; left time: 7137.7476s
	iters: 17200, epoch: 2 | loss: 0.2740327
	speed: 0.0108s/iter; left time: 7100.2660s
	iters: 17300, epoch: 2 | loss: 0.3284249
	speed: 0.0108s/iter; left time: 7082.2598s
	iters: 17400, epoch: 2 | loss: 0.2560008
	speed: 0.0106s/iter; left time: 6931.7700s
	iters: 17500, epoch: 2 | loss: 0.3095013
	speed: 0.0109s/iter; left time: 7145.9472s
	iters: 17600, epoch: 2 | loss: 0.3175573
	speed: 0.0106s/iter; left time: 6966.8580s
	iters: 17700, epoch: 2 | loss: 0.2980733
	speed: 0.0107s/iter; left time: 6991.8692s
	iters: 17800, epoch: 2 | loss: 0.2353662
	speed: 0.0104s/iter; left time: 6819.7647s
	iters: 17900, epoch: 2 | loss: 0.2693918
	speed: 0.0117s/iter; left time: 7644.2083s
	iters: 18000, epoch: 2 | loss: 0.2743426
	speed: 0.0111s/iter; left time: 7264.6532s
	iters: 18100, epoch: 2 | loss: 0.2533222
	speed: 0.0107s/iter; left time: 6978.7672s
	iters: 18200, epoch: 2 | loss: 0.2275412
	speed: 0.0107s/iter; left time: 6990.4850s
	iters: 18300, epoch: 2 | loss: 0.1982419
	speed: 0.0107s/iter; left time: 7022.9608s
	iters: 18400, epoch: 2 | loss: 0.3134475
	speed: 0.0106s/iter; left time: 6910.5249s
	iters: 18500, epoch: 2 | loss: 0.2404553
	speed: 0.0108s/iter; left time: 7041.0190s
	iters: 18600, epoch: 2 | loss: 0.2215589
	speed: 0.0108s/iter; left time: 7081.8417s
	iters: 18700, epoch: 2 | loss: 0.2446852
	speed: 0.0106s/iter; left time: 6906.4779s
	iters: 18800, epoch: 2 | loss: 0.2770315
	speed: 0.0118s/iter; left time: 7733.0635s
	iters: 18900, epoch: 2 | loss: 0.2107508
	speed: 0.0124s/iter; left time: 8102.3673s
	iters: 19000, epoch: 2 | loss: 0.3246229
	speed: 0.0106s/iter; left time: 6935.7421s
	iters: 19100, epoch: 2 | loss: 0.2806655
	speed: 0.0107s/iter; left time: 7012.8103s
	iters: 19200, epoch: 2 | loss: 0.2873275
	speed: 0.0107s/iter; left time: 6981.6049s
	iters: 19300, epoch: 2 | loss: 0.2379303
	speed: 0.0105s/iter; left time: 6874.8465s
	iters: 19400, epoch: 2 | loss: 0.3180577
	speed: 0.0108s/iter; left time: 7076.5894s
	iters: 19500, epoch: 2 | loss: 0.2540153
	speed: 0.0105s/iter; left time: 6838.4384s
	iters: 19600, epoch: 2 | loss: 0.2268772
	speed: 0.0106s/iter; left time: 6918.3360s
	iters: 19700, epoch: 2 | loss: 0.3015846
	speed: 0.0106s/iter; left time: 6926.1324s
	iters: 19800, epoch: 2 | loss: 0.2338797
	speed: 0.0107s/iter; left time: 6971.1812s
	iters: 19900, epoch: 2 | loss: 0.2163513
	speed: 0.0109s/iter; left time: 7129.3673s
	iters: 20000, epoch: 2 | loss: 0.2308412
	speed: 0.0107s/iter; left time: 7012.1958s
	iters: 20100, epoch: 2 | loss: 0.2580451
	speed: 0.0109s/iter; left time: 7129.6012s
	iters: 20200, epoch: 2 | loss: 0.2710208
	speed: 0.0104s/iter; left time: 6816.5494s
	iters: 20300, epoch: 2 | loss: 0.2037996
	speed: 0.0108s/iter; left time: 7044.5361s
	iters: 20400, epoch: 2 | loss: 0.2517182
	speed: 0.0106s/iter; left time: 6932.2413s
	iters: 20500, epoch: 2 | loss: 0.2177717
	speed: 0.0106s/iter; left time: 6908.3362s
	iters: 20600, epoch: 2 | loss: 0.2370688
	speed: 0.0105s/iter; left time: 6819.4118s
	iters: 20700, epoch: 2 | loss: 0.2175262
	speed: 0.0112s/iter; left time: 7298.1627s
	iters: 20800, epoch: 2 | loss: 0.2978962
	speed: 0.0107s/iter; left time: 6947.7410s
	iters: 20900, epoch: 2 | loss: 0.2211867
	speed: 0.0107s/iter; left time: 6968.6548s
	iters: 21000, epoch: 2 | loss: 0.2323630
	speed: 0.0105s/iter; left time: 6820.0864s
	iters: 21100, epoch: 2 | loss: 0.2182238
	speed: 0.0106s/iter; left time: 6910.9061s
	iters: 21200, epoch: 2 | loss: 0.2442817
	speed: 0.0106s/iter; left time: 6932.0323s
	iters: 21300, epoch: 2 | loss: 0.2588274
	speed: 0.0109s/iter; left time: 7081.9389s
	iters: 21400, epoch: 2 | loss: 0.2009021
	speed: 0.0105s/iter; left time: 6863.2216s
	iters: 21500, epoch: 2 | loss: 0.2355584
	speed: 0.0105s/iter; left time: 6863.0150s
	iters: 21600, epoch: 2 | loss: 0.3130702
	speed: 0.0106s/iter; left time: 6867.4374s
	iters: 21700, epoch: 2 | loss: 0.3583537
	speed: 0.0135s/iter; left time: 8802.2170s
	iters: 21800, epoch: 2 | loss: 0.2076376
	speed: 0.0107s/iter; left time: 6962.7593s
	iters: 21900, epoch: 2 | loss: 0.2581083
	speed: 0.0104s/iter; left time: 6782.3639s
	iters: 22000, epoch: 2 | loss: 0.2467133
	speed: 0.0106s/iter; left time: 6889.8732s
	iters: 22100, epoch: 2 | loss: 0.2592571
	speed: 0.0110s/iter; left time: 7162.2429s
	iters: 22200, epoch: 2 | loss: 0.2279960
	speed: 0.0108s/iter; left time: 7020.9241s
	iters: 22300, epoch: 2 | loss: 0.1968949
	speed: 0.0106s/iter; left time: 6874.0831s
	iters: 22400, epoch: 2 | loss: 0.2404099
	speed: 0.0107s/iter; left time: 6936.8481s
	iters: 22500, epoch: 2 | loss: 0.2936063
	speed: 0.0108s/iter; left time: 7007.2632s
	iters: 22600, epoch: 2 | loss: 0.2027103
	speed: 0.0106s/iter; left time: 6888.6456s
	iters: 22700, epoch: 2 | loss: 0.2437910
	speed: 0.0108s/iter; left time: 7007.3489s
	iters: 22800, epoch: 2 | loss: 0.3441908
	speed: 0.0110s/iter; left time: 7126.4305s
	iters: 22900, epoch: 2 | loss: 0.2482305
	speed: 0.0111s/iter; left time: 7196.2714s
	iters: 23000, epoch: 2 | loss: 0.2239084
	speed: 0.0109s/iter; left time: 7048.4056s
	iters: 23100, epoch: 2 | loss: 0.1895116
	speed: 0.0107s/iter; left time: 6930.4395s
Epoch: 2 cost time: 255.23249626159668
Epoch: 2, Steps: 23190 | Train Loss: 0.1916236 Vali Loss: 0.2794039
EarlyStopping counter: 1 out of 5
Updating learning rate to 0.0005
	iters: 100, epoch: 3 | loss: 0.2661531
	speed: 0.1021s/iter; left time: 66302.8267s
	iters: 200, epoch: 3 | loss: 0.2950347
	speed: 0.0119s/iter; left time: 7697.2185s
	iters: 300, epoch: 3 | loss: 0.2198471
	speed: 0.0109s/iter; left time: 7081.1662s
	iters: 400, epoch: 3 | loss: 0.2260461
	speed: 0.0113s/iter; left time: 7336.7718s
	iters: 500, epoch: 3 | loss: 0.3149335
	speed: 0.0121s/iter; left time: 7827.8942s
	iters: 600, epoch: 3 | loss: 0.2325371
	speed: 0.0123s/iter; left time: 7953.2967s
	iters: 700, epoch: 3 | loss: 0.2564508
	speed: 0.0107s/iter; left time: 6972.5601s
	iters: 800, epoch: 3 | loss: 0.2283903
	speed: 0.0109s/iter; left time: 7060.1965s
	iters: 900, epoch: 3 | loss: 0.2433130
	speed: 0.0108s/iter; left time: 7009.6295s
	iters: 1000, epoch: 3 | loss: 0.3319979
	speed: 0.0111s/iter; left time: 7225.7944s
	iters: 1100, epoch: 3 | loss: 0.2328692
	speed: 0.0112s/iter; left time: 7282.4855s
	iters: 1200, epoch: 3 | loss: 0.2414218
	speed: 0.0107s/iter; left time: 6929.2047s
	iters: 1300, epoch: 3 | loss: 0.2577785
	speed: 0.0112s/iter; left time: 7241.6799s
	iters: 1400, epoch: 3 | loss: 0.2531559
	speed: 0.0108s/iter; left time: 6998.5427s
	iters: 1500, epoch: 3 | loss: 0.3330018
	speed: 0.0106s/iter; left time: 6856.8952s
	iters: 1600, epoch: 3 | loss: 0.3070781
	speed: 0.0112s/iter; left time: 7224.9400s
	iters: 1700, epoch: 3 | loss: 0.2218021
	speed: 0.0107s/iter; left time: 6910.4428s
	iters: 1800, epoch: 3 | loss: 0.2169954
	speed: 0.0105s/iter; left time: 6795.6819s
	iters: 1900, epoch: 3 | loss: 0.2394257
	speed: 0.0106s/iter; left time: 6891.7107s
	iters: 2000, epoch: 3 | loss: 0.2949253
	speed: 0.0108s/iter; left time: 6974.9323s
	iters: 2100, epoch: 3 | loss: 0.3031714
	speed: 0.0108s/iter; left time: 7008.2566s
	iters: 2200, epoch: 3 | loss: 0.2131432
	speed: 0.0115s/iter; left time: 7446.9805s
	iters: 2300, epoch: 3 | loss: 0.2492213
	speed: 0.0109s/iter; left time: 7043.4146s
	iters: 2400, epoch: 3 | loss: 0.2495343
	speed: 0.0108s/iter; left time: 7013.6948s
	iters: 2500, epoch: 3 | loss: 0.2264255
	speed: 0.0106s/iter; left time: 6839.5469s
	iters: 2600, epoch: 3 | loss: 0.3512397
	speed: 0.0108s/iter; left time: 6975.2501s
	iters: 2700, epoch: 3 | loss: 0.2263484
	speed: 0.0108s/iter; left time: 6962.2853s
	iters: 2800, epoch: 3 | loss: 0.2172826
	speed: 0.0110s/iter; left time: 7103.3928s
	iters: 2900, epoch: 3 | loss: 0.2628960
	speed: 0.0107s/iter; left time: 6892.0406s
	iters: 3000, epoch: 3 | loss: 0.2887376
	speed: 0.0110s/iter; left time: 7122.2355s
	iters: 3100, epoch: 3 | loss: 0.2974629
	speed: 0.0107s/iter; left time: 6920.3897s
	iters: 3200, epoch: 3 | loss: 0.2773944
	speed: 0.0107s/iter; left time: 6910.5797s
	iters: 3300, epoch: 3 | loss: 0.2748407
	speed: 0.0122s/iter; left time: 7884.6139s
	iters: 3400, epoch: 3 | loss: 0.2725594
	speed: 0.0122s/iter; left time: 7849.5920s
	iters: 3500, epoch: 3 | loss: 0.2430743
	speed: 0.0107s/iter; left time: 6879.5338s
	iters: 3600, epoch: 3 | loss: 0.3218188
	speed: 0.0107s/iter; left time: 6905.0853s
	iters: 3700, epoch: 3 | loss: 0.2860522
	speed: 0.0108s/iter; left time: 6975.7833s
	iters: 3800, epoch: 3 | loss: 0.2705628
	speed: 0.0108s/iter; left time: 6950.4445s
	iters: 3900, epoch: 3 | loss: 0.2520536
	speed: 0.0109s/iter; left time: 7010.2197s
	iters: 4000, epoch: 3 | loss: 0.2607437
	speed: 0.0109s/iter; left time: 7013.2323s
	iters: 4100, epoch: 3 | loss: 0.2891867
	speed: 0.0107s/iter; left time: 6933.0356s
	iters: 4200, epoch: 3 | loss: 0.2555028
	speed: 0.0111s/iter; left time: 7185.1196s
	iters: 4300, epoch: 3 | loss: 0.2776213
	speed: 0.0111s/iter; left time: 7175.4200s
	iters: 4400, epoch: 3 | loss: 0.2289334
	speed: 0.0110s/iter; left time: 7091.6671s
	iters: 4500, epoch: 3 | loss: 0.2214997
	speed: 0.0111s/iter; left time: 7166.1986s
	iters: 4600, epoch: 3 | loss: 0.2838419
	speed: 0.0106s/iter; left time: 6858.1015s
	iters: 4700, epoch: 3 | loss: 0.3395796
	speed: 0.0108s/iter; left time: 6937.4989s
	iters: 4800, epoch: 3 | loss: 0.2928479
	speed: 0.0108s/iter; left time: 6990.6482s
	iters: 4900, epoch: 3 | loss: 0.2762577
	speed: 0.0106s/iter; left time: 6806.1996s
	iters: 5000, epoch: 3 | loss: 0.2049647
	speed: 0.0111s/iter; left time: 7167.4947s
	iters: 5100, epoch: 3 | loss: 0.2107397
	speed: 0.0106s/iter; left time: 6847.8110s
	iters: 5200, epoch: 3 | loss: 0.3238509
	speed: 0.0106s/iter; left time: 6846.7157s
	iters: 5300, epoch: 3 | loss: 0.2378585
	speed: 0.0108s/iter; left time: 6967.8467s
	iters: 5400, epoch: 3 | loss: 0.2358236
	speed: 0.0105s/iter; left time: 6785.0107s
	iters: 5500, epoch: 3 | loss: 0.2649055
	speed: 0.0107s/iter; left time: 6861.6858s
	iters: 5600, epoch: 3 | loss: 0.2137091
	speed: 0.0107s/iter; left time: 6908.3277s
	iters: 5700, epoch: 3 | loss: 0.2339812
	speed: 0.0106s/iter; left time: 6812.1716s
	iters: 5800, epoch: 3 | loss: 0.2223940
	speed: 0.0112s/iter; left time: 7224.2685s
	iters: 5900, epoch: 3 | loss: 0.2347334
	speed: 0.0108s/iter; left time: 6935.0648s
	iters: 6000, epoch: 3 | loss: 0.2238506
	speed: 0.0110s/iter; left time: 7068.1252s
	iters: 6100, epoch: 3 | loss: 0.2645661
	speed: 0.0124s/iter; left time: 7996.8950s
	iters: 6200, epoch: 3 | loss: 0.3004392
	speed: 0.0125s/iter; left time: 8055.3531s
	iters: 6300, epoch: 3 | loss: 0.3550418
	speed: 0.0109s/iter; left time: 6981.4325s
	iters: 6400, epoch: 3 | loss: 0.2150910
	speed: 0.0108s/iter; left time: 6938.9263s
	iters: 6500, epoch: 3 | loss: 0.1882720
	speed: 0.0113s/iter; left time: 7268.7134s
	iters: 6600, epoch: 3 | loss: 0.3392183
	speed: 0.0110s/iter; left time: 7071.4842s
	iters: 6700, epoch: 3 | loss: 0.1568405
	speed: 0.0111s/iter; left time: 7101.0327s
	iters: 6800, epoch: 3 | loss: 0.2467995
	speed: 0.0108s/iter; left time: 6907.2910s
	iters: 6900, epoch: 3 | loss: 0.2435139
	speed: 0.0106s/iter; left time: 6821.2875s
	iters: 7000, epoch: 3 | loss: 0.2485736
	speed: 0.0107s/iter; left time: 6852.5002s
	iters: 7100, epoch: 3 | loss: 0.2794586
	speed: 0.0110s/iter; left time: 7060.0420s
	iters: 7200, epoch: 3 | loss: 0.3523552
	speed: 0.0108s/iter; left time: 6957.8933s
	iters: 7300, epoch: 3 | loss: 0.2243155
	speed: 0.0113s/iter; left time: 7227.3559s
	iters: 7400, epoch: 3 | loss: 0.2762648
	speed: 0.0108s/iter; left time: 6945.3328s
	iters: 7500, epoch: 3 | loss: 0.2932327
	speed: 0.0107s/iter; left time: 6874.0918s
	iters: 7600, epoch: 3 | loss: 0.2537866
	speed: 0.0109s/iter; left time: 6970.4026s
	iters: 7700, epoch: 3 | loss: 0.2276442
	speed: 0.0112s/iter; left time: 7164.0818s
	iters: 7800, epoch: 3 | loss: 0.2685000
	speed: 0.0107s/iter; left time: 6869.8248s
	iters: 7900, epoch: 3 | loss: 0.2513026
	speed: 0.0109s/iter; left time: 6995.0730s
	iters: 8000, epoch: 3 | loss: 0.3097489
	speed: 0.0107s/iter; left time: 6881.0988s
	iters: 8100, epoch: 3 | loss: 0.2423297
	speed: 0.0106s/iter; left time: 6815.7647s
	iters: 8200, epoch: 3 | loss: 0.3055987
	speed: 0.0105s/iter; left time: 6758.0475s
	iters: 8300, epoch: 3 | loss: 0.2772733
	speed: 0.0110s/iter; left time: 7058.9713s
	iters: 8400, epoch: 3 | loss: 0.2554899
	speed: 0.0108s/iter; left time: 6938.1638s
	iters: 8500, epoch: 3 | loss: 0.2165968
	speed: 0.0108s/iter; left time: 6919.3950s
	iters: 8600, epoch: 3 | loss: 0.2626836
	speed: 0.0108s/iter; left time: 6929.6424s
	iters: 8700, epoch: 3 | loss: 0.1982778
	speed: 0.0107s/iter; left time: 6824.8669s
	iters: 8800, epoch: 3 | loss: 0.2866852
	speed: 0.0114s/iter; left time: 7278.5186s
	iters: 8900, epoch: 3 | loss: 0.2640241
	speed: 0.0123s/iter; left time: 7890.3234s
	iters: 9000, epoch: 3 | loss: 0.2795284
	speed: 0.0124s/iter; left time: 7935.5104s
	iters: 9100, epoch: 3 | loss: 0.1700715
	speed: 0.0112s/iter; left time: 7188.4983s
	iters: 9200, epoch: 3 | loss: 0.2476794
	speed: 0.0112s/iter; left time: 7150.8085s
	iters: 9300, epoch: 3 | loss: 0.2313899
	speed: 0.0108s/iter; left time: 6902.7625s
	iters: 9400, epoch: 3 | loss: 0.2326680
	speed: 0.0109s/iter; left time: 6983.9492s
	iters: 9500, epoch: 3 | loss: 0.2408428
	speed: 0.0116s/iter; left time: 7449.7408s
	iters: 9600, epoch: 3 | loss: 0.1955206
	speed: 0.0108s/iter; left time: 6901.4929s
	iters: 9700, epoch: 3 | loss: 0.2371278
	speed: 0.0109s/iter; left time: 6951.1973s
	iters: 9800, epoch: 3 | loss: 0.1798888
	speed: 0.0112s/iter; left time: 7188.8051s
	iters: 9900, epoch: 3 | loss: 0.2304331
	speed: 0.0112s/iter; left time: 7182.6242s
	iters: 10000, epoch: 3 | loss: 0.3264166
	speed: 0.0108s/iter; left time: 6915.3133s
	iters: 10100, epoch: 3 | loss: 0.2867658
	speed: 0.0109s/iter; left time: 6939.3612s
	iters: 10200, epoch: 3 | loss: 0.2214743
	speed: 0.0106s/iter; left time: 6751.1413s
	iters: 10300, epoch: 3 | loss: 0.2622209
	speed: 0.0107s/iter; left time: 6819.5236s
	iters: 10400, epoch: 3 | loss: 0.2676181
	speed: 0.0113s/iter; left time: 7189.4516s
	iters: 10500, epoch: 3 | loss: 0.2443390
	speed: 0.0107s/iter; left time: 6863.9144s
	iters: 10600, epoch: 3 | loss: 0.2333158
	speed: 0.0116s/iter; left time: 7401.0551s
	iters: 10700, epoch: 3 | loss: 0.3113138
	speed: 0.0107s/iter; left time: 6831.4080s
	iters: 10800, epoch: 3 | loss: 0.2451055
	speed: 0.0106s/iter; left time: 6755.7780s
	iters: 10900, epoch: 3 | loss: 0.2173721
	speed: 0.0107s/iter; left time: 6857.8204s
	iters: 11000, epoch: 3 | loss: 0.2906019
	speed: 0.0106s/iter; left time: 6771.0007s
	iters: 11100, epoch: 3 | loss: 0.2595085
	speed: 0.0108s/iter; left time: 6863.0444s
	iters: 11200, epoch: 3 | loss: 0.2735233
	speed: 0.0108s/iter; left time: 6886.7815s
	iters: 11300, epoch: 3 | loss: 0.2254151
	speed: 0.0108s/iter; left time: 6920.1018s
	iters: 11400, epoch: 3 | loss: 0.3107966
	speed: 0.0106s/iter; left time: 6748.6374s
	iters: 11500, epoch: 3 | loss: 0.2362185
	speed: 0.0106s/iter; left time: 6740.9417s
	iters: 11600, epoch: 3 | loss: 0.2510577
	speed: 0.0106s/iter; left time: 6775.4998s
	iters: 11700, epoch: 3 | loss: 0.2738913
	speed: 0.0133s/iter; left time: 8500.7737s
	iters: 11800, epoch: 3 | loss: 0.2671146
	speed: 0.0108s/iter; left time: 6911.0719s
	iters: 11900, epoch: 3 | loss: 0.2578135
	speed: 0.0106s/iter; left time: 6782.0022s
	iters: 12000, epoch: 3 | loss: 0.2746278
	speed: 0.0107s/iter; left time: 6795.4296s
	iters: 12100, epoch: 3 | loss: 0.2329801
	speed: 0.0106s/iter; left time: 6768.5163s
	iters: 12200, epoch: 3 | loss: 0.3205247
	speed: 0.0105s/iter; left time: 6719.6842s
	iters: 12300, epoch: 3 | loss: 0.2696707
	speed: 0.0110s/iter; left time: 6987.6048s
	iters: 12400, epoch: 3 | loss: 0.2561468
	speed: 0.0108s/iter; left time: 6869.4058s
	iters: 12500, epoch: 3 | loss: 0.2837916
	speed: 0.0105s/iter; left time: 6691.5623s
	iters: 12600, epoch: 3 | loss: 0.2805962
	speed: 0.0112s/iter; left time: 7140.9020s
	iters: 12700, epoch: 3 | loss: 0.2759000
	speed: 0.0110s/iter; left time: 6991.5727s
	iters: 12800, epoch: 3 | loss: 0.2662409
	speed: 0.0111s/iter; left time: 7078.4519s
	iters: 12900, epoch: 3 | loss: 0.2441902
	speed: 0.0108s/iter; left time: 6901.3550s
	iters: 13000, epoch: 3 | loss: 0.2273695
	speed: 0.0107s/iter; left time: 6813.4071s
	iters: 13100, epoch: 3 | loss: 0.2903906
	speed: 0.0107s/iter; left time: 6825.7713s
	iters: 13200, epoch: 3 | loss: 0.3112591
	speed: 0.0116s/iter; left time: 7379.7928s
	iters: 13300, epoch: 3 | loss: 0.1695288
	speed: 0.0116s/iter; left time: 7408.1022s
	iters: 13400, epoch: 3 | loss: 0.2729577
	speed: 0.0130s/iter; left time: 8250.1267s
	iters: 13500, epoch: 3 | loss: 0.2497748
	speed: 0.0109s/iter; left time: 6952.3670s
	iters: 13600, epoch: 3 | loss: 0.2731114
	speed: 0.0105s/iter; left time: 6676.1357s
	iters: 13700, epoch: 3 | loss: 0.3754655
	speed: 0.0107s/iter; left time: 6810.5021s
	iters: 13800, epoch: 3 | loss: 0.3264986
	speed: 0.0107s/iter; left time: 6814.1065s
	iters: 13900, epoch: 3 | loss: 0.2724301
	speed: 0.0107s/iter; left time: 6794.9457s
	iters: 14000, epoch: 3 | loss: 0.2491711
	speed: 0.0106s/iter; left time: 6718.7779s
	iters: 14100, epoch: 3 | loss: 0.2400255
	speed: 0.0113s/iter; left time: 7201.4211s
	iters: 14200, epoch: 3 | loss: 0.2576012
	speed: 0.0107s/iter; left time: 6790.7291s
	iters: 14300, epoch: 3 | loss: 0.2207375
	speed: 0.0108s/iter; left time: 6837.4678s
	iters: 14400, epoch: 3 | loss: 0.2322750
	speed: 0.0109s/iter; left time: 6926.1591s
	iters: 14500, epoch: 3 | loss: 0.3106576
	speed: 0.0133s/iter; left time: 8437.8215s
	iters: 14600, epoch: 3 | loss: 0.2990700
	speed: 0.0124s/iter; left time: 7857.3037s
	iters: 14700, epoch: 3 | loss: 0.2420314
	speed: 0.0118s/iter; left time: 7510.5401s
	iters: 14800, epoch: 3 | loss: 0.2186691
	speed: 0.0106s/iter; left time: 6750.6704s
	iters: 14900, epoch: 3 | loss: 0.2245753
	speed: 0.0107s/iter; left time: 6772.4041s
	iters: 15000, epoch: 3 | loss: 0.2282447
	speed: 0.0114s/iter; left time: 7245.8057s
	iters: 15100, epoch: 3 | loss: 0.3582070
	speed: 0.0107s/iter; left time: 6816.8902s
	iters: 15200, epoch: 3 | loss: 0.2126676
	speed: 0.0106s/iter; left time: 6726.2723s
	iters: 15300, epoch: 3 | loss: 0.3009677
	speed: 0.0106s/iter; left time: 6732.5323s
	iters: 15400, epoch: 3 | loss: 0.3011795
	speed: 0.0109s/iter; left time: 6920.7443s
	iters: 15500, epoch: 3 | loss: 0.3145429
	speed: 0.0110s/iter; left time: 6959.5861s
	iters: 15600, epoch: 3 | loss: 0.2549283
	speed: 0.0108s/iter; left time: 6826.4195s
	iters: 15700, epoch: 3 | loss: 0.2717817
	speed: 0.0110s/iter; left time: 6956.9308s
	iters: 15800, epoch: 3 | loss: 0.2533432
	speed: 0.0107s/iter; left time: 6782.3235s
	iters: 15900, epoch: 3 | loss: 0.2639660
	speed: 0.0113s/iter; left time: 7149.4849s
	iters: 16000, epoch: 3 | loss: 0.2106051
	speed: 0.0106s/iter; left time: 6721.9992s
	iters: 16100, epoch: 3 | loss: 0.2899235
	speed: 0.0109s/iter; left time: 6902.9402s
	iters: 16200, epoch: 3 | loss: 0.2731979
	speed: 0.0107s/iter; left time: 6784.3282s
	iters: 16300, epoch: 3 | loss: 0.2096986
	speed: 0.0106s/iter; left time: 6718.6521s
	iters: 16400, epoch: 3 | loss: 0.2256735
	speed: 0.0106s/iter; left time: 6719.7742s
	iters: 16500, epoch: 3 | loss: 0.1903600
	speed: 0.0106s/iter; left time: 6695.9649s
	iters: 16600, epoch: 3 | loss: 0.2606551
	speed: 0.0106s/iter; left time: 6701.3693s
	iters: 16700, epoch: 3 | loss: 0.3319293
	speed: 0.0107s/iter; left time: 6751.4335s
	iters: 16800, epoch: 3 | loss: 0.2305242
	speed: 0.0105s/iter; left time: 6634.5558s
	iters: 16900, epoch: 3 | loss: 0.2536434
	speed: 0.0107s/iter; left time: 6794.5741s
	iters: 17000, epoch: 3 | loss: 0.2967816
	speed: 0.0105s/iter; left time: 6654.7399s
	iters: 17100, epoch: 3 | loss: 0.2437935
	speed: 0.0107s/iter; left time: 6743.9133s
	iters: 17200, epoch: 3 | loss: 0.3067334
	speed: 0.0109s/iter; left time: 6863.4971s
	iters: 17300, epoch: 3 | loss: 0.2716382
	speed: 0.0130s/iter; left time: 8206.0803s
	iters: 17400, epoch: 3 | loss: 0.2494136
	speed: 0.0108s/iter; left time: 6804.7942s
	iters: 17500, epoch: 3 | loss: 0.2641325
	speed: 0.0108s/iter; left time: 6792.2192s
	iters: 17600, epoch: 3 | loss: 0.2686656
	speed: 0.0108s/iter; left time: 6813.8522s
	iters: 17700, epoch: 3 | loss: 0.2569985
	speed: 0.0106s/iter; left time: 6716.1519s
	iters: 17800, epoch: 3 | loss: 0.2463299
	speed: 0.0112s/iter; left time: 7076.4659s
	iters: 17900, epoch: 3 | loss: 0.2968779
	speed: 0.0106s/iter; left time: 6720.5814s
	iters: 18000, epoch: 3 | loss: 0.2708857
	speed: 0.0106s/iter; left time: 6713.7371s
	iters: 18100, epoch: 3 | loss: 0.2562613
	speed: 0.0111s/iter; left time: 7010.1357s
	iters: 18200, epoch: 3 | loss: 0.2656844
	speed: 0.0110s/iter; left time: 6927.7257s
	iters: 18300, epoch: 3 | loss: 0.2275674
	speed: 0.0108s/iter; left time: 6807.2693s
	iters: 18400, epoch: 3 | loss: 0.2975084
	speed: 0.0111s/iter; left time: 6972.5677s
	iters: 18500, epoch: 3 | loss: 0.2343770
	speed: 0.0107s/iter; left time: 6775.4033s
	iters: 18600, epoch: 3 | loss: 0.2751469
	speed: 0.0112s/iter; left time: 7080.8564s
	iters: 18700, epoch: 3 | loss: 0.2673809
	speed: 0.0107s/iter; left time: 6755.2145s
	iters: 18800, epoch: 3 | loss: 0.3580737
	speed: 0.0109s/iter; left time: 6890.7628s
	iters: 18900, epoch: 3 | loss: 0.2547817
	speed: 0.0108s/iter; left time: 6828.2166s
	iters: 19000, epoch: 3 | loss: 0.2228042
	speed: 0.0110s/iter; left time: 6952.3214s
	iters: 19100, epoch: 3 | loss: 0.2753727
	speed: 0.0108s/iter; left time: 6834.1131s
	iters: 19200, epoch: 3 | loss: 0.3173330
	speed: 0.0111s/iter; left time: 6986.0917s
	iters: 19300, epoch: 3 | loss: 0.2536994
	speed: 0.0115s/iter; left time: 7233.9419s
	iters: 19400, epoch: 3 | loss: 0.2566060
	speed: 0.0108s/iter; left time: 6832.3347s
	iters: 19500, epoch: 3 | loss: 0.2051497
	speed: 0.0111s/iter; left time: 6969.7346s
	iters: 19600, epoch: 3 | loss: 0.2112867
	speed: 0.0110s/iter; left time: 6926.8043s
	iters: 19700, epoch: 3 | loss: 0.2296359
	speed: 0.0114s/iter; left time: 7154.9859s
	iters: 19800, epoch: 3 | loss: 0.2704812
	speed: 0.0110s/iter; left time: 6944.5272s
	iters: 19900, epoch: 3 | loss: 0.3170795
	speed: 0.0115s/iter; left time: 7257.2744s
	iters: 20000, epoch: 3 | loss: 0.3035861
	speed: 0.0114s/iter; left time: 7203.3322s
	iters: 20100, epoch: 3 | loss: 0.2746789
	speed: 0.0140s/iter; left time: 8778.0229s
	iters: 20200, epoch: 3 | loss: 0.2449791
	speed: 0.0110s/iter; left time: 6942.4620s
	iters: 20300, epoch: 3 | loss: 0.2617162
	speed: 0.0110s/iter; left time: 6939.0505s
	iters: 20400, epoch: 3 | loss: 0.2198803
	speed: 0.0111s/iter; left time: 6995.4533s
	iters: 20500, epoch: 3 | loss: 0.2340133
	speed: 0.0112s/iter; left time: 7038.6281s
	iters: 20600, epoch: 3 | loss: 0.2264405
	speed: 0.0112s/iter; left time: 7070.7174s
	iters: 20700, epoch: 3 | loss: 0.2440773
	speed: 0.0109s/iter; left time: 6829.8663s
	iters: 20800, epoch: 3 | loss: 0.2509447
	speed: 0.0108s/iter; left time: 6762.5352s
	iters: 20900, epoch: 3 | loss: 0.2632470
	speed: 0.0115s/iter; left time: 7235.3388s
	iters: 21000, epoch: 3 | loss: 0.1999546
	speed: 0.0113s/iter; left time: 7119.7242s
	iters: 21100, epoch: 3 | loss: 0.3100979
	speed: 0.0111s/iter; left time: 7001.1519s
	iters: 21200, epoch: 3 | loss: 0.2265078
	speed: 0.0111s/iter; left time: 6948.1186s
	iters: 21300, epoch: 3 | loss: 0.2472986
	speed: 0.0115s/iter; left time: 7215.8411s
	iters: 21400, epoch: 3 | loss: 0.2263172
	speed: 0.0108s/iter; left time: 6756.3011s
	iters: 21500, epoch: 3 | loss: 0.2851129
	speed: 0.0111s/iter; left time: 6994.6120s
	iters: 21600, epoch: 3 | loss: 0.2427808
	speed: 0.0108s/iter; left time: 6780.9263s
	iters: 21700, epoch: 3 | loss: 0.2804901
	speed: 0.0108s/iter; left time: 6805.7212s
	iters: 21800, epoch: 3 | loss: 0.2273183
	speed: 0.0109s/iter; left time: 6832.5920s
	iters: 21900, epoch: 3 | loss: 0.2130119
	speed: 0.0108s/iter; left time: 6779.3610s
	iters: 22000, epoch: 3 | loss: 0.3435431
	speed: 0.0110s/iter; left time: 6897.0635s
	iters: 22100, epoch: 3 | loss: 0.2600266
	speed: 0.0111s/iter; left time: 6968.3285s
	iters: 22200, epoch: 3 | loss: 0.2299113
	speed: 0.0108s/iter; left time: 6799.6609s
	iters: 22300, epoch: 3 | loss: 0.2646674
	speed: 0.0106s/iter; left time: 6673.2219s
	iters: 22400, epoch: 3 | loss: 0.2403150
	speed: 0.0109s/iter; left time: 6816.5348s
	iters: 22500, epoch: 3 | loss: 0.3108501
	speed: 0.0105s/iter; left time: 6576.2222s
	iters: 22600, epoch: 3 | loss: 0.3400438
	speed: 0.0111s/iter; left time: 6963.9958s
	iters: 22700, epoch: 3 | loss: 0.2023974
	speed: 0.0110s/iter; left time: 6883.2510s
	iters: 22800, epoch: 3 | loss: 0.3104724
	speed: 0.0117s/iter; left time: 7321.5817s
	iters: 22900, epoch: 3 | loss: 0.2481750
	speed: 0.0130s/iter; left time: 8158.5317s
	iters: 23000, epoch: 3 | loss: 0.2877332
	speed: 0.0107s/iter; left time: 6702.9917s
	iters: 23100, epoch: 3 | loss: 0.2485426
	speed: 0.0104s/iter; left time: 6493.8382s
Epoch: 3 cost time: 255.36469221115112
Epoch: 3, Steps: 23190 | Train Loss: 0.2639304 Vali Loss: 0.2744327
EarlyStopping counter: 2 out of 5
Updating learning rate to 0.0005
	iters: 100, epoch: 4 | loss: 0.2462132
	speed: 0.1020s/iter; left time: 63863.9819s
	iters: 200, epoch: 4 | loss: 0.2427238
	speed: 0.0109s/iter; left time: 6824.4620s
	iters: 300, epoch: 4 | loss: 0.1774214
	speed: 0.0111s/iter; left time: 6924.2733s
	iters: 400, epoch: 4 | loss: 0.2363041
	speed: 0.0111s/iter; left time: 6945.6716s
	iters: 500, epoch: 4 | loss: 0.2686069
	speed: 0.0106s/iter; left time: 6653.3167s
	iters: 600, epoch: 4 | loss: 0.2963471
	speed: 0.0107s/iter; left time: 6707.3434s
	iters: 700, epoch: 4 | loss: 0.2308233
	speed: 0.0108s/iter; left time: 6728.0866s
	iters: 800, epoch: 4 | loss: 0.2618221
	speed: 0.0109s/iter; left time: 6815.9270s
	iters: 900, epoch: 4 | loss: 0.2887121
	speed: 0.0110s/iter; left time: 6851.9322s
	iters: 1000, epoch: 4 | loss: 0.2498333
	speed: 0.0109s/iter; left time: 6783.2022s
	iters: 1100, epoch: 4 | loss: 0.2423932
	speed: 0.0108s/iter; left time: 6768.5027s
	iters: 1200, epoch: 4 | loss: 0.3046023
	speed: 0.0106s/iter; left time: 6638.6001s
	iters: 1300, epoch: 4 | loss: 0.2714166
	speed: 0.0111s/iter; left time: 6942.0396s
	iters: 1400, epoch: 4 | loss: 0.3043613
	speed: 0.0109s/iter; left time: 6785.9681s
	iters: 1500, epoch: 4 | loss: 0.2780816
	speed: 0.0115s/iter; left time: 7200.8167s
	iters: 1600, epoch: 4 | loss: 0.2553973
	speed: 0.0111s/iter; left time: 6920.9279s
	iters: 1700, epoch: 4 | loss: 0.2977443
	speed: 0.0134s/iter; left time: 8374.0728s
	iters: 1800, epoch: 4 | loss: 0.2991062
	speed: 0.0108s/iter; left time: 6720.5775s
	iters: 1900, epoch: 4 | loss: 0.3255991
	speed: 0.0110s/iter; left time: 6863.1263s
	iters: 2000, epoch: 4 | loss: 0.2710761
	speed: 0.0111s/iter; left time: 6935.5585s
	iters: 2100, epoch: 4 | loss: 0.2459914
	speed: 0.0111s/iter; left time: 6904.3222s
	iters: 2200, epoch: 4 | loss: 0.3091381
	speed: 0.0112s/iter; left time: 6996.1233s
	iters: 2300, epoch: 4 | loss: 0.3262873
	speed: 0.0111s/iter; left time: 6899.8844s
	iters: 2400, epoch: 4 | loss: 0.2597366
	speed: 0.0112s/iter; left time: 6961.5856s
	iters: 2500, epoch: 4 | loss: 0.2187429
	speed: 0.0109s/iter; left time: 6798.2985s
	iters: 2600, epoch: 4 | loss: 0.2486926
	speed: 0.0113s/iter; left time: 7069.0104s
	iters: 2700, epoch: 4 | loss: 0.2283950
	speed: 0.0110s/iter; left time: 6856.8337s
	iters: 2800, epoch: 4 | loss: 0.2665381
	speed: 0.0113s/iter; left time: 7067.3241s
	iters: 2900, epoch: 4 | loss: 0.3040716
	speed: 0.0109s/iter; left time: 6795.5175s
	iters: 3000, epoch: 4 | loss: 0.2535096
	speed: 0.0110s/iter; left time: 6871.4869s
	iters: 3100, epoch: 4 | loss: 0.2401094
	speed: 0.0110s/iter; left time: 6857.2441s
	iters: 3200, epoch: 4 | loss: 0.2606333
	speed: 0.0111s/iter; left time: 6901.5411s
	iters: 3300, epoch: 4 | loss: 0.2479754
	speed: 0.0108s/iter; left time: 6741.4327s
	iters: 3400, epoch: 4 | loss: 0.2506247
	speed: 0.0111s/iter; left time: 6939.7909s
	iters: 3500, epoch: 4 | loss: 0.3230364
	speed: 0.0130s/iter; left time: 8066.7564s
	iters: 3600, epoch: 4 | loss: 0.2590171
	speed: 0.0113s/iter; left time: 7027.0389s
	iters: 3700, epoch: 4 | loss: 0.2973602
	speed: 0.0115s/iter; left time: 7170.8144s
	iters: 3800, epoch: 4 | loss: 0.2287495
	speed: 0.0108s/iter; left time: 6727.7370s
	iters: 3900, epoch: 4 | loss: 0.2905461
	speed: 0.0110s/iter; left time: 6863.8825s
	iters: 4000, epoch: 4 | loss: 0.2687256
	speed: 0.0111s/iter; left time: 6931.8333s
	iters: 4100, epoch: 4 | loss: 0.2908768
	speed: 0.0109s/iter; left time: 6776.1302s
	iters: 4200, epoch: 4 | loss: 0.2953241
	speed: 0.0108s/iter; left time: 6687.8997s
	iters: 4300, epoch: 4 | loss: 0.2128938
	speed: 0.0113s/iter; left time: 7020.0625s
	iters: 4400, epoch: 4 | loss: 0.3247342
	speed: 0.0138s/iter; left time: 8610.8987s
	iters: 4500, epoch: 4 | loss: 0.2656302
	speed: 0.0113s/iter; left time: 6996.6034s
	iters: 4600, epoch: 4 | loss: 0.3087365
	speed: 0.0109s/iter; left time: 6778.2127s
	iters: 4700, epoch: 4 | loss: 0.2664446
	speed: 0.0109s/iter; left time: 6782.6944s
	iters: 4800, epoch: 4 | loss: 0.2434352
	speed: 0.0109s/iter; left time: 6765.5257s
	iters: 4900, epoch: 4 | loss: 0.2819679
	speed: 0.0111s/iter; left time: 6913.2341s
	iters: 5000, epoch: 4 | loss: 0.3115893
	speed: 0.0110s/iter; left time: 6834.7417s
	iters: 5100, epoch: 4 | loss: 0.3673260
	speed: 0.0109s/iter; left time: 6749.5684s
	iters: 5200, epoch: 4 | loss: 0.2743571
	speed: 0.0110s/iter; left time: 6850.3015s
	iters: 5300, epoch: 4 | loss: 0.2434333
	speed: 0.0111s/iter; left time: 6885.1133s
	iters: 5400, epoch: 4 | loss: 0.2829427
	speed: 0.0110s/iter; left time: 6840.8878s
	iters: 5500, epoch: 4 | loss: 0.2962407
	speed: 0.0114s/iter; left time: 7085.5801s
	iters: 5600, epoch: 4 | loss: 0.2282317
	speed: 0.0107s/iter; left time: 6658.6805s
	iters: 5700, epoch: 4 | loss: 0.2433864
	speed: 0.0107s/iter; left time: 6641.0609s
	iters: 5800, epoch: 4 | loss: 0.2852732
	speed: 0.0109s/iter; left time: 6774.1861s
	iters: 5900, epoch: 4 | loss: 0.3028519
	speed: 0.0107s/iter; left time: 6644.9918s
	iters: 6000, epoch: 4 | loss: 0.2672076
	speed: 0.0109s/iter; left time: 6737.9284s
	iters: 6100, epoch: 4 | loss: 0.2774726
	speed: 0.0106s/iter; left time: 6577.7431s
	iters: 6200, epoch: 4 | loss: 0.2655475
	speed: 0.0106s/iter; left time: 6594.9330s
	iters: 6300, epoch: 4 | loss: 0.2340388
	speed: 0.0109s/iter; left time: 6773.1919s
	iters: 6400, epoch: 4 | loss: 0.3399264
	speed: 0.0107s/iter; left time: 6654.2509s
	iters: 6500, epoch: 4 | loss: 0.2828574
	speed: 0.0108s/iter; left time: 6675.5201s
	iters: 6600, epoch: 4 | loss: 0.3041215
	speed: 0.0111s/iter; left time: 6863.1098s
	iters: 6700, epoch: 4 | loss: 0.2480616
	speed: 0.0106s/iter; left time: 6562.3441s
	iters: 6800, epoch: 4 | loss: 0.3028004
	speed: 0.0110s/iter; left time: 6816.8266s
	iters: 6900, epoch: 4 | loss: 0.2422217
	speed: 0.0109s/iter; left time: 6768.5222s
	iters: 7000, epoch: 4 | loss: 0.2716640
	speed: 0.0119s/iter; left time: 7356.9633s
	iters: 7100, epoch: 4 | loss: 0.2706057
	speed: 0.0109s/iter; left time: 6753.1461s
	iters: 7200, epoch: 4 | loss: 0.3076445
	speed: 0.0139s/iter; left time: 8586.5302s
	iters: 7300, epoch: 4 | loss: 0.2804924
	speed: 0.0107s/iter; left time: 6602.6857s
	iters: 7400, epoch: 4 | loss: 0.3049380
	speed: 0.0108s/iter; left time: 6701.0423s
	iters: 7500, epoch: 4 | loss: 0.3044697
	speed: 0.0109s/iter; left time: 6714.2218s
	iters: 7600, epoch: 4 | loss: 0.2221437
	speed: 0.0118s/iter; left time: 7301.5065s
	iters: 7700, epoch: 4 | loss: 0.2790104
	speed: 0.0112s/iter; left time: 6952.1307s
	iters: 7800, epoch: 4 | loss: 0.2386834
	speed: 0.0110s/iter; left time: 6780.0461s
	iters: 7900, epoch: 4 | loss: 0.2092251
	speed: 0.0108s/iter; left time: 6702.7169s
	iters: 8000, epoch: 4 | loss: 0.2703700
	speed: 0.0112s/iter; left time: 6940.9842s
	iters: 8100, epoch: 4 | loss: 0.2870733
	speed: 0.0108s/iter; left time: 6675.4740s
	iters: 8200, epoch: 4 | loss: 0.2690011
	speed: 0.0115s/iter; left time: 7090.1706s
	iters: 8300, epoch: 4 | loss: 0.2827913
	speed: 0.0108s/iter; left time: 6677.7137s
	iters: 8400, epoch: 4 | loss: 0.3554185
	speed: 0.0108s/iter; left time: 6655.8622s
	iters: 8500, epoch: 4 | loss: 0.2970447
	speed: 0.0109s/iter; left time: 6729.7948s
	iters: 8600, epoch: 4 | loss: 0.2384088
	speed: 0.0108s/iter; left time: 6687.6278s
	iters: 8700, epoch: 4 | loss: 0.2659402
	speed: 0.0106s/iter; left time: 6549.2375s
	iters: 8800, epoch: 4 | loss: 0.2834578
	speed: 0.0107s/iter; left time: 6626.6003s
	iters: 8900, epoch: 4 | loss: 0.2167720
	speed: 0.0106s/iter; left time: 6565.5904s
	iters: 9000, epoch: 4 | loss: 0.2579764
	speed: 0.0109s/iter; left time: 6750.2852s
	iters: 9100, epoch: 4 | loss: 0.2311119
	speed: 0.0111s/iter; left time: 6819.2107s
	iters: 9200, epoch: 4 | loss: 0.3218255
	speed: 0.0110s/iter; left time: 6784.8975s
	iters: 9300, epoch: 4 | loss: 0.2692564
	speed: 0.0107s/iter; left time: 6571.2359s
	iters: 9400, epoch: 4 | loss: 0.3030966
	speed: 0.0105s/iter; left time: 6482.1185s
	iters: 9500, epoch: 4 | loss: 0.3064851
	speed: 0.0107s/iter; left time: 6626.4475s
	iters: 9600, epoch: 4 | loss: 0.2838160
	speed: 0.0106s/iter; left time: 6554.6959s
	iters: 9700, epoch: 4 | loss: 0.3629851
	speed: 0.0112s/iter; left time: 6882.9012s
	iters: 9800, epoch: 4 | loss: 0.2150687
	speed: 0.0111s/iter; left time: 6836.1877s
	iters: 9900, epoch: 4 | loss: 0.2588351
	speed: 0.0108s/iter; left time: 6629.8491s
	iters: 10000, epoch: 4 | loss: 0.2554546
	speed: 0.0138s/iter; left time: 8496.4124s
	iters: 10100, epoch: 4 | loss: 0.2359825
	speed: 0.0109s/iter; left time: 6691.0614s
	iters: 10200, epoch: 4 | loss: 0.2833957
	speed: 0.0113s/iter; left time: 6953.1176s
	iters: 10300, epoch: 4 | loss: 0.2926665
	speed: 0.0114s/iter; left time: 7000.4705s
	iters: 10400, epoch: 4 | loss: 0.4046782
	speed: 0.0109s/iter; left time: 6712.9574s
	iters: 10500, epoch: 4 | loss: 0.2428834
	speed: 0.0109s/iter; left time: 6704.6222s
	iters: 10600, epoch: 4 | loss: 0.2250718
	speed: 0.0107s/iter; left time: 6611.7106s
	iters: 10700, epoch: 4 | loss: 0.2622893
	speed: 0.0109s/iter; left time: 6710.4776s
	iters: 10800, epoch: 4 | loss: 0.3105000
	speed: 0.0113s/iter; left time: 6939.4271s
	iters: 10900, epoch: 4 | loss: 0.3133783
	speed: 0.0119s/iter; left time: 7316.8693s
	iters: 11000, epoch: 4 | loss: 0.2775319
	speed: 0.0115s/iter; left time: 7086.5083s
	iters: 11100, epoch: 4 | loss: 0.2505865
	speed: 0.0113s/iter; left time: 6934.7359s
	iters: 11200, epoch: 4 | loss: 0.2728989
	speed: 0.0119s/iter; left time: 7305.5237s
	iters: 11300, epoch: 4 | loss: 0.2360897
	speed: 0.0110s/iter; left time: 6767.8840s
	iters: 11400, epoch: 4 | loss: 0.2908450
	speed: 0.0113s/iter; left time: 6918.7855s
	iters: 11500, epoch: 4 | loss: 0.2340161
	speed: 0.0111s/iter; left time: 6807.2850s
	iters: 11600, epoch: 4 | loss: 0.2612561
	speed: 0.0112s/iter; left time: 6899.9679s
	iters: 11700, epoch: 4 | loss: 0.2975594
	speed: 0.0111s/iter; left time: 6791.9208s
	iters: 11800, epoch: 4 | loss: 0.3383170
	speed: 0.0109s/iter; left time: 6670.4949s
	iters: 11900, epoch: 4 | loss: 0.2741512
	speed: 0.0111s/iter; left time: 6805.3824s
	iters: 12000, epoch: 4 | loss: 0.2609849
	speed: 0.0112s/iter; left time: 6898.3920s
	iters: 12100, epoch: 4 | loss: 0.2496656
	speed: 0.0110s/iter; left time: 6732.9417s
	iters: 12200, epoch: 4 | loss: 0.2865464
	speed: 0.0111s/iter; left time: 6822.7484s
	iters: 12300, epoch: 4 | loss: 0.2736738
	speed: 0.0111s/iter; left time: 6788.8447s
	iters: 12400, epoch: 4 | loss: 0.2323508
	speed: 0.0109s/iter; left time: 6711.1654s
	iters: 12500, epoch: 4 | loss: 0.3259486
	speed: 0.0111s/iter; left time: 6840.5563s
	iters: 12600, epoch: 4 | loss: 0.2837464
	speed: 0.0111s/iter; left time: 6798.5147s
	iters: 12700, epoch: 4 | loss: 0.2871206
	speed: 0.0138s/iter; left time: 8442.0065s
	iters: 12800, epoch: 4 | loss: 0.2859240
	speed: 0.0108s/iter; left time: 6634.1768s
	iters: 12900, epoch: 4 | loss: 0.2691030
	speed: 0.0113s/iter; left time: 6955.2695s
	iters: 13000, epoch: 4 | loss: 0.2830209
	speed: 0.0108s/iter; left time: 6616.8091s
	iters: 13100, epoch: 4 | loss: 0.2597696
	speed: 0.0110s/iter; left time: 6721.3831s
	iters: 13200, epoch: 4 | loss: 0.2587726
	speed: 0.0112s/iter; left time: 6854.2946s
	iters: 13300, epoch: 4 | loss: 0.2215271
	speed: 0.0107s/iter; left time: 6565.9965s
	iters: 13400, epoch: 4 | loss: 0.2713379
	speed: 0.0106s/iter; left time: 6486.6242s
	iters: 13500, epoch: 4 | loss: 0.2416799
	speed: 0.0110s/iter; left time: 6713.8761s
	iters: 13600, epoch: 4 | loss: 0.2494316
	speed: 0.0112s/iter; left time: 6889.8390s
	iters: 13700, epoch: 4 | loss: 0.2408178
	speed: 0.0113s/iter; left time: 6939.2544s
	iters: 13800, epoch: 4 | loss: 0.2695819
	speed: 0.0106s/iter; left time: 6507.4695s
	iters: 13900, epoch: 4 | loss: 0.2472055
	speed: 0.0105s/iter; left time: 6455.4875s
	iters: 14000, epoch: 4 | loss: 0.3372670
	speed: 0.0106s/iter; left time: 6507.3522s
	iters: 14100, epoch: 4 | loss: 0.2224978
	speed: 0.0107s/iter; left time: 6577.4804s
	iters: 14200, epoch: 4 | loss: 0.2859892
	speed: 0.0107s/iter; left time: 6518.0999s
	iters: 14300, epoch: 4 | loss: 0.3089533
	speed: 0.0108s/iter; left time: 6626.1031s
	iters: 14400, epoch: 4 | loss: 0.2624933
	speed: 0.0105s/iter; left time: 6423.2700s
	iters: 14500, epoch: 4 | loss: 0.3594931
	speed: 0.0105s/iter; left time: 6421.1919s
	iters: 14600, epoch: 4 | loss: 0.2841123
	speed: 0.0105s/iter; left time: 6422.9415s
	iters: 14700, epoch: 4 | loss: 0.2339565
	speed: 0.0106s/iter; left time: 6479.3942s
	iters: 14800, epoch: 4 | loss: 0.2367745
	speed: 0.0105s/iter; left time: 6421.3626s
	iters: 14900, epoch: 4 | loss: 0.2511163
	speed: 0.0108s/iter; left time: 6617.7573s
	iters: 15000, epoch: 4 | loss: 0.3122805
	speed: 0.0108s/iter; left time: 6593.5410s
	iters: 15100, epoch: 4 | loss: 0.2745839
	speed: 0.0108s/iter; left time: 6615.5366s
	iters: 15200, epoch: 4 | loss: 0.3136345
	speed: 0.0109s/iter; left time: 6654.9117s
	iters: 15300, epoch: 4 | loss: 0.3380530
	speed: 0.0108s/iter; left time: 6591.5859s
	iters: 15400, epoch: 4 | loss: 0.2335207
	speed: 0.0107s/iter; left time: 6526.8768s
	iters: 15500, epoch: 4 | loss: 0.2941352
	speed: 0.0134s/iter; left time: 8193.4917s
	iters: 15600, epoch: 4 | loss: 0.2510827
	speed: 0.0108s/iter; left time: 6610.0431s
	iters: 15700, epoch: 4 | loss: 0.2280710
	speed: 0.0106s/iter; left time: 6461.9888s
	iters: 15800, epoch: 4 | loss: 0.2356492
	speed: 0.0108s/iter; left time: 6566.2374s
	iters: 15900, epoch: 4 | loss: 0.3336087
	speed: 0.0106s/iter; left time: 6438.5645s
	iters: 16000, epoch: 4 | loss: 0.2297688
	speed: 0.0112s/iter; left time: 6812.6401s
	iters: 16100, epoch: 4 | loss: 0.2898646
	speed: 0.0106s/iter; left time: 6491.4782s
	iters: 16200, epoch: 4 | loss: 0.2830313
	speed: 0.0108s/iter; left time: 6578.1366s
	iters: 16300, epoch: 4 | loss: 0.2168611
	speed: 0.0110s/iter; left time: 6695.6001s
	iters: 16400, epoch: 4 | loss: 0.2662633
	speed: 0.0114s/iter; left time: 6951.9720s
	iters: 16500, epoch: 4 | loss: 0.2938738
	speed: 0.0109s/iter; left time: 6651.8988s
	iters: 16600, epoch: 4 | loss: 0.1940190
	speed: 0.0106s/iter; left time: 6448.2674s
	iters: 16700, epoch: 4 | loss: 0.3855221
	speed: 0.0109s/iter; left time: 6613.3030s
	iters: 16800, epoch: 4 | loss: 0.2681024
	speed: 0.0106s/iter; left time: 6475.6063s
	iters: 16900, epoch: 4 | loss: 0.2956894
	speed: 0.0109s/iter; left time: 6654.8477s
	iters: 17000, epoch: 4 | loss: 0.3207046
	speed: 0.0109s/iter; left time: 6609.7440s
	iters: 17100, epoch: 4 | loss: 0.2466420
	speed: 0.0108s/iter; left time: 6564.9785s
	iters: 17200, epoch: 4 | loss: 0.2175748
	speed: 0.0108s/iter; left time: 6569.6221s
	iters: 17300, epoch: 4 | loss: 0.3853821
	speed: 0.0107s/iter; left time: 6486.3846s
	iters: 17400, epoch: 4 | loss: 0.2754469
	speed: 0.0105s/iter; left time: 6372.7949s
	iters: 17500, epoch: 4 | loss: 0.2984942
	speed: 0.0106s/iter; left time: 6430.8973s
	iters: 17600, epoch: 4 | loss: 0.2002728
	speed: 0.0107s/iter; left time: 6493.7826s
	iters: 17700, epoch: 4 | loss: 0.2552048
	speed: 0.0106s/iter; left time: 6440.9199s
	iters: 17800, epoch: 4 | loss: 0.2760237
	speed: 0.0105s/iter; left time: 6401.3103s
	iters: 17900, epoch: 4 | loss: 0.2994699
	speed: 0.0112s/iter; left time: 6796.7165s
	iters: 18000, epoch: 4 | loss: 0.3057602
	speed: 0.0106s/iter; left time: 6465.1036s
	iters: 18100, epoch: 4 | loss: 0.2743631
	speed: 0.0110s/iter; left time: 6684.6989s
	iters: 18200, epoch: 4 | loss: 0.2459993
	speed: 0.0107s/iter; left time: 6517.2089s
	iters: 18300, epoch: 4 | loss: 0.2350699
	speed: 0.0135s/iter; left time: 8188.6581s
	iters: 18400, epoch: 4 | loss: 0.2627901
	speed: 0.0108s/iter; left time: 6549.7757s
	iters: 18500, epoch: 4 | loss: 0.2815314
	speed: 0.0108s/iter; left time: 6569.4420s
	iters: 18600, epoch: 4 | loss: 0.3475193
	speed: 0.0112s/iter; left time: 6783.2713s
	iters: 18700, epoch: 4 | loss: 0.2008571
	speed: 0.0109s/iter; left time: 6645.9011s
	iters: 18800, epoch: 4 | loss: 0.2512915
	speed: 0.0111s/iter; left time: 6768.6753s
	iters: 18900, epoch: 4 | loss: 0.2825944
	speed: 0.0110s/iter; left time: 6650.5362s
	iters: 19000, epoch: 4 | loss: 0.2498395
	speed: 0.0110s/iter; left time: 6651.5167s
	iters: 19100, epoch: 4 | loss: 0.2328677
	speed: 0.0115s/iter; left time: 6975.5253s
	iters: 19200, epoch: 4 | loss: 0.2703700
	speed: 0.0110s/iter; left time: 6698.5610s
	iters: 19300, epoch: 4 | loss: 0.2497553
	speed: 0.0105s/iter; left time: 6361.2808s
	iters: 19400, epoch: 4 | loss: 0.3289284
	speed: 0.0108s/iter; left time: 6543.4667s
	iters: 19500, epoch: 4 | loss: 0.2398193
	speed: 0.0108s/iter; left time: 6540.4473s
	iters: 19600, epoch: 4 | loss: 0.2447856
	speed: 0.0108s/iter; left time: 6522.2316s
	iters: 19700, epoch: 4 | loss: 0.2787953
	speed: 0.0109s/iter; left time: 6621.7697s
	iters: 19800, epoch: 4 | loss: 0.2948156
	speed: 0.0109s/iter; left time: 6598.6771s
	iters: 19900, epoch: 4 | loss: 0.2614896
	speed: 0.0105s/iter; left time: 6385.1834s
	iters: 20000, epoch: 4 | loss: 0.2325047
	speed: 0.0105s/iter; left time: 6367.0762s
	iters: 20100, epoch: 4 | loss: 0.2376946
	speed: 0.0109s/iter; left time: 6600.4130s
	iters: 20200, epoch: 4 | loss: 0.2589520
	speed: 0.0108s/iter; left time: 6526.4787s
	iters: 20300, epoch: 4 | loss: 0.2484699
	speed: 0.0110s/iter; left time: 6664.4842s
	iters: 20400, epoch: 4 | loss: 0.2894247
	speed: 0.0107s/iter; left time: 6500.1403s
	iters: 20500, epoch: 4 | loss: 0.2062476
	speed: 0.0110s/iter; left time: 6685.2817s
	iters: 20600, epoch: 4 | loss: 0.2463726
	speed: 0.0111s/iter; left time: 6723.6702s
	iters: 20700, epoch: 4 | loss: 0.2836678
	speed: 0.0113s/iter; left time: 6846.2398s
	iters: 20800, epoch: 4 | loss: 0.2378332
	speed: 0.0111s/iter; left time: 6739.0827s
	iters: 20900, epoch: 4 | loss: 0.2699042
	speed: 0.0112s/iter; left time: 6761.3991s
	iters: 21000, epoch: 4 | loss: 0.2608066
	speed: 0.0112s/iter; left time: 6787.8326s
	iters: 21100, epoch: 4 | loss: 0.3814449
	speed: 0.0138s/iter; left time: 8369.5976s
	iters: 21200, epoch: 4 | loss: 0.3222989
	speed: 0.0109s/iter; left time: 6616.3304s
	iters: 21300, epoch: 4 | loss: 0.2545659
	speed: 0.0108s/iter; left time: 6516.7864s
	iters: 21400, epoch: 4 | loss: 0.2222555
	speed: 0.0110s/iter; left time: 6638.9879s
	iters: 21500, epoch: 4 | loss: 0.2424714
	speed: 0.0108s/iter; left time: 6531.5972s
	iters: 21600, epoch: 4 | loss: 0.2475377
	speed: 0.0109s/iter; left time: 6600.7810s
	iters: 21700, epoch: 4 | loss: 0.2976679
	speed: 0.0107s/iter; left time: 6459.6785s
	iters: 21800, epoch: 4 | loss: 0.2615269
	speed: 0.0116s/iter; left time: 6982.7000s
	iters: 21900, epoch: 4 | loss: 0.2881791
	speed: 0.0112s/iter; left time: 6747.6950s
	iters: 22000, epoch: 4 | loss: 0.2404045
	speed: 0.0113s/iter; left time: 6810.7103s
	iters: 22100, epoch: 4 | loss: 0.2308702
	speed: 0.0108s/iter; left time: 6504.0423s
	iters: 22200, epoch: 4 | loss: 0.2483017
	speed: 0.0109s/iter; left time: 6580.3535s
	iters: 22300, epoch: 4 | loss: 0.2433416
	speed: 0.0109s/iter; left time: 6610.6194s
	iters: 22400, epoch: 4 | loss: 0.2973352
	speed: 0.0109s/iter; left time: 6577.8591s
	iters: 22500, epoch: 4 | loss: 0.2547676
	speed: 0.0111s/iter; left time: 6709.2925s
	iters: 22600, epoch: 4 | loss: 0.2176839
	speed: 0.0112s/iter; left time: 6745.2925s
	iters: 22700, epoch: 4 | loss: 0.2715454
	speed: 0.0109s/iter; left time: 6606.2547s
	iters: 22800, epoch: 4 | loss: 0.3485533
	speed: 0.0112s/iter; left time: 6739.0425s
	iters: 22900, epoch: 4 | loss: 0.2625533
	speed: 0.0112s/iter; left time: 6762.9677s
	iters: 23000, epoch: 4 | loss: 0.2636701
	speed: 0.0108s/iter; left time: 6527.6146s
	iters: 23100, epoch: 4 | loss: 0.2248627
	speed: 0.0108s/iter; left time: 6526.4144s
Epoch: 4 cost time: 256.17365765571594
Epoch: 4, Steps: 23190 | Train Loss: 0.2699757 Vali Loss: 0.2773907
EarlyStopping counter: 3 out of 5
Updating learning rate to 0.0004
	iters: 100, epoch: 5 | loss: 0.3633635
	speed: 0.1037s/iter; left time: 62527.3310s
	iters: 200, epoch: 5 | loss: 0.2797197
	speed: 0.0108s/iter; left time: 6487.5523s
	iters: 300, epoch: 5 | loss: 0.2058947
	speed: 0.0106s/iter; left time: 6417.9804s
	iters: 400, epoch: 5 | loss: 0.2275145
	speed: 0.0106s/iter; left time: 6369.7931s
	iters: 500, epoch: 5 | loss: 0.2272907
	speed: 0.0108s/iter; left time: 6508.9362s
	iters: 600, epoch: 5 | loss: 0.2746272
	speed: 0.0112s/iter; left time: 6775.5895s
	iters: 700, epoch: 5 | loss: 0.2556282
	speed: 0.0111s/iter; left time: 6711.5383s
	iters: 800, epoch: 5 | loss: 0.2012938
	speed: 0.0111s/iter; left time: 6661.0013s
	iters: 900, epoch: 5 | loss: 0.1998675
	speed: 0.0109s/iter; left time: 6540.7358s
	iters: 1000, epoch: 5 | loss: 0.2973087
	speed: 0.0108s/iter; left time: 6500.3137s
	iters: 1100, epoch: 5 | loss: 0.2958833
	speed: 0.0110s/iter; left time: 6594.2601s
	iters: 1200, epoch: 5 | loss: 0.2338705
	speed: 0.0106s/iter; left time: 6403.8650s
	iters: 1300, epoch: 5 | loss: 0.2551228
	speed: 0.0106s/iter; left time: 6389.8422s
	iters: 1400, epoch: 5 | loss: 0.2136072
	speed: 0.0109s/iter; left time: 6566.9590s
	iters: 1500, epoch: 5 | loss: 0.2527304
	speed: 0.0104s/iter; left time: 6230.1803s
	iters: 1600, epoch: 5 | loss: 0.2324421
	speed: 0.0106s/iter; left time: 6371.4501s
	iters: 1700, epoch: 5 | loss: 0.2344472
	speed: 0.0107s/iter; left time: 6419.5758s
	iters: 1800, epoch: 5 | loss: 0.2414660
	speed: 0.0109s/iter; left time: 6576.7239s
	iters: 1900, epoch: 5 | loss: 0.2495064
	speed: 0.0107s/iter; left time: 6437.6971s
	iters: 2000, epoch: 5 | loss: 0.2714104
	speed: 0.0108s/iter; left time: 6505.5587s
	iters: 2100, epoch: 5 | loss: 0.2167705
	speed: 0.0106s/iter; left time: 6349.6498s
	iters: 2200, epoch: 5 | loss: 0.2311167
	speed: 0.0108s/iter; left time: 6505.3401s
	iters: 2300, epoch: 5 | loss: 0.2306656
	speed: 0.0111s/iter; left time: 6666.2896s
	iters: 2400, epoch: 5 | loss: 0.2507341
	speed: 0.0108s/iter; left time: 6514.7175s
	iters: 2500, epoch: 5 | loss: 0.2358459
	speed: 0.0107s/iter; left time: 6433.2032s
	iters: 2600, epoch: 5 | loss: 0.2381049
	speed: 0.0106s/iter; left time: 6389.9535s
	iters: 2700, epoch: 5 | loss: 0.2869632
	speed: 0.0130s/iter; left time: 7794.9870s
	iters: 2800, epoch: 5 | loss: 0.3806748
	speed: 0.0120s/iter; left time: 7186.4838s
	iters: 2900, epoch: 5 | loss: 0.3018317
	speed: 0.0107s/iter; left time: 6447.6270s
	iters: 3000, epoch: 5 | loss: 0.2308792
	speed: 0.0105s/iter; left time: 6322.9070s
	iters: 3100, epoch: 5 | loss: 0.2491054
	speed: 0.0107s/iter; left time: 6418.0108s
	iters: 3200, epoch: 5 | loss: 0.3145000
	speed: 0.0108s/iter; left time: 6482.5087s
	iters: 3300, epoch: 5 | loss: 0.2464513
	speed: 0.0106s/iter; left time: 6382.4084s
	iters: 3400, epoch: 5 | loss: 0.2785998
	speed: 0.0115s/iter; left time: 6906.8950s
	iters: 3500, epoch: 5 | loss: 0.2669753
	speed: 0.0114s/iter; left time: 6820.4453s
	iters: 3600, epoch: 5 | loss: 0.2818770
	speed: 0.0111s/iter; left time: 6664.5361s
	iters: 3700, epoch: 5 | loss: 0.2334727
	speed: 0.0111s/iter; left time: 6635.7630s
	iters: 3800, epoch: 5 | loss: 0.2517650
	speed: 0.0113s/iter; left time: 6763.5131s
	iters: 3900, epoch: 5 | loss: 0.2263152
	speed: 0.0111s/iter; left time: 6668.4027s
	iters: 4000, epoch: 5 | loss: 0.2293902
	speed: 0.0108s/iter; left time: 6466.3904s
	iters: 4100, epoch: 5 | loss: 0.2521227
	speed: 0.0106s/iter; left time: 6320.8026s
	iters: 4200, epoch: 5 | loss: 0.2548558
	speed: 0.0109s/iter; left time: 6553.3491s
	iters: 4300, epoch: 5 | loss: 0.2377881
	speed: 0.0107s/iter; left time: 6386.8167s
	iters: 4400, epoch: 5 | loss: 0.2388682
	speed: 0.0109s/iter; left time: 6531.5640s
	iters: 4500, epoch: 5 | loss: 0.3710617
	speed: 0.0112s/iter; left time: 6713.3080s
	iters: 4600, epoch: 5 | loss: 0.2242913
	speed: 0.0108s/iter; left time: 6461.7485s
	iters: 4700, epoch: 5 | loss: 0.2615396
	speed: 0.0108s/iter; left time: 6483.1288s
	iters: 4800, epoch: 5 | loss: 0.2416929
	speed: 0.0110s/iter; left time: 6603.8237s
	iters: 4900, epoch: 5 | loss: 0.2278270
	speed: 0.0106s/iter; left time: 6346.1439s
	iters: 5000, epoch: 5 | loss: 0.2456624
	speed: 0.0106s/iter; left time: 6364.6277s
	iters: 5100, epoch: 5 | loss: 0.2893350
	speed: 0.0108s/iter; left time: 6475.1508s
	iters: 5200, epoch: 5 | loss: 0.2727178
	speed: 0.0115s/iter; left time: 6888.6695s
	iters: 5300, epoch: 5 | loss: 0.2518389
	speed: 0.0110s/iter; left time: 6588.1027s
	iters: 5400, epoch: 5 | loss: 0.2711338
	speed: 0.0106s/iter; left time: 6328.8497s
	iters: 5500, epoch: 5 | loss: 0.2877302
	speed: 0.0136s/iter; left time: 8149.0117s
	iters: 5600, epoch: 5 | loss: 0.2904829
	speed: 0.0109s/iter; left time: 6507.7180s
	iters: 5700, epoch: 5 | loss: 0.2702404
	speed: 0.0112s/iter; left time: 6686.8074s
	iters: 5800, epoch: 5 | loss: 0.2698048
	speed: 0.0108s/iter; left time: 6421.4115s
	iters: 5900, epoch: 5 | loss: 0.3004780
	speed: 0.0110s/iter; left time: 6557.3951s
	iters: 6000, epoch: 5 | loss: 0.2593902
	speed: 0.0110s/iter; left time: 6576.8495s
	iters: 6100, epoch: 5 | loss: 0.2841751
	speed: 0.0114s/iter; left time: 6804.0791s
	iters: 6200, epoch: 5 | loss: 0.3133467
	speed: 0.0112s/iter; left time: 6682.0957s
	iters: 6300, epoch: 5 | loss: 0.2371620
	speed: 0.0109s/iter; left time: 6491.5241s
	iters: 6400, epoch: 5 | loss: 0.2179047
	speed: 0.0109s/iter; left time: 6508.8473s
	iters: 6500, epoch: 5 | loss: 0.2816273
	speed: 0.0115s/iter; left time: 6847.2181s
	iters: 6600, epoch: 5 | loss: 0.2415213
	speed: 0.0110s/iter; left time: 6535.0199s
	iters: 6700, epoch: 5 | loss: 0.2491012
	speed: 0.0112s/iter; left time: 6694.2776s
	iters: 6800, epoch: 5 | loss: 0.1808350
	speed: 0.0108s/iter; left time: 6454.3448s
	iters: 6900, epoch: 5 | loss: 0.2895134
	speed: 0.0109s/iter; left time: 6501.7732s
	iters: 7000, epoch: 5 | loss: 0.3023257
	speed: 0.0107s/iter; left time: 6357.7778s
	iters: 7100, epoch: 5 | loss: 0.4183640
	speed: 0.0107s/iter; left time: 6349.5511s
	iters: 7200, epoch: 5 | loss: 0.2502144
	speed: 0.0109s/iter; left time: 6465.7729s
	iters: 7300, epoch: 5 | loss: 0.3151514
	speed: 0.0109s/iter; left time: 6489.4161s
	iters: 7400, epoch: 5 | loss: 0.2913845
	speed: 0.0114s/iter; left time: 6814.6861s
	iters: 7500, epoch: 5 | loss: 0.3455145
	speed: 0.0125s/iter; left time: 7434.7857s
	iters: 7600, epoch: 5 | loss: 0.2922124
	speed: 0.0116s/iter; left time: 6890.2206s
	iters: 7700, epoch: 5 | loss: 0.3784264
	speed: 0.0106s/iter; left time: 6288.7025s
	iters: 7800, epoch: 5 | loss: 0.2707911
	speed: 0.0107s/iter; left time: 6396.5202s
	iters: 7900, epoch: 5 | loss: 0.2426033
	speed: 0.0109s/iter; left time: 6507.9233s
	iters: 8000, epoch: 5 | loss: 0.2911118
	speed: 0.0107s/iter; left time: 6352.7945s
	iters: 8100, epoch: 5 | loss: 0.1993723
	speed: 0.0107s/iter; left time: 6339.5173s
	iters: 8200, epoch: 5 | loss: 0.3026144
	speed: 0.0117s/iter; left time: 6953.7270s
	iters: 8300, epoch: 5 | loss: 0.2294313
	speed: 0.0128s/iter; left time: 7632.8564s
	iters: 8400, epoch: 5 | loss: 0.2976201
	speed: 0.0107s/iter; left time: 6351.9947s
	iters: 8500, epoch: 5 | loss: 0.2844290
	speed: 0.0107s/iter; left time: 6361.0866s
	iters: 8600, epoch: 5 | loss: 0.2751074
	speed: 0.0108s/iter; left time: 6403.6735s
	iters: 8700, epoch: 5 | loss: 0.2581057
	speed: 0.0109s/iter; left time: 6465.1753s
	iters: 8800, epoch: 5 | loss: 0.2564195
	speed: 0.0117s/iter; left time: 6949.5378s
	iters: 8900, epoch: 5 | loss: 0.3483548
	speed: 0.0111s/iter; left time: 6602.1384s
	iters: 9000, epoch: 5 | loss: 0.2027960
	speed: 0.0110s/iter; left time: 6528.8049s
	iters: 9100, epoch: 5 | loss: 0.2679870
	speed: 0.0114s/iter; left time: 6785.7614s
	iters: 9200, epoch: 5 | loss: 0.2232307
	speed: 0.0116s/iter; left time: 6882.4557s
	iters: 9300, epoch: 5 | loss: 0.2377895
	speed: 0.0112s/iter; left time: 6672.9570s
	iters: 9400, epoch: 5 | loss: 0.3060887
	speed: 0.0111s/iter; left time: 6575.2175s
	iters: 9500, epoch: 5 | loss: 0.2505521
	speed: 0.0108s/iter; left time: 6435.3729s
	iters: 9600, epoch: 5 | loss: 0.2376868
	speed: 0.0107s/iter; left time: 6333.9668s
	iters: 9700, epoch: 5 | loss: 0.2515527
	speed: 0.0109s/iter; left time: 6454.0622s
	iters: 9800, epoch: 5 | loss: 0.2641519
	speed: 0.0107s/iter; left time: 6343.3190s
	iters: 9900, epoch: 5 | loss: 0.2858719
	speed: 0.0107s/iter; left time: 6323.9591s
	iters: 10000, epoch: 5 | loss: 0.2570499
	speed: 0.0108s/iter; left time: 6385.6686s
	iters: 10100, epoch: 5 | loss: 0.2163014
	speed: 0.0106s/iter; left time: 6279.1502s
	iters: 10200, epoch: 5 | loss: 0.2263107
	speed: 0.0109s/iter; left time: 6465.3421s
	iters: 10300, epoch: 5 | loss: 0.2487716
	speed: 0.0108s/iter; left time: 6420.7377s
	iters: 10400, epoch: 5 | loss: 0.2744415
	speed: 0.0112s/iter; left time: 6654.9314s
	iters: 10500, epoch: 5 | loss: 0.2767954
	speed: 0.0111s/iter; left time: 6567.1788s
	iters: 10600, epoch: 5 | loss: 0.4059693
	speed: 0.0112s/iter; left time: 6608.2006s
	iters: 10700, epoch: 5 | loss: 0.3029342
	speed: 0.0123s/iter; left time: 7268.3587s
	iters: 10800, epoch: 5 | loss: 0.2987745
	speed: 0.0108s/iter; left time: 6397.8908s
	iters: 10900, epoch: 5 | loss: 0.2445191
	speed: 0.0109s/iter; left time: 6452.9373s
	iters: 11000, epoch: 5 | loss: 0.2217247
	speed: 0.0133s/iter; left time: 7860.5845s
	iters: 11100, epoch: 5 | loss: 0.2427631
	speed: 0.0108s/iter; left time: 6418.3891s
	iters: 11200, epoch: 5 | loss: 0.2346888
	speed: 0.0110s/iter; left time: 6482.4013s
	iters: 11300, epoch: 5 | loss: 0.2489989
	speed: 0.0112s/iter; left time: 6610.6703s
	iters: 11400, epoch: 5 | loss: 0.2612872
	speed: 0.0109s/iter; left time: 6418.9182s
	iters: 11500, epoch: 5 | loss: 0.2184628
	speed: 0.0118s/iter; left time: 6971.0442s
	iters: 11600, epoch: 5 | loss: 0.3358495
	speed: 0.0111s/iter; left time: 6556.1556s
	iters: 11700, epoch: 5 | loss: 0.3178605
	speed: 0.0108s/iter; left time: 6370.3066s
	iters: 11800, epoch: 5 | loss: 0.2372762
	speed: 0.0108s/iter; left time: 6391.2904s
	iters: 11900, epoch: 5 | loss: 0.2297429
	speed: 0.0109s/iter; left time: 6435.5078s
	iters: 12000, epoch: 5 | loss: 0.2509919
	speed: 0.0109s/iter; left time: 6429.6963s
	iters: 12100, epoch: 5 | loss: 0.2514227
	speed: 0.0110s/iter; left time: 6506.1065s
	iters: 12200, epoch: 5 | loss: 0.2367391
	speed: 0.0111s/iter; left time: 6559.0456s
	iters: 12300, epoch: 5 | loss: 0.2797134
	speed: 0.0108s/iter; left time: 6378.1295s
	iters: 12400, epoch: 5 | loss: 0.2532339
	speed: 0.0108s/iter; left time: 6388.0233s
	iters: 12500, epoch: 5 | loss: 0.2437559
	speed: 0.0110s/iter; left time: 6488.9253s
	iters: 12600, epoch: 5 | loss: 0.2857140
	speed: 0.0110s/iter; left time: 6476.0429s
	iters: 12700, epoch: 5 | loss: 0.2432273
	speed: 0.0108s/iter; left time: 6350.7172s
	iters: 12800, epoch: 5 | loss: 0.2288835
	speed: 0.0107s/iter; left time: 6317.9583s
	iters: 12900, epoch: 5 | loss: 0.2618657
	speed: 0.0105s/iter; left time: 6190.2125s
	iters: 13000, epoch: 5 | loss: 0.2431705
	speed: 0.0108s/iter; left time: 6368.4354s
	iters: 13100, epoch: 5 | loss: 0.2649193
	speed: 0.0105s/iter; left time: 6220.0230s
	iters: 13200, epoch: 5 | loss: 0.2527522
	speed: 0.0107s/iter; left time: 6325.6358s
	iters: 13300, epoch: 5 | loss: 0.2509513
	speed: 0.0106s/iter; left time: 6235.6441s
	iters: 13400, epoch: 5 | loss: 0.3168822
	speed: 0.0108s/iter; left time: 6374.1967s
	iters: 13500, epoch: 5 | loss: 0.2807629
	speed: 0.0110s/iter; left time: 6486.9647s
	iters: 13600, epoch: 5 | loss: 0.2224414
	speed: 0.0108s/iter; left time: 6383.7079s
	iters: 13700, epoch: 5 | loss: 0.1979197
	speed: 0.0112s/iter; left time: 6571.7933s
	iters: 13800, epoch: 5 | loss: 0.3182091
	speed: 0.0138s/iter; left time: 8133.5653s
	iters: 13900, epoch: 5 | loss: 0.2716562
	speed: 0.0109s/iter; left time: 6414.7028s
	iters: 14000, epoch: 5 | loss: 0.2401358
	speed: 0.0107s/iter; left time: 6314.1132s
	iters: 14100, epoch: 5 | loss: 0.2805647
	speed: 0.0109s/iter; left time: 6442.6989s
	iters: 14200, epoch: 5 | loss: 0.2454125
	speed: 0.0115s/iter; left time: 6759.6254s
	iters: 14300, epoch: 5 | loss: 0.3217687
	speed: 0.0114s/iter; left time: 6701.6664s
	iters: 14400, epoch: 5 | loss: 0.1854166
	speed: 0.0112s/iter; left time: 6571.9591s
	iters: 14500, epoch: 5 | loss: 0.2200979
	speed: 0.0110s/iter; left time: 6446.9056s
	iters: 14600, epoch: 5 | loss: 0.2320652
	speed: 0.0112s/iter; left time: 6605.2355s
	iters: 14700, epoch: 5 | loss: 0.2492193
	speed: 0.0109s/iter; left time: 6403.6948s
	iters: 14800, epoch: 5 | loss: 0.1937766
	speed: 0.0109s/iter; left time: 6415.6344s
	iters: 14900, epoch: 5 | loss: 0.2773563
	speed: 0.0111s/iter; left time: 6500.2085s
	iters: 15000, epoch: 5 | loss: 0.2096519
	speed: 0.0110s/iter; left time: 6476.6371s
	iters: 15100, epoch: 5 | loss: 0.2681636
	speed: 0.0109s/iter; left time: 6395.7160s
	iters: 15200, epoch: 5 | loss: 0.2115136
	speed: 0.0113s/iter; left time: 6655.3383s
	iters: 15300, epoch: 5 | loss: 0.2188787
	speed: 0.0109s/iter; left time: 6429.2569s
	iters: 15400, epoch: 5 | loss: 0.2603871
	speed: 0.0110s/iter; left time: 6472.8611s
	iters: 15500, epoch: 5 | loss: 0.2393664
	speed: 0.0107s/iter; left time: 6272.1140s
	iters: 15600, epoch: 5 | loss: 0.2221597
	speed: 0.0110s/iter; left time: 6469.4899s
	iters: 15700, epoch: 5 | loss: 0.2420320
	speed: 0.0108s/iter; left time: 6366.4715s
	iters: 15800, epoch: 5 | loss: 0.1959395
	speed: 0.0108s/iter; left time: 6349.3843s
	iters: 15900, epoch: 5 | loss: 0.2232338
	speed: 0.0109s/iter; left time: 6376.3875s
	iters: 16000, epoch: 5 | loss: 0.2461742
	speed: 0.0109s/iter; left time: 6409.4601s
	iters: 16100, epoch: 5 | loss: 0.2524830
	speed: 0.0112s/iter; left time: 6561.0477s
	iters: 16200, epoch: 5 | loss: 0.2677271
	speed: 0.0117s/iter; left time: 6841.8960s
	iters: 16300, epoch: 5 | loss: 0.2739818
	speed: 0.0109s/iter; left time: 6368.7783s
	iters: 16400, epoch: 5 | loss: 0.2353521
	speed: 0.0108s/iter; left time: 6350.2809s
	iters: 16500, epoch: 5 | loss: 0.2402722
	speed: 0.0114s/iter; left time: 6688.5418s
	iters: 16600, epoch: 5 | loss: 0.2972649
	speed: 0.0130s/iter; left time: 7607.3209s
	iters: 16700, epoch: 5 | loss: 0.2132549
	speed: 0.0108s/iter; left time: 6324.2824s
	iters: 16800, epoch: 5 | loss: 0.2065048
	speed: 0.0106s/iter; left time: 6200.3773s
	iters: 16900, epoch: 5 | loss: 0.2043435
	speed: 0.0112s/iter; left time: 6588.5572s
	iters: 17000, epoch: 5 | loss: 0.2613735
	speed: 0.0108s/iter; left time: 6317.7045s
	iters: 17100, epoch: 5 | loss: 0.2901339
	speed: 0.0109s/iter; left time: 6375.0846s
	iters: 17200, epoch: 5 | loss: 0.2344368
	speed: 0.0110s/iter; left time: 6454.8826s
	iters: 17300, epoch: 5 | loss: 0.2010977
	speed: 0.0110s/iter; left time: 6441.5240s
	iters: 17400, epoch: 5 | loss: 0.3225396
	speed: 0.0108s/iter; left time: 6315.8193s
	iters: 17500, epoch: 5 | loss: 0.3025597
	speed: 0.0107s/iter; left time: 6253.4274s
	iters: 17600, epoch: 5 | loss: 0.2551938
	speed: 0.0107s/iter; left time: 6255.3904s
	iters: 17700, epoch: 5 | loss: 0.2723641
	speed: 0.0108s/iter; left time: 6305.6557s
	iters: 17800, epoch: 5 | loss: 0.2555502
	speed: 0.0109s/iter; left time: 6349.7385s
	iters: 17900, epoch: 5 | loss: 0.3455718
	speed: 0.0109s/iter; left time: 6368.3011s
	iters: 18000, epoch: 5 | loss: 0.3480489
	speed: 0.0112s/iter; left time: 6540.2012s
	iters: 18100, epoch: 5 | loss: 0.2492102
	speed: 0.0109s/iter; left time: 6385.4821s
	iters: 18200, epoch: 5 | loss: 0.3438406
	speed: 0.0110s/iter; left time: 6409.6561s
	iters: 18300, epoch: 5 | loss: 0.2745406
	speed: 0.0111s/iter; left time: 6464.1847s
	iters: 18400, epoch: 5 | loss: 0.2583233
	speed: 0.0111s/iter; left time: 6491.5486s
	iters: 18500, epoch: 5 | loss: 0.3217512
	speed: 0.0110s/iter; left time: 6427.7859s
	iters: 18600, epoch: 5 | loss: 0.2845551
	speed: 0.0113s/iter; left time: 6595.1310s
	iters: 18700, epoch: 5 | loss: 0.3297145
	speed: 0.0114s/iter; left time: 6649.7018s
	iters: 18800, epoch: 5 | loss: 0.2833608
	speed: 0.0110s/iter; left time: 6421.9085s
	iters: 18900, epoch: 5 | loss: 0.2731698
	speed: 0.0119s/iter; left time: 6955.7514s
	iters: 19000, epoch: 5 | loss: 0.2107357
	speed: 0.0110s/iter; left time: 6430.4452s
	iters: 19100, epoch: 5 | loss: 0.2314461
	speed: 0.0111s/iter; left time: 6508.6231s
	iters: 19200, epoch: 5 | loss: 0.3055214
	speed: 0.0105s/iter; left time: 6155.7860s
	iters: 19300, epoch: 5 | loss: 0.2713408
	speed: 0.0133s/iter; left time: 7740.8704s
	iters: 19400, epoch: 5 | loss: 0.2558947
	speed: 0.0109s/iter; left time: 6345.8030s
	iters: 19500, epoch: 5 | loss: 0.2606957
	speed: 0.0105s/iter; left time: 6146.1235s
	iters: 19600, epoch: 5 | loss: 0.2933297
	speed: 0.0108s/iter; left time: 6284.6042s
	iters: 19700, epoch: 5 | loss: 0.2278253
	speed: 0.0110s/iter; left time: 6411.8556s
	iters: 19800, epoch: 5 | loss: 0.2921178
	speed: 0.0107s/iter; left time: 6213.8930s
	iters: 19900, epoch: 5 | loss: 0.2338568
	speed: 0.0113s/iter; left time: 6560.5652s
	iters: 20000, epoch: 5 | loss: 0.2805168
	speed: 0.0108s/iter; left time: 6317.5884s
	iters: 20100, epoch: 5 | loss: 0.2094924
	speed: 0.0109s/iter; left time: 6373.5506s
	iters: 20200, epoch: 5 | loss: 0.3092354
	speed: 0.0106s/iter; left time: 6149.5949s
	iters: 20300, epoch: 5 | loss: 0.2091060
	speed: 0.0106s/iter; left time: 6175.1775s
	iters: 20400, epoch: 5 | loss: 0.2528762
	speed: 0.0107s/iter; left time: 6226.3883s
	iters: 20500, epoch: 5 | loss: 0.3446420
	speed: 0.0106s/iter; left time: 6195.6010s
	iters: 20600, epoch: 5 | loss: 0.3752463
	speed: 0.0113s/iter; left time: 6586.2853s
	iters: 20700, epoch: 5 | loss: 0.3132659
	speed: 0.0108s/iter; left time: 6311.9595s
	iters: 20800, epoch: 5 | loss: 0.2500224
	speed: 0.0114s/iter; left time: 6625.2088s
	iters: 20900, epoch: 5 | loss: 0.3335321
	speed: 0.0110s/iter; left time: 6404.2239s
	iters: 21000, epoch: 5 | loss: 0.2686462
	speed: 0.0109s/iter; left time: 6350.7361s
	iters: 21100, epoch: 5 | loss: 0.2419783
	speed: 0.0108s/iter; left time: 6268.2221s
	iters: 21200, epoch: 5 | loss: 0.2403976
	speed: 0.0108s/iter; left time: 6264.8327s
	iters: 21300, epoch: 5 | loss: 0.3185905
	speed: 0.0111s/iter; left time: 6427.6435s
	iters: 21400, epoch: 5 | loss: 0.1888179
	speed: 0.0108s/iter; left time: 6285.9305s
	iters: 21500, epoch: 5 | loss: 0.2556213
	speed: 0.0108s/iter; left time: 6268.4265s
	iters: 21600, epoch: 5 | loss: 0.2374434
	speed: 0.0107s/iter; left time: 6238.9363s
	iters: 21700, epoch: 5 | loss: 0.2459021
	speed: 0.0112s/iter; left time: 6513.4420s
	iters: 21800, epoch: 5 | loss: 0.2644331
	speed: 0.0106s/iter; left time: 6182.6565s
	iters: 21900, epoch: 5 | loss: 0.2300659
	speed: 0.0110s/iter; left time: 6384.7165s
	iters: 22000, epoch: 5 | loss: 0.2971696
	speed: 0.0106s/iter; left time: 6148.4865s
	iters: 22100, epoch: 5 | loss: 0.3353711
	speed: 0.0132s/iter; left time: 7685.2795s
	iters: 22200, epoch: 5 | loss: 0.2655061
	speed: 0.0110s/iter; left time: 6402.9088s
	iters: 22300, epoch: 5 | loss: 0.2409356
	speed: 0.0107s/iter; left time: 6230.0354s
	iters: 22400, epoch: 5 | loss: 0.2836668
	speed: 0.0114s/iter; left time: 6631.2950s
	iters: 22500, epoch: 5 | loss: 0.2896064
	speed: 0.0112s/iter; left time: 6505.6340s
	iters: 22600, epoch: 5 | loss: 0.2822649
	speed: 0.0113s/iter; left time: 6572.8983s
	iters: 22700, epoch: 5 | loss: 0.2463202
	speed: 0.0115s/iter; left time: 6681.3270s
	iters: 22800, epoch: 5 | loss: 0.2275302
	speed: 0.0110s/iter; left time: 6393.0985s
	iters: 22900, epoch: 5 | loss: 0.3064515
	speed: 0.0109s/iter; left time: 6346.2396s
	iters: 23000, epoch: 5 | loss: 0.2395577
	speed: 0.0113s/iter; left time: 6558.2591s
	iters: 23100, epoch: 5 | loss: 0.2127897
	speed: 0.0108s/iter; left time: 6247.6602s
Epoch: 5 cost time: 255.92687487602234
Epoch: 5, Steps: 23190 | Train Loss: 0.2672483 Vali Loss: 0.2832506
EarlyStopping counter: 4 out of 5
Updating learning rate to 0.0003200000000000001
	iters: 100, epoch: 6 | loss: 0.2453947
	speed: 0.1001s/iter; left time: 58042.2084s
	iters: 200, epoch: 6 | loss: 0.2266017
	speed: 0.0111s/iter; left time: 6414.0951s
	iters: 300, epoch: 6 | loss: 0.2574270
	speed: 0.0108s/iter; left time: 6274.3225s
	iters: 400, epoch: 6 | loss: 0.2664297
	speed: 0.0109s/iter; left time: 6292.6868s
	iters: 500, epoch: 6 | loss: 0.1941973
	speed: 0.0110s/iter; left time: 6398.4284s
	iters: 600, epoch: 6 | loss: 0.3086384
	speed: 0.0112s/iter; left time: 6493.6514s
	iters: 700, epoch: 6 | loss: 0.2622822
	speed: 0.0110s/iter; left time: 6384.9731s
	iters: 800, epoch: 6 | loss: 0.2286763
	speed: 0.0110s/iter; left time: 6357.4813s
	iters: 900, epoch: 6 | loss: 0.3303627
	speed: 0.0114s/iter; left time: 6570.8614s
	iters: 1000, epoch: 6 | loss: 0.2882802
	speed: 0.0125s/iter; left time: 7231.2497s
	iters: 1100, epoch: 6 | loss: 0.2598983
	speed: 0.0106s/iter; left time: 6155.7934s
	iters: 1200, epoch: 6 | loss: 0.2452136
	speed: 0.0113s/iter; left time: 6515.6949s
	iters: 1300, epoch: 6 | loss: 0.2535415
	speed: 0.0106s/iter; left time: 6108.4674s
	iters: 1400, epoch: 6 | loss: 0.3123996
	speed: 0.0107s/iter; left time: 6193.4255s
	iters: 1500, epoch: 6 | loss: 0.2139928
	speed: 0.0113s/iter; left time: 6535.0407s
	iters: 1600, epoch: 6 | loss: 0.2209252
	speed: 0.0108s/iter; left time: 6239.6883s
	iters: 1700, epoch: 6 | loss: 0.2904982
	speed: 0.0113s/iter; left time: 6514.4520s
	iters: 1800, epoch: 6 | loss: 0.2046038
	speed: 0.0105s/iter; left time: 6057.1861s
	iters: 1900, epoch: 6 | loss: 0.2502738
	speed: 0.0106s/iter; left time: 6146.9880s
	iters: 2000, epoch: 6 | loss: 0.2354882
	speed: 0.0105s/iter; left time: 6056.8215s
	iters: 2100, epoch: 6 | loss: 0.3177757
	speed: 0.0105s/iter; left time: 6048.6184s
	iters: 2200, epoch: 6 | loss: 0.2843793
	speed: 0.0105s/iter; left time: 6076.5487s
	iters: 2300, epoch: 6 | loss: 0.2190146
	speed: 0.0111s/iter; left time: 6437.7403s
	iters: 2400, epoch: 6 | loss: 0.2832060
	speed: 0.0111s/iter; left time: 6414.9660s
	iters: 2500, epoch: 6 | loss: 0.3317051
	speed: 0.0108s/iter; left time: 6248.9470s
	iters: 2600, epoch: 6 | loss: 0.2667492
	speed: 0.0105s/iter; left time: 6082.0770s
	iters: 2700, epoch: 6 | loss: 0.2439945
	speed: 0.0107s/iter; left time: 6194.2224s
	iters: 2800, epoch: 6 | loss: 0.2449705
	speed: 0.0112s/iter; left time: 6470.6390s
	iters: 2900, epoch: 6 | loss: 0.2556029
	speed: 0.0107s/iter; left time: 6201.0275s
	iters: 3000, epoch: 6 | loss: 0.2862671
	speed: 0.0106s/iter; left time: 6090.6500s
	iters: 3100, epoch: 6 | loss: 0.3120399
	speed: 0.0112s/iter; left time: 6470.9081s
	iters: 3200, epoch: 6 | loss: 0.3566163
	speed: 0.0117s/iter; left time: 6728.8412s
	iters: 3300, epoch: 6 | loss: 0.3208454
	speed: 0.0108s/iter; left time: 6224.2548s
	iters: 3400, epoch: 6 | loss: 0.3138692
	speed: 0.0109s/iter; left time: 6285.4986s
	iters: 3500, epoch: 6 | loss: 0.2556474
	speed: 0.0107s/iter; left time: 6193.7176s
	iters: 3600, epoch: 6 | loss: 0.3300329
	speed: 0.0105s/iter; left time: 6072.5170s
	iters: 3700, epoch: 6 | loss: 0.2659747
	speed: 0.0112s/iter; left time: 6449.5346s
	iters: 3800, epoch: 6 | loss: 0.2396821
	speed: 0.0129s/iter; left time: 7435.6050s
	iters: 3900, epoch: 6 | loss: 0.3539958
	speed: 0.0109s/iter; left time: 6302.7829s
	iters: 4000, epoch: 6 | loss: 0.2498768
	speed: 0.0107s/iter; left time: 6172.3515s
	iters: 4100, epoch: 6 | loss: 0.2560423
	speed: 0.0105s/iter; left time: 6071.6197s
	iters: 4200, epoch: 6 | loss: 0.3236245
	speed: 0.0106s/iter; left time: 6093.4303s
	iters: 4300, epoch: 6 | loss: 0.2223788
	speed: 0.0113s/iter; left time: 6488.8785s
	iters: 4400, epoch: 6 | loss: 0.2050336
	speed: 0.0108s/iter; left time: 6204.3459s
	iters: 4500, epoch: 6 | loss: 0.2399558
	speed: 0.0110s/iter; left time: 6336.7548s
	iters: 4600, epoch: 6 | loss: 0.3563229
	speed: 0.0113s/iter; left time: 6487.1453s
	iters: 4700, epoch: 6 | loss: 0.2162934
	speed: 0.0116s/iter; left time: 6683.6703s
	iters: 4800, epoch: 6 | loss: 0.2543260
	speed: 0.0107s/iter; left time: 6123.5287s
	iters: 4900, epoch: 6 | loss: 0.2152457
	speed: 0.0118s/iter; left time: 6759.3823s
	iters: 5000, epoch: 6 | loss: 0.3035326
	speed: 0.0105s/iter; left time: 6018.8306s
	iters: 5100, epoch: 6 | loss: 0.2401677
	speed: 0.0116s/iter; left time: 6678.1101s
	iters: 5200, epoch: 6 | loss: 0.2547382
	speed: 0.0109s/iter; left time: 6263.0725s
	iters: 5300, epoch: 6 | loss: 0.2453915
	speed: 0.0106s/iter; left time: 6087.7778s
	iters: 5400, epoch: 6 | loss: 0.2175848
	speed: 0.0107s/iter; left time: 6121.6915s
	iters: 5500, epoch: 6 | loss: 0.2380641
	speed: 0.0108s/iter; left time: 6223.2919s
	iters: 5600, epoch: 6 | loss: 0.2828546
	speed: 0.0107s/iter; left time: 6143.8465s
	iters: 5700, epoch: 6 | loss: 0.2237121
	speed: 0.0107s/iter; left time: 6125.7491s
	iters: 5800, epoch: 6 | loss: 0.3776205
	speed: 0.0105s/iter; left time: 6043.0635s
	iters: 5900, epoch: 6 | loss: 0.2763320
	speed: 0.0106s/iter; left time: 6107.9179s
	iters: 6000, epoch: 6 | loss: 0.2697961
	speed: 0.0107s/iter; left time: 6161.2766s
	iters: 6100, epoch: 6 | loss: 0.2007446
	speed: 0.0111s/iter; left time: 6358.8776s
	iters: 6200, epoch: 6 | loss: 0.2852599
	speed: 0.0109s/iter; left time: 6276.0707s
	iters: 6300, epoch: 6 | loss: 0.2285200
	speed: 0.0104s/iter; left time: 5991.9372s
	iters: 6400, epoch: 6 | loss: 0.2456147
	speed: 0.0106s/iter; left time: 6099.0515s
	iters: 6500, epoch: 6 | loss: 0.3633038
	speed: 0.0114s/iter; left time: 6549.8706s
	iters: 6600, epoch: 6 | loss: 0.2509289
	speed: 0.0130s/iter; left time: 7432.6790s
	iters: 6700, epoch: 6 | loss: 0.2113414
	speed: 0.0112s/iter; left time: 6395.0616s
	iters: 6800, epoch: 6 | loss: 0.2260950
	speed: 0.0106s/iter; left time: 6081.9381s
	iters: 6900, epoch: 6 | loss: 0.2591723
	speed: 0.0109s/iter; left time: 6245.2104s
	iters: 7000, epoch: 6 | loss: 0.3653873
	speed: 0.0105s/iter; left time: 6027.8302s
	iters: 7100, epoch: 6 | loss: 0.1791043
	speed: 0.0113s/iter; left time: 6445.7684s
	iters: 7200, epoch: 6 | loss: 0.2176712
	speed: 0.0110s/iter; left time: 6293.2049s
	iters: 7300, epoch: 6 | loss: 0.2399379
	speed: 0.0108s/iter; left time: 6187.8287s
	iters: 7400, epoch: 6 | loss: 0.3417321
	speed: 0.0105s/iter; left time: 6008.1200s
	iters: 7500, epoch: 6 | loss: 0.2467090
	speed: 0.0105s/iter; left time: 6027.3119s
	iters: 7600, epoch: 6 | loss: 0.2327601
	speed: 0.0108s/iter; left time: 6163.0029s
	iters: 7700, epoch: 6 | loss: 0.2353048
	speed: 0.0107s/iter; left time: 6132.8356s
	iters: 7800, epoch: 6 | loss: 0.2505284
	speed: 0.0107s/iter; left time: 6094.8485s
	iters: 7900, epoch: 6 | loss: 0.2206259
	speed: 0.0111s/iter; left time: 6349.8115s
	iters: 8000, epoch: 6 | loss: 0.2421856
	speed: 0.0114s/iter; left time: 6533.5361s
	iters: 8100, epoch: 6 | loss: 0.2297387
	speed: 0.0109s/iter; left time: 6223.3794s
	iters: 8200, epoch: 6 | loss: 0.2586834
	speed: 0.0107s/iter; left time: 6127.2272s
	iters: 8300, epoch: 6 | loss: 0.2667263
	speed: 0.0106s/iter; left time: 6076.6888s
	iters: 8400, epoch: 6 | loss: 0.3046481
	speed: 0.0105s/iter; left time: 5973.7746s
	iters: 8500, epoch: 6 | loss: 0.2572963
	speed: 0.0106s/iter; left time: 6050.6555s
	iters: 8600, epoch: 6 | loss: 0.2576815
	speed: 0.0105s/iter; left time: 6020.8760s
	iters: 8700, epoch: 6 | loss: 0.2460231
	speed: 0.0107s/iter; left time: 6108.1405s
	iters: 8800, epoch: 6 | loss: 0.2632163
	speed: 0.0107s/iter; left time: 6135.3073s
	iters: 8900, epoch: 6 | loss: 0.2014766
	speed: 0.0112s/iter; left time: 6365.8271s
	iters: 9000, epoch: 6 | loss: 0.2341382
	speed: 0.0109s/iter; left time: 6202.2244s
	iters: 9100, epoch: 6 | loss: 0.3060015
	speed: 0.0106s/iter; left time: 6033.5344s
	iters: 9200, epoch: 6 | loss: 0.2354952
	speed: 0.0105s/iter; left time: 5967.8002s
	iters: 9300, epoch: 6 | loss: 0.1745686
	speed: 0.0109s/iter; left time: 6208.0590s
	iters: 9400, epoch: 6 | loss: 0.2756087
	speed: 0.0137s/iter; left time: 7814.3071s
	iters: 9500, epoch: 6 | loss: 0.2982694
	speed: 0.0106s/iter; left time: 6055.3493s
	iters: 9600, epoch: 6 | loss: 0.2262681
	speed: 0.0108s/iter; left time: 6170.7752s
	iters: 9700, epoch: 6 | loss: 0.2875555
	speed: 0.0106s/iter; left time: 6057.6128s
	iters: 9800, epoch: 6 | loss: 0.2548376
	speed: 0.0111s/iter; left time: 6334.1019s
	iters: 9900, epoch: 6 | loss: 0.2204127
	speed: 0.0114s/iter; left time: 6523.7110s
	iters: 10000, epoch: 6 | loss: 0.2442023
	speed: 0.0113s/iter; left time: 6414.9557s
	iters: 10100, epoch: 6 | loss: 0.2196878
	speed: 0.0116s/iter; left time: 6594.2266s
	iters: 10200, epoch: 6 | loss: 0.2869343
	speed: 0.0107s/iter; left time: 6117.3804s
	iters: 10300, epoch: 6 | loss: 0.2988148
	speed: 0.0107s/iter; left time: 6110.5796s
	iters: 10400, epoch: 6 | loss: 0.2547574
	speed: 0.0105s/iter; left time: 6001.1137s
	iters: 10500, epoch: 6 | loss: 0.2022254
	speed: 0.0106s/iter; left time: 6007.3166s
	iters: 10600, epoch: 6 | loss: 0.2217845
	speed: 0.0108s/iter; left time: 6136.0982s
	iters: 10700, epoch: 6 | loss: 0.2292753
	speed: 0.0106s/iter; left time: 6049.6564s
	iters: 10800, epoch: 6 | loss: 0.3244710
	speed: 0.0109s/iter; left time: 6228.4143s
	iters: 10900, epoch: 6 | loss: 0.2530512
	speed: 0.0109s/iter; left time: 6180.4586s
	iters: 11000, epoch: 6 | loss: 0.3184774
	speed: 0.0108s/iter; left time: 6126.8444s
	iters: 11100, epoch: 6 | loss: 0.2828040
	speed: 0.0107s/iter; left time: 6074.6180s
	iters: 11200, epoch: 6 | loss: 0.2228159
	speed: 0.0105s/iter; left time: 5975.0650s
	iters: 11300, epoch: 6 | loss: 0.3422818
	speed: 0.0108s/iter; left time: 6125.8313s
	iters: 11400, epoch: 6 | loss: 0.2081224
	speed: 0.0106s/iter; left time: 6026.5285s
	iters: 11500, epoch: 6 | loss: 0.2307543
	speed: 0.0106s/iter; left time: 6035.1943s
	iters: 11600, epoch: 6 | loss: 0.3024944
	speed: 0.0104s/iter; left time: 5927.9618s
	iters: 11700, epoch: 6 | loss: 0.2625102
	speed: 0.0109s/iter; left time: 6168.3470s
	iters: 11800, epoch: 6 | loss: 0.3308179
	speed: 0.0106s/iter; left time: 6034.9452s
	iters: 11900, epoch: 6 | loss: 0.1918864
	speed: 0.0105s/iter; left time: 5985.2167s
	iters: 12000, epoch: 6 | loss: 0.2115694
	speed: 0.0104s/iter; left time: 5911.0805s
	iters: 12100, epoch: 6 | loss: 0.2773027
	speed: 0.0107s/iter; left time: 6099.9667s
	iters: 12200, epoch: 6 | loss: 0.2620836
	speed: 0.0144s/iter; left time: 8157.3684s
	iters: 12300, epoch: 6 | loss: 0.2389762
	speed: 0.0106s/iter; left time: 6029.2710s
	iters: 12400, epoch: 6 | loss: 0.2711639
	speed: 0.0106s/iter; left time: 6020.8243s
	iters: 12500, epoch: 6 | loss: 0.2811917
	speed: 0.0108s/iter; left time: 6103.0837s
	iters: 12600, epoch: 6 | loss: 0.2129356
	speed: 0.0110s/iter; left time: 6248.3029s
	iters: 12700, epoch: 6 | loss: 0.2223369
	speed: 0.0113s/iter; left time: 6435.0486s
	iters: 12800, epoch: 6 | loss: 0.3424990
	speed: 0.0109s/iter; left time: 6186.2266s
	iters: 12900, epoch: 6 | loss: 0.2909161
	speed: 0.0108s/iter; left time: 6101.6209s
	iters: 13000, epoch: 6 | loss: 0.2916475
	speed: 0.0106s/iter; left time: 5998.1084s
	iters: 13100, epoch: 6 | loss: 0.2970420
	speed: 0.0104s/iter; left time: 5913.1218s
	iters: 13200, epoch: 6 | loss: 0.2330987
	speed: 0.0106s/iter; left time: 6019.6976s
	iters: 13300, epoch: 6 | loss: 0.2842496
	speed: 0.0106s/iter; left time: 5987.7040s
	iters: 13400, epoch: 6 | loss: 0.2532558
	speed: 0.0106s/iter; left time: 5989.6743s
	iters: 13500, epoch: 6 | loss: 0.2945564
	speed: 0.0106s/iter; left time: 5974.1793s
	iters: 13600, epoch: 6 | loss: 0.2375398
	speed: 0.0108s/iter; left time: 6126.4072s
	iters: 13700, epoch: 6 | loss: 0.2916222
	speed: 0.0107s/iter; left time: 6056.1502s
	iters: 13800, epoch: 6 | loss: 0.2728795
	speed: 0.0107s/iter; left time: 6077.2552s
	iters: 13900, epoch: 6 | loss: 0.2752088
	speed: 0.0107s/iter; left time: 6076.3257s
	iters: 14000, epoch: 6 | loss: 0.3437225
	speed: 0.0107s/iter; left time: 6031.0944s
	iters: 14100, epoch: 6 | loss: 0.2583041
	speed: 0.0105s/iter; left time: 5965.2813s
	iters: 14200, epoch: 6 | loss: 0.2142817
	speed: 0.0106s/iter; left time: 6010.2118s
	iters: 14300, epoch: 6 | loss: 0.2683291
	speed: 0.0108s/iter; left time: 6097.9861s
	iters: 14400, epoch: 6 | loss: 0.2237033
	speed: 0.0108s/iter; left time: 6086.8106s
	iters: 14500, epoch: 6 | loss: 0.2249512
	speed: 0.0110s/iter; left time: 6212.9116s
	iters: 14600, epoch: 6 | loss: 0.2248294
	speed: 0.0109s/iter; left time: 6157.6715s
	iters: 14700, epoch: 6 | loss: 0.2911588
	speed: 0.0107s/iter; left time: 6029.3456s
	iters: 14800, epoch: 6 | loss: 0.2730099
	speed: 0.0108s/iter; left time: 6081.3685s
	iters: 14900, epoch: 6 | loss: 0.2400588
	speed: 0.0108s/iter; left time: 6093.0077s
	iters: 15000, epoch: 6 | loss: 0.2876993
	speed: 0.0138s/iter; left time: 7816.5002s
	iters: 15100, epoch: 6 | loss: 0.2143542
	speed: 0.0108s/iter; left time: 6077.5724s
	iters: 15200, epoch: 6 | loss: 0.2633357
	speed: 0.0107s/iter; left time: 6039.2147s
	iters: 15300, epoch: 6 | loss: 0.1960817
	speed: 0.0107s/iter; left time: 6037.8234s
	iters: 15400, epoch: 6 | loss: 0.3123669
	speed: 0.0107s/iter; left time: 6031.7416s
	iters: 15500, epoch: 6 | loss: 0.2393232
	speed: 0.0114s/iter; left time: 6454.6806s
	iters: 15600, epoch: 6 | loss: 0.3196957
	speed: 0.0111s/iter; left time: 6287.8667s
	iters: 15700, epoch: 6 | loss: 0.2781559
	speed: 0.0112s/iter; left time: 6296.5974s
	iters: 15800, epoch: 6 | loss: 0.3526713
	speed: 0.0111s/iter; left time: 6241.2387s
	iters: 15900, epoch: 6 | loss: 0.2312918
	speed: 0.0110s/iter; left time: 6214.7242s
	iters: 16000, epoch: 6 | loss: 0.3729156
	speed: 0.0111s/iter; left time: 6246.9339s
	iters: 16100, epoch: 6 | loss: 0.3259377
	speed: 0.0110s/iter; left time: 6173.0685s
	iters: 16200, epoch: 6 | loss: 0.2733710
	speed: 0.0112s/iter; left time: 6291.8126s
	iters: 16300, epoch: 6 | loss: 0.2965836
	speed: 0.0111s/iter; left time: 6238.5518s
	iters: 16400, epoch: 6 | loss: 0.2531003
	speed: 0.0116s/iter; left time: 6512.6647s
	iters: 16500, epoch: 6 | loss: 0.2672063
	speed: 0.0106s/iter; left time: 5950.0859s
	iters: 16600, epoch: 6 | loss: 0.3268453
	speed: 0.0106s/iter; left time: 5957.7970s
	iters: 16700, epoch: 6 | loss: 0.2765263
	speed: 0.0105s/iter; left time: 5894.5986s
	iters: 16800, epoch: 6 | loss: 0.2655191
	speed: 0.0106s/iter; left time: 5954.1873s
	iters: 16900, epoch: 6 | loss: 0.2762086
	speed: 0.0111s/iter; left time: 6221.1475s
	iters: 17000, epoch: 6 | loss: 0.3143629
	speed: 0.0107s/iter; left time: 6017.7913s
	iters: 17100, epoch: 6 | loss: 0.2724777
	speed: 0.0108s/iter; left time: 6067.6345s
	iters: 17200, epoch: 6 | loss: 0.2329889
	speed: 0.0111s/iter; left time: 6253.9562s
	iters: 17300, epoch: 6 | loss: 0.2582032
	speed: 0.0106s/iter; left time: 5961.6611s
	iters: 17400, epoch: 6 | loss: 0.2792642
	speed: 0.0110s/iter; left time: 6191.4903s
	iters: 17500, epoch: 6 | loss: 0.2434105
	speed: 0.0105s/iter; left time: 5900.2598s
	iters: 17600, epoch: 6 | loss: 0.2416200
	speed: 0.0107s/iter; left time: 6002.2238s
	iters: 17700, epoch: 6 | loss: 0.1865864
	speed: 0.0112s/iter; left time: 6279.9474s
	iters: 17800, epoch: 6 | loss: 0.1937777
	speed: 0.0135s/iter; left time: 7590.9040s
	iters: 17900, epoch: 6 | loss: 0.2614181
	speed: 0.0110s/iter; left time: 6169.6038s
	iters: 18000, epoch: 6 | loss: 0.2799268
	speed: 0.0109s/iter; left time: 6120.0251s
	iters: 18100, epoch: 6 | loss: 0.2464331
	speed: 0.0109s/iter; left time: 6112.8401s
	iters: 18200, epoch: 6 | loss: 0.2392335
	speed: 0.0109s/iter; left time: 6143.8920s
	iters: 18300, epoch: 6 | loss: 0.2451445
	speed: 0.0110s/iter; left time: 6189.3545s
	iters: 18400, epoch: 6 | loss: 0.2543469
	speed: 0.0107s/iter; left time: 6015.5442s
	iters: 18500, epoch: 6 | loss: 0.2073548
	speed: 0.0109s/iter; left time: 6138.2452s
	iters: 18600, epoch: 6 | loss: 0.2338328
	speed: 0.0107s/iter; left time: 6028.1150s
	iters: 18700, epoch: 6 | loss: 0.2325934
	speed: 0.0107s/iter; left time: 6018.7540s
	iters: 18800, epoch: 6 | loss: 0.2485314
	speed: 0.0107s/iter; left time: 5982.0058s
	iters: 18900, epoch: 6 | loss: 0.2812851
	speed: 0.0107s/iter; left time: 6021.7860s
	iters: 19000, epoch: 6 | loss: 0.3150789
	speed: 0.0106s/iter; left time: 5956.0462s
	iters: 19100, epoch: 6 | loss: 0.2635908
	speed: 0.0104s/iter; left time: 5851.4983s
	iters: 19200, epoch: 6 | loss: 0.2799256
	speed: 0.0108s/iter; left time: 6077.3063s
	iters: 19300, epoch: 6 | loss: 0.2088289
	speed: 0.0108s/iter; left time: 6077.5236s
	iters: 19400, epoch: 6 | loss: 0.2602896
	speed: 0.0109s/iter; left time: 6106.7366s
	iters: 19500, epoch: 6 | loss: 0.2725600
	speed: 0.0108s/iter; left time: 6061.4711s
	iters: 19600, epoch: 6 | loss: 0.2829263
	speed: 0.0115s/iter; left time: 6429.8751s
	iters: 19700, epoch: 6 | loss: 0.2370944
	speed: 0.0115s/iter; left time: 6468.4647s
	iters: 19800, epoch: 6 | loss: 0.2453944
	speed: 0.0111s/iter; left time: 6229.2196s
	iters: 19900, epoch: 6 | loss: 0.2537555
	speed: 0.0110s/iter; left time: 6181.9328s
	iters: 20000, epoch: 6 | loss: 0.2538347
	speed: 0.0128s/iter; left time: 7174.3880s
	iters: 20100, epoch: 6 | loss: 0.2132357
	speed: 0.0108s/iter; left time: 6057.2519s
	iters: 20200, epoch: 6 | loss: 0.2745548
	speed: 0.0110s/iter; left time: 6174.6807s
	iters: 20300, epoch: 6 | loss: 0.2477911
	speed: 0.0110s/iter; left time: 6139.5510s
	iters: 20400, epoch: 6 | loss: 0.2476265
	speed: 0.0112s/iter; left time: 6243.8704s
	iters: 20500, epoch: 6 | loss: 0.3500703
	speed: 0.0119s/iter; left time: 6679.0197s
	iters: 20600, epoch: 6 | loss: 0.2697347
	speed: 0.0120s/iter; left time: 6736.8239s
	iters: 20700, epoch: 6 | loss: 0.2860174
	speed: 0.0108s/iter; left time: 6024.9067s
	iters: 20800, epoch: 6 | loss: 0.2709917
	speed: 0.0108s/iter; left time: 6009.7017s
	iters: 20900, epoch: 6 | loss: 0.2523224
	speed: 0.0109s/iter; left time: 6076.8043s
	iters: 21000, epoch: 6 | loss: 0.2383739
	speed: 0.0116s/iter; left time: 6476.3126s
	iters: 21100, epoch: 6 | loss: 0.2217976
	speed: 0.0111s/iter; left time: 6180.8481s
	iters: 21200, epoch: 6 | loss: 0.2794754
	speed: 0.0108s/iter; left time: 6016.4407s
	iters: 21300, epoch: 6 | loss: 0.2652878
	speed: 0.0111s/iter; left time: 6194.4224s
	iters: 21400, epoch: 6 | loss: 0.3020891
	speed: 0.0108s/iter; left time: 6053.8926s
	iters: 21500, epoch: 6 | loss: 0.2468507
	speed: 0.0108s/iter; left time: 6038.0399s
	iters: 21600, epoch: 6 | loss: 0.2560885
	speed: 0.0107s/iter; left time: 5958.0616s
	iters: 21700, epoch: 6 | loss: 0.2627404
	speed: 0.0109s/iter; left time: 6062.5372s
	iters: 21800, epoch: 6 | loss: 0.2493956
	speed: 0.0108s/iter; left time: 6012.1887s
	iters: 21900, epoch: 6 | loss: 0.3057465
	speed: 0.0106s/iter; left time: 5908.6078s
	iters: 22000, epoch: 6 | loss: 0.2435158
	speed: 0.0111s/iter; left time: 6187.4930s
	iters: 22100, epoch: 6 | loss: 0.2469581
	speed: 0.0109s/iter; left time: 6098.9036s
	iters: 22200, epoch: 6 | loss: 0.2475010
	speed: 0.0107s/iter; left time: 5954.8977s
	iters: 22300, epoch: 6 | loss: 0.2323217
	speed: 0.0105s/iter; left time: 5870.1104s
	iters: 22400, epoch: 6 | loss: 0.2674433
	speed: 0.0107s/iter; left time: 5960.3957s
	iters: 22500, epoch: 6 | loss: 0.2768189
	speed: 0.0108s/iter; left time: 6039.1626s
	iters: 22600, epoch: 6 | loss: 0.2166813
	speed: 0.0107s/iter; left time: 5952.1385s
	iters: 22700, epoch: 6 | loss: 0.2272044
	speed: 0.0109s/iter; left time: 6097.7496s
	iters: 22800, epoch: 6 | loss: 0.1973695
	speed: 0.0110s/iter; left time: 6138.4472s
	iters: 22900, epoch: 6 | loss: 0.2480936
	speed: 0.0112s/iter; left time: 6252.9065s
	iters: 23000, epoch: 6 | loss: 0.2693676
	speed: 0.0108s/iter; left time: 6008.1822s
	iters: 23100, epoch: 6 | loss: 0.2504036
	speed: 0.0113s/iter; left time: 6265.8447s
Epoch: 6 cost time: 253.8295121192932
Epoch: 6, Steps: 23190 | Train Loss: 0.2670402 Vali Loss: 0.2822585
EarlyStopping counter: 5 out of 5
Early stopping
>>>>>>>testing : DLAM_96_24_cycle672_seed2024_GTRiTransformer_iTransformer_DLAM_ftMS_sl96_pl24_cycle672_dm512_el3_seed2024_0<<<<<<<<<<<<<<<<<<<<<<<<<<<<<<<<<
Loading AIML-TUDA/dlam-ts-project-data-2026 from HuggingFace...
/home/hetz/pytorch_projects/bonus_group34/.venv/lib/python3.14/site-packages/sklearn/utils/validation.py:2827: UserWarning: X does not have valid feature names, but StandardScaler was fitted with feature names
  warnings.warn(
/home/hetz/pytorch_projects/bonus_group34/.venv/lib/python3.14/site-packages/sklearn/utils/validation.py:2827: UserWarning: X does not have valid feature names, but StandardScaler was fitted with feature names
  warnings.warn(
/home/hetz/pytorch_projects/bonus_group34/.venv/lib/python3.14/site-packages/sklearn/utils/validation.py:2827: UserWarning: X does not have valid feature names, but StandardScaler was fitted with feature names
  warnings.warn(
/home/hetz/pytorch_projects/bonus_group34/.venv/lib/python3.14/site-packages/sklearn/utils/validation.py:2827: UserWarning: X does not have valid feature names, but StandardScaler was fitted with feature names
  warnings.warn(
/home/hetz/pytorch_projects/bonus_group34/.venv/lib/python3.14/site-packages/sklearn/utils/validation.py:2827: UserWarning: X does not have valid feature names, but StandardScaler was fitted with feature names
  warnings.warn(
/home/hetz/pytorch_projects/bonus_group34/.venv/lib/python3.14/site-packages/sklearn/utils/validation.py:2827: UserWarning: X does not have valid feature names, but StandardScaler was fitted with feature names
  warnings.warn(
/home/hetz/pytorch_projects/bonus_group34/.venv/lib/python3.14/site-packages/sklearn/utils/validation.py:2827: UserWarning: X does not have valid feature names, but StandardScaler was fitted with feature names
  warnings.warn(
/home/hetz/pytorch_projects/bonus_group34/.venv/lib/python3.14/site-packages/sklearn/utils/validation.py:2827: UserWarning: X does not have valid feature names, but StandardScaler was fitted with feature names
  warnings.warn(
/home/hetz/pytorch_projects/bonus_group34/.venv/lib/python3.14/site-packages/sklearn/utils/validation.py:2827: UserWarning: X does not have valid feature names, but StandardScaler was fitted with feature names
  warnings.warn(
/home/hetz/pytorch_projects/bonus_group34/.venv/lib/python3.14/site-packages/sklearn/utils/validation.py:2827: UserWarning: X does not have valid feature names, but StandardScaler was fitted with feature names
  warnings.warn(
/home/hetz/pytorch_projects/bonus_group34/.venv/lib/python3.14/site-packages/sklearn/utils/validation.py:2827: UserWarning: X does not have valid feature names, but StandardScaler was fitted with feature names
  warnings.warn(
/home/hetz/pytorch_projects/bonus_group34/.venv/lib/python3.14/site-packages/sklearn/utils/validation.py:2827: UserWarning: X does not have valid feature names, but StandardScaler was fitted with feature names
  warnings.warn(
/home/hetz/pytorch_projects/bonus_group34/.venv/lib/python3.14/site-packages/sklearn/utils/validation.py:2827: UserWarning: X does not have valid feature names, but StandardScaler was fitted with feature names
  warnings.warn(
/home/hetz/pytorch_projects/bonus_group34/.venv/lib/python3.14/site-packages/sklearn/utils/validation.py:2827: UserWarning: X does not have valid feature names, but StandardScaler was fitted with feature names
  warnings.warn(
/home/hetz/pytorch_projects/bonus_group34/.venv/lib/python3.14/site-packages/sklearn/utils/validation.py:2827: UserWarning: X does not have valid feature names, but StandardScaler was fitted with feature names
  warnings.warn(
/home/hetz/pytorch_projects/bonus_group34/.venv/lib/python3.14/site-packages/sklearn/utils/validation.py:2827: UserWarning: X does not have valid feature names, but StandardScaler was fitted with feature names
  warnings.warn(
/home/hetz/pytorch_projects/bonus_group34/.venv/lib/python3.14/site-packages/sklearn/utils/validation.py:2827: UserWarning: X does not have valid feature names, but StandardScaler was fitted with feature names
  warnings.warn(
/home/hetz/pytorch_projects/bonus_group34/.venv/lib/python3.14/site-packages/sklearn/utils/validation.py:2827: UserWarning: X does not have valid feature names, but StandardScaler was fitted with feature names
  warnings.warn(
/home/hetz/pytorch_projects/bonus_group34/.venv/lib/python3.14/site-packages/sklearn/utils/validation.py:2827: UserWarning: X does not have valid feature names, but StandardScaler was fitted with feature names
  warnings.warn(
/home/hetz/pytorch_projects/bonus_group34/.venv/lib/python3.14/site-packages/sklearn/utils/validation.py:2827: UserWarning: X does not have valid feature names, but StandardScaler was fitted with feature names
  warnings.warn(
/home/hetz/pytorch_projects/bonus_group34/.venv/lib/python3.14/site-packages/sklearn/utils/validation.py:2827: UserWarning: X does not have valid feature names, but StandardScaler was fitted with feature names
  warnings.warn(
/home/hetz/pytorch_projects/bonus_group34/.venv/lib/python3.14/site-packages/sklearn/utils/validation.py:2827: UserWarning: X does not have valid feature names, but StandardScaler was fitted with feature names
  warnings.warn(
/home/hetz/pytorch_projects/bonus_group34/.venv/lib/python3.14/site-packages/sklearn/utils/validation.py:2827: UserWarning: X does not have valid feature names, but StandardScaler was fitted with feature names
  warnings.warn(
/home/hetz/pytorch_projects/bonus_group34/.venv/lib/python3.14/site-packages/sklearn/utils/validation.py:2827: UserWarning: X does not have valid feature names, but StandardScaler was fitted with feature names
  warnings.warn(
/home/hetz/pytorch_projects/bonus_group34/.venv/lib/python3.14/site-packages/sklearn/utils/validation.py:2827: UserWarning: X does not have valid feature names, but StandardScaler was fitted with feature names
  warnings.warn(
/home/hetz/pytorch_projects/bonus_group34/.venv/lib/python3.14/site-packages/sklearn/utils/validation.py:2827: UserWarning: X does not have valid feature names, but StandardScaler was fitted with feature names
  warnings.warn(
/home/hetz/pytorch_projects/bonus_group34/.venv/lib/python3.14/site-packages/sklearn/utils/validation.py:2827: UserWarning: X does not have valid feature names, but StandardScaler was fitted with feature names
  warnings.warn(
/home/hetz/pytorch_projects/bonus_group34/.venv/lib/python3.14/site-packages/sklearn/utils/validation.py:2827: UserWarning: X does not have valid feature names, but StandardScaler was fitted with feature names
  warnings.warn(
/home/hetz/pytorch_projects/bonus_group34/.venv/lib/python3.14/site-packages/sklearn/utils/validation.py:2827: UserWarning: X does not have valid feature names, but StandardScaler was fitted with feature names
  warnings.warn(
/home/hetz/pytorch_projects/bonus_group34/.venv/lib/python3.14/site-packages/sklearn/utils/validation.py:2827: UserWarning: X does not have valid feature names, but StandardScaler was fitted with feature names
  warnings.warn(
/home/hetz/pytorch_projects/bonus_group34/.venv/lib/python3.14/site-packages/sklearn/utils/validation.py:2827: UserWarning: X does not have valid feature names, but StandardScaler was fitted with feature names
  warnings.warn(
/home/hetz/pytorch_projects/bonus_group34/.venv/lib/python3.14/site-packages/sklearn/utils/validation.py:2827: UserWarning: X does not have valid feature names, but StandardScaler was fitted with feature names
  warnings.warn(
/home/hetz/pytorch_projects/bonus_group34/.venv/lib/python3.14/site-packages/sklearn/utils/validation.py:2827: UserWarning: X does not have valid feature names, but StandardScaler was fitted with feature names
  warnings.warn(
/home/hetz/pytorch_projects/bonus_group34/.venv/lib/python3.14/site-packages/sklearn/utils/validation.py:2827: UserWarning: X does not have valid feature names, but StandardScaler was fitted with feature names
  warnings.warn(
/home/hetz/pytorch_projects/bonus_group34/.venv/lib/python3.14/site-packages/sklearn/utils/validation.py:2827: UserWarning: X does not have valid feature names, but StandardScaler was fitted with feature names
  warnings.warn(
/home/hetz/pytorch_projects/bonus_group34/.venv/lib/python3.14/site-packages/sklearn/utils/validation.py:2827: UserWarning: X does not have valid feature names, but StandardScaler was fitted with feature names
  warnings.warn(
/home/hetz/pytorch_projects/bonus_group34/.venv/lib/python3.14/site-packages/sklearn/utils/validation.py:2827: UserWarning: X does not have valid feature names, but StandardScaler was fitted with feature names
  warnings.warn(
/home/hetz/pytorch_projects/bonus_group34/.venv/lib/python3.14/site-packages/sklearn/utils/validation.py:2827: UserWarning: X does not have valid feature names, but StandardScaler was fitted with feature names
  warnings.warn(
/home/hetz/pytorch_projects/bonus_group34/.venv/lib/python3.14/site-packages/sklearn/utils/validation.py:2827: UserWarning: X does not have valid feature names, but StandardScaler was fitted with feature names
  warnings.warn(
/home/hetz/pytorch_projects/bonus_group34/.venv/lib/python3.14/site-packages/sklearn/utils/validation.py:2827: UserWarning: X does not have valid feature names, but StandardScaler was fitted with feature names
  warnings.warn(
/home/hetz/pytorch_projects/bonus_group34/.venv/lib/python3.14/site-packages/sklearn/utils/validation.py:2827: UserWarning: X does not have valid feature names, but StandardScaler was fitted with feature names
  warnings.warn(
/home/hetz/pytorch_projects/bonus_group34/.venv/lib/python3.14/site-packages/sklearn/utils/validation.py:2827: UserWarning: X does not have valid feature names, but StandardScaler was fitted with feature names
  warnings.warn(
/home/hetz/pytorch_projects/bonus_group34/.venv/lib/python3.14/site-packages/sklearn/utils/validation.py:2827: UserWarning: X does not have valid feature names, but StandardScaler was fitted with feature names
  warnings.warn(
/home/hetz/pytorch_projects/bonus_group34/.venv/lib/python3.14/site-packages/sklearn/utils/validation.py:2827: UserWarning: X does not have valid feature names, but StandardScaler was fitted with feature names
  warnings.warn(
/home/hetz/pytorch_projects/bonus_group34/.venv/lib/python3.14/site-packages/sklearn/utils/validation.py:2827: UserWarning: X does not have valid feature names, but StandardScaler was fitted with feature names
  warnings.warn(
/home/hetz/pytorch_projects/bonus_group34/.venv/lib/python3.14/site-packages/sklearn/utils/validation.py:2827: UserWarning: X does not have valid feature names, but StandardScaler was fitted with feature names
  warnings.warn(
/home/hetz/pytorch_projects/bonus_group34/.venv/lib/python3.14/site-packages/sklearn/utils/validation.py:2827: UserWarning: X does not have valid feature names, but StandardScaler was fitted with feature names
  warnings.warn(
/home/hetz/pytorch_projects/bonus_group34/.venv/lib/python3.14/site-packages/sklearn/utils/validation.py:2827: UserWarning: X does not have valid feature names, but StandardScaler was fitted with feature names
  warnings.warn(
/home/hetz/pytorch_projects/bonus_group34/.venv/lib/python3.14/site-packages/sklearn/utils/validation.py:2827: UserWarning: X does not have valid feature names, but StandardScaler was fitted with feature names
  warnings.warn(
/home/hetz/pytorch_projects/bonus_group34/.venv/lib/python3.14/site-packages/sklearn/utils/validation.py:2827: UserWarning: X does not have valid feature names, but StandardScaler was fitted with feature names
  warnings.warn(
/home/hetz/pytorch_projects/bonus_group34/.venv/lib/python3.14/site-packages/sklearn/utils/validation.py:2827: UserWarning: X does not have valid feature names, but StandardScaler was fitted with feature names
  warnings.warn(
/home/hetz/pytorch_projects/bonus_group34/.venv/lib/python3.14/site-packages/sklearn/utils/validation.py:2827: UserWarning: X does not have valid feature names, but StandardScaler was fitted with feature names
  warnings.warn(
/home/hetz/pytorch_projects/bonus_group34/.venv/lib/python3.14/site-packages/sklearn/utils/validation.py:2827: UserWarning: X does not have valid feature names, but StandardScaler was fitted with feature names
  warnings.warn(
/home/hetz/pytorch_projects/bonus_group34/.venv/lib/python3.14/site-packages/sklearn/utils/validation.py:2827: UserWarning: X does not have valid feature names, but StandardScaler was fitted with feature names
  warnings.warn(
/home/hetz/pytorch_projects/bonus_group34/.venv/lib/python3.14/site-packages/sklearn/utils/validation.py:2827: UserWarning: X does not have valid feature names, but StandardScaler was fitted with feature names
  warnings.warn(
/home/hetz/pytorch_projects/bonus_group34/.venv/lib/python3.14/site-packages/sklearn/utils/validation.py:2827: UserWarning: X does not have valid feature names, but StandardScaler was fitted with feature names
  warnings.warn(
/home/hetz/pytorch_projects/bonus_group34/.venv/lib/python3.14/site-packages/sklearn/utils/validation.py:2827: UserWarning: X does not have valid feature names, but StandardScaler was fitted with feature names
  warnings.warn(
/home/hetz/pytorch_projects/bonus_group34/.venv/lib/python3.14/site-packages/sklearn/utils/validation.py:2827: UserWarning: X does not have valid feature names, but StandardScaler was fitted with feature names
  warnings.warn(
/home/hetz/pytorch_projects/bonus_group34/.venv/lib/python3.14/site-packages/sklearn/utils/validation.py:2827: UserWarning: X does not have valid feature names, but StandardScaler was fitted with feature names
  warnings.warn(
/home/hetz/pytorch_projects/bonus_group34/.venv/lib/python3.14/site-packages/sklearn/utils/validation.py:2827: UserWarning: X does not have valid feature names, but StandardScaler was fitted with feature names
  warnings.warn(
/home/hetz/pytorch_projects/bonus_group34/.venv/lib/python3.14/site-packages/sklearn/utils/validation.py:2827: UserWarning: X does not have valid feature names, but StandardScaler was fitted with feature names
  warnings.warn(
/home/hetz/pytorch_projects/bonus_group34/.venv/lib/python3.14/site-packages/sklearn/utils/validation.py:2827: UserWarning: X does not have valid feature names, but StandardScaler was fitted with feature names
  warnings.warn(
/home/hetz/pytorch_projects/bonus_group34/.venv/lib/python3.14/site-packages/sklearn/utils/validation.py:2827: UserWarning: X does not have valid feature names, but StandardScaler was fitted with feature names
  warnings.warn(
/home/hetz/pytorch_projects/bonus_group34/.venv/lib/python3.14/site-packages/sklearn/utils/validation.py:2827: UserWarning: X does not have valid feature names, but StandardScaler was fitted with feature names
  warnings.warn(
/home/hetz/pytorch_projects/bonus_group34/.venv/lib/python3.14/site-packages/sklearn/utils/validation.py:2827: UserWarning: X does not have valid feature names, but StandardScaler was fitted with feature names
  warnings.warn(
/home/hetz/pytorch_projects/bonus_group34/.venv/lib/python3.14/site-packages/sklearn/utils/validation.py:2827: UserWarning: X does not have valid feature names, but StandardScaler was fitted with feature names
  warnings.warn(
/home/hetz/pytorch_projects/bonus_group34/.venv/lib/python3.14/site-packages/sklearn/utils/validation.py:2827: UserWarning: X does not have valid feature names, but StandardScaler was fitted with feature names
  warnings.warn(
/home/hetz/pytorch_projects/bonus_group34/.venv/lib/python3.14/site-packages/sklearn/utils/validation.py:2827: UserWarning: X does not have valid feature names, but StandardScaler was fitted with feature names
  warnings.warn(
/home/hetz/pytorch_projects/bonus_group34/.venv/lib/python3.14/site-packages/sklearn/utils/validation.py:2827: UserWarning: X does not have valid feature names, but StandardScaler was fitted with feature names
  warnings.warn(
/home/hetz/pytorch_projects/bonus_group34/.venv/lib/python3.14/site-packages/sklearn/utils/validation.py:2827: UserWarning: X does not have valid feature names, but StandardScaler was fitted with feature names
  warnings.warn(
/home/hetz/pytorch_projects/bonus_group34/.venv/lib/python3.14/site-packages/sklearn/utils/validation.py:2827: UserWarning: X does not have valid feature names, but StandardScaler was fitted with feature names
  warnings.warn(
/home/hetz/pytorch_projects/bonus_group34/.venv/lib/python3.14/site-packages/sklearn/utils/validation.py:2827: UserWarning: X does not have valid feature names, but StandardScaler was fitted with feature names
  warnings.warn(
/home/hetz/pytorch_projects/bonus_group34/.venv/lib/python3.14/site-packages/sklearn/utils/validation.py:2827: UserWarning: X does not have valid feature names, but StandardScaler was fitted with feature names
  warnings.warn(
/home/hetz/pytorch_projects/bonus_group34/.venv/lib/python3.14/site-packages/sklearn/utils/validation.py:2827: UserWarning: X does not have valid feature names, but StandardScaler was fitted with feature names
  warnings.warn(
/home/hetz/pytorch_projects/bonus_group34/.venv/lib/python3.14/site-packages/sklearn/utils/validation.py:2827: UserWarning: X does not have valid feature names, but StandardScaler was fitted with feature names
  warnings.warn(
/home/hetz/pytorch_projects/bonus_group34/.venv/lib/python3.14/site-packages/sklearn/utils/validation.py:2827: UserWarning: X does not have valid feature names, but StandardScaler was fitted with feature names
  warnings.warn(
/home/hetz/pytorch_projects/bonus_group34/.venv/lib/python3.14/site-packages/sklearn/utils/validation.py:2827: UserWarning: X does not have valid feature names, but StandardScaler was fitted with feature names
  warnings.warn(
/home/hetz/pytorch_projects/bonus_group34/.venv/lib/python3.14/site-packages/sklearn/utils/validation.py:2827: UserWarning: X does not have valid feature names, but StandardScaler was fitted with feature names
  warnings.warn(
/home/hetz/pytorch_projects/bonus_group34/.venv/lib/python3.14/site-packages/sklearn/utils/validation.py:2827: UserWarning: X does not have valid feature names, but StandardScaler was fitted with feature names
  warnings.warn(
/home/hetz/pytorch_projects/bonus_group34/.venv/lib/python3.14/site-packages/sklearn/utils/validation.py:2827: UserWarning: X does not have valid feature names, but StandardScaler was fitted with feature names
  warnings.warn(
/home/hetz/pytorch_projects/bonus_group34/.venv/lib/python3.14/site-packages/sklearn/utils/validation.py:2827: UserWarning: X does not have valid feature names, but StandardScaler was fitted with feature names
  warnings.warn(
/home/hetz/pytorch_projects/bonus_group34/.venv/lib/python3.14/site-packages/sklearn/utils/validation.py:2827: UserWarning: X does not have valid feature names, but StandardScaler was fitted with feature names
  warnings.warn(
/home/hetz/pytorch_projects/bonus_group34/.venv/lib/python3.14/site-packages/sklearn/utils/validation.py:2827: UserWarning: X does not have valid feature names, but StandardScaler was fitted with feature names
  warnings.warn(
/home/hetz/pytorch_projects/bonus_group34/.venv/lib/python3.14/site-packages/sklearn/utils/validation.py:2827: UserWarning: X does not have valid feature names, but StandardScaler was fitted with feature names
  warnings.warn(
/home/hetz/pytorch_projects/bonus_group34/.venv/lib/python3.14/site-packages/sklearn/utils/validation.py:2827: UserWarning: X does not have valid feature names, but StandardScaler was fitted with feature names
  warnings.warn(
/home/hetz/pytorch_projects/bonus_group34/.venv/lib/python3.14/site-packages/sklearn/utils/validation.py:2827: UserWarning: X does not have valid feature names, but StandardScaler was fitted with feature names
  warnings.warn(
/home/hetz/pytorch_projects/bonus_group34/.venv/lib/python3.14/site-packages/sklearn/utils/validation.py:2827: UserWarning: X does not have valid feature names, but StandardScaler was fitted with feature names
  warnings.warn(
/home/hetz/pytorch_projects/bonus_group34/.venv/lib/python3.14/site-packages/sklearn/utils/validation.py:2827: UserWarning: X does not have valid feature names, but StandardScaler was fitted with feature names
  warnings.warn(
/home/hetz/pytorch_projects/bonus_group34/.venv/lib/python3.14/site-packages/sklearn/utils/validation.py:2827: UserWarning: X does not have valid feature names, but StandardScaler was fitted with feature names
  warnings.warn(
/home/hetz/pytorch_projects/bonus_group34/.venv/lib/python3.14/site-packages/sklearn/utils/validation.py:2827: UserWarning: X does not have valid feature names, but StandardScaler was fitted with feature names
  warnings.warn(
/home/hetz/pytorch_projects/bonus_group34/.venv/lib/python3.14/site-packages/sklearn/utils/validation.py:2827: UserWarning: X does not have valid feature names, but StandardScaler was fitted with feature names
  warnings.warn(
/home/hetz/pytorch_projects/bonus_group34/.venv/lib/python3.14/site-packages/sklearn/utils/validation.py:2827: UserWarning: X does not have valid feature names, but StandardScaler was fitted with feature names
  warnings.warn(
/home/hetz/pytorch_projects/bonus_group34/.venv/lib/python3.14/site-packages/sklearn/utils/validation.py:2827: UserWarning: X does not have valid feature names, but StandardScaler was fitted with feature names
  warnings.warn(
/home/hetz/pytorch_projects/bonus_group34/.venv/lib/python3.14/site-packages/sklearn/utils/validation.py:2827: UserWarning: X does not have valid feature names, but StandardScaler was fitted with feature names
  warnings.warn(
/home/hetz/pytorch_projects/bonus_group34/.venv/lib/python3.14/site-packages/sklearn/utils/validation.py:2827: UserWarning: X does not have valid feature names, but StandardScaler was fitted with feature names
  warnings.warn(
/home/hetz/pytorch_projects/bonus_group34/.venv/lib/python3.14/site-packages/sklearn/utils/validation.py:2827: UserWarning: X does not have valid feature names, but StandardScaler was fitted with feature names
  warnings.warn(
val 30048
mse:14.79529094696045, mae:2.697145700454712, wape:0.2519865036010742
>>>>>>>predicting : DLAM_96_24_cycle672_seed2024_GTRiTransformer_iTransformer_DLAM_ftMS_sl96_pl24_cycle672_dm512_el3_seed2024_0<<<<<<<<<<<<<<<<<<<<<<<<<<<<<<<<<
Loading AIML-TUDA/dlam-ts-project-data-2026 from HuggingFace...
/home/hetz/pytorch_projects/bonus_group34/.venv/lib/python3.14/site-packages/sklearn/utils/validation.py:2827: UserWarning: X does not have valid feature names, but StandardScaler was fitted with feature names
  warnings.warn(
/home/hetz/pytorch_projects/bonus_group34/.venv/lib/python3.14/site-packages/sklearn/utils/validation.py:2827: UserWarning: X does not have valid feature names, but StandardScaler was fitted with feature names
  warnings.warn(
/home/hetz/pytorch_projects/bonus_group34/.venv/lib/python3.14/site-packages/sklearn/utils/validation.py:2827: UserWarning: X does not have valid feature names, but StandardScaler was fitted with feature names
  warnings.warn(
/home/hetz/pytorch_projects/bonus_group34/.venv/lib/python3.14/site-packages/sklearn/utils/validation.py:2827: UserWarning: X does not have valid feature names, but StandardScaler was fitted with feature names
  warnings.warn(
/home/hetz/pytorch_projects/bonus_group34/.venv/lib/python3.14/site-packages/sklearn/utils/validation.py:2827: UserWarning: X does not have valid feature names, but StandardScaler was fitted with feature names
  warnings.warn(
/home/hetz/pytorch_projects/bonus_group34/.venv/lib/python3.14/site-packages/sklearn/utils/validation.py:2827: UserWarning: X does not have valid feature names, but StandardScaler was fitted with feature names
  warnings.warn(
/home/hetz/pytorch_projects/bonus_group34/.venv/lib/python3.14/site-packages/sklearn/utils/validation.py:2827: UserWarning: X does not have valid feature names, but StandardScaler was fitted with feature names
  warnings.warn(
/home/hetz/pytorch_projects/bonus_group34/.venv/lib/python3.14/site-packages/sklearn/utils/validation.py:2827: UserWarning: X does not have valid feature names, but StandardScaler was fitted with feature names
  warnings.warn(
/home/hetz/pytorch_projects/bonus_group34/.venv/lib/python3.14/site-packages/sklearn/utils/validation.py:2827: UserWarning: X does not have valid feature names, but StandardScaler was fitted with feature names
  warnings.warn(
/home/hetz/pytorch_projects/bonus_group34/.venv/lib/python3.14/site-packages/sklearn/utils/validation.py:2827: UserWarning: X does not have valid feature names, but StandardScaler was fitted with feature names
  warnings.warn(
/home/hetz/pytorch_projects/bonus_group34/.venv/lib/python3.14/site-packages/sklearn/utils/validation.py:2827: UserWarning: X does not have valid feature names, but StandardScaler was fitted with feature names
  warnings.warn(
/home/hetz/pytorch_projects/bonus_group34/.venv/lib/python3.14/site-packages/sklearn/utils/validation.py:2827: UserWarning: X does not have valid feature names, but StandardScaler was fitted with feature names
  warnings.warn(
/home/hetz/pytorch_projects/bonus_group34/.venv/lib/python3.14/site-packages/sklearn/utils/validation.py:2827: UserWarning: X does not have valid feature names, but StandardScaler was fitted with feature names
  warnings.warn(
/home/hetz/pytorch_projects/bonus_group34/.venv/lib/python3.14/site-packages/sklearn/utils/validation.py:2827: UserWarning: X does not have valid feature names, but StandardScaler was fitted with feature names
  warnings.warn(
/home/hetz/pytorch_projects/bonus_group34/.venv/lib/python3.14/site-packages/sklearn/utils/validation.py:2827: UserWarning: X does not have valid feature names, but StandardScaler was fitted with feature names
  warnings.warn(
/home/hetz/pytorch_projects/bonus_group34/.venv/lib/python3.14/site-packages/sklearn/utils/validation.py:2827: UserWarning: X does not have valid feature names, but StandardScaler was fitted with feature names
  warnings.warn(
/home/hetz/pytorch_projects/bonus_group34/.venv/lib/python3.14/site-packages/sklearn/utils/validation.py:2827: UserWarning: X does not have valid feature names, but StandardScaler was fitted with feature names
  warnings.warn(
/home/hetz/pytorch_projects/bonus_group34/.venv/lib/python3.14/site-packages/sklearn/utils/validation.py:2827: UserWarning: X does not have valid feature names, but StandardScaler was fitted with feature names
  warnings.warn(
/home/hetz/pytorch_projects/bonus_group34/.venv/lib/python3.14/site-packages/sklearn/utils/validation.py:2827: UserWarning: X does not have valid feature names, but StandardScaler was fitted with feature names
  warnings.warn(
/home/hetz/pytorch_projects/bonus_group34/.venv/lib/python3.14/site-packages/sklearn/utils/validation.py:2827: UserWarning: X does not have valid feature names, but StandardScaler was fitted with feature names
  warnings.warn(
/home/hetz/pytorch_projects/bonus_group34/.venv/lib/python3.14/site-packages/sklearn/utils/validation.py:2827: UserWarning: X does not have valid feature names, but StandardScaler was fitted with feature names
  warnings.warn(
/home/hetz/pytorch_projects/bonus_group34/.venv/lib/python3.14/site-packages/sklearn/utils/validation.py:2827: UserWarning: X does not have valid feature names, but StandardScaler was fitted with feature names
  warnings.warn(
/home/hetz/pytorch_projects/bonus_group34/.venv/lib/python3.14/site-packages/sklearn/utils/validation.py:2827: UserWarning: X does not have valid feature names, but StandardScaler was fitted with feature names
  warnings.warn(
/home/hetz/pytorch_projects/bonus_group34/.venv/lib/python3.14/site-packages/sklearn/utils/validation.py:2827: UserWarning: X does not have valid feature names, but StandardScaler was fitted with feature names
  warnings.warn(
/home/hetz/pytorch_projects/bonus_group34/.venv/lib/python3.14/site-packages/sklearn/utils/validation.py:2827: UserWarning: X does not have valid feature names, but StandardScaler was fitted with feature names
  warnings.warn(
/home/hetz/pytorch_projects/bonus_group34/.venv/lib/python3.14/site-packages/sklearn/utils/validation.py:2827: UserWarning: X does not have valid feature names, but StandardScaler was fitted with feature names
  warnings.warn(
/home/hetz/pytorch_projects/bonus_group34/.venv/lib/python3.14/site-packages/sklearn/utils/validation.py:2827: UserWarning: X does not have valid feature names, but StandardScaler was fitted with feature names
  warnings.warn(
/home/hetz/pytorch_projects/bonus_group34/.venv/lib/python3.14/site-packages/sklearn/utils/validation.py:2827: UserWarning: X does not have valid feature names, but StandardScaler was fitted with feature names
  warnings.warn(
/home/hetz/pytorch_projects/bonus_group34/.venv/lib/python3.14/site-packages/sklearn/utils/validation.py:2827: UserWarning: X does not have valid feature names, but StandardScaler was fitted with feature names
  warnings.warn(
/home/hetz/pytorch_projects/bonus_group34/.venv/lib/python3.14/site-packages/sklearn/utils/validation.py:2827: UserWarning: X does not have valid feature names, but StandardScaler was fitted with feature names
  warnings.warn(
/home/hetz/pytorch_projects/bonus_group34/.venv/lib/python3.14/site-packages/sklearn/utils/validation.py:2827: UserWarning: X does not have valid feature names, but StandardScaler was fitted with feature names
  warnings.warn(
/home/hetz/pytorch_projects/bonus_group34/.venv/lib/python3.14/site-packages/sklearn/utils/validation.py:2827: UserWarning: X does not have valid feature names, but StandardScaler was fitted with feature names
  warnings.warn(
/home/hetz/pytorch_projects/bonus_group34/.venv/lib/python3.14/site-packages/sklearn/utils/validation.py:2827: UserWarning: X does not have valid feature names, but StandardScaler was fitted with feature names
  warnings.warn(
/home/hetz/pytorch_projects/bonus_group34/.venv/lib/python3.14/site-packages/sklearn/utils/validation.py:2827: UserWarning: X does not have valid feature names, but StandardScaler was fitted with feature names
  warnings.warn(
/home/hetz/pytorch_projects/bonus_group34/.venv/lib/python3.14/site-packages/sklearn/utils/validation.py:2827: UserWarning: X does not have valid feature names, but StandardScaler was fitted with feature names
  warnings.warn(
/home/hetz/pytorch_projects/bonus_group34/.venv/lib/python3.14/site-packages/sklearn/utils/validation.py:2827: UserWarning: X does not have valid feature names, but StandardScaler was fitted with feature names
  warnings.warn(
/home/hetz/pytorch_projects/bonus_group34/.venv/lib/python3.14/site-packages/sklearn/utils/validation.py:2827: UserWarning: X does not have valid feature names, but StandardScaler was fitted with feature names
  warnings.warn(
/home/hetz/pytorch_projects/bonus_group34/.venv/lib/python3.14/site-packages/sklearn/utils/validation.py:2827: UserWarning: X does not have valid feature names, but StandardScaler was fitted with feature names
  warnings.warn(
/home/hetz/pytorch_projects/bonus_group34/.venv/lib/python3.14/site-packages/sklearn/utils/validation.py:2827: UserWarning: X does not have valid feature names, but StandardScaler was fitted with feature names
  warnings.warn(
/home/hetz/pytorch_projects/bonus_group34/.venv/lib/python3.14/site-packages/sklearn/utils/validation.py:2827: UserWarning: X does not have valid feature names, but StandardScaler was fitted with feature names
  warnings.warn(
/home/hetz/pytorch_projects/bonus_group34/.venv/lib/python3.14/site-packages/sklearn/utils/validation.py:2827: UserWarning: X does not have valid feature names, but StandardScaler was fitted with feature names
  warnings.warn(
/home/hetz/pytorch_projects/bonus_group34/.venv/lib/python3.14/site-packages/sklearn/utils/validation.py:2827: UserWarning: X does not have valid feature names, but StandardScaler was fitted with feature names
  warnings.warn(
/home/hetz/pytorch_projects/bonus_group34/.venv/lib/python3.14/site-packages/sklearn/utils/validation.py:2827: UserWarning: X does not have valid feature names, but StandardScaler was fitted with feature names
  warnings.warn(
/home/hetz/pytorch_projects/bonus_group34/.venv/lib/python3.14/site-packages/sklearn/utils/validation.py:2827: UserWarning: X does not have valid feature names, but StandardScaler was fitted with feature names
  warnings.warn(
/home/hetz/pytorch_projects/bonus_group34/.venv/lib/python3.14/site-packages/sklearn/utils/validation.py:2827: UserWarning: X does not have valid feature names, but StandardScaler was fitted with feature names
  warnings.warn(
/home/hetz/pytorch_projects/bonus_group34/.venv/lib/python3.14/site-packages/sklearn/utils/validation.py:2827: UserWarning: X does not have valid feature names, but StandardScaler was fitted with feature names
  warnings.warn(
/home/hetz/pytorch_projects/bonus_group34/.venv/lib/python3.14/site-packages/sklearn/utils/validation.py:2827: UserWarning: X does not have valid feature names, but StandardScaler was fitted with feature names
  warnings.warn(
/home/hetz/pytorch_projects/bonus_group34/.venv/lib/python3.14/site-packages/sklearn/utils/validation.py:2827: UserWarning: X does not have valid feature names, but StandardScaler was fitted with feature names
  warnings.warn(
/home/hetz/pytorch_projects/bonus_group34/.venv/lib/python3.14/site-packages/sklearn/utils/validation.py:2827: UserWarning: X does not have valid feature names, but StandardScaler was fitted with feature names
  warnings.warn(
/home/hetz/pytorch_projects/bonus_group34/.venv/lib/python3.14/site-packages/sklearn/utils/validation.py:2827: UserWarning: X does not have valid feature names, but StandardScaler was fitted with feature names
  warnings.warn(
/home/hetz/pytorch_projects/bonus_group34/.venv/lib/python3.14/site-packages/sklearn/utils/validation.py:2827: UserWarning: X does not have valid feature names, but StandardScaler was fitted with feature names
  warnings.warn(
/home/hetz/pytorch_projects/bonus_group34/.venv/lib/python3.14/site-packages/sklearn/utils/validation.py:2827: UserWarning: X does not have valid feature names, but StandardScaler was fitted with feature names
  warnings.warn(
/home/hetz/pytorch_projects/bonus_group34/.venv/lib/python3.14/site-packages/sklearn/utils/validation.py:2827: UserWarning: X does not have valid feature names, but StandardScaler was fitted with feature names
  warnings.warn(
/home/hetz/pytorch_projects/bonus_group34/.venv/lib/python3.14/site-packages/sklearn/utils/validation.py:2827: UserWarning: X does not have valid feature names, but StandardScaler was fitted with feature names
  warnings.warn(
/home/hetz/pytorch_projects/bonus_group34/.venv/lib/python3.14/site-packages/sklearn/utils/validation.py:2827: UserWarning: X does not have valid feature names, but StandardScaler was fitted with feature names
  warnings.warn(
/home/hetz/pytorch_projects/bonus_group34/.venv/lib/python3.14/site-packages/sklearn/utils/validation.py:2827: UserWarning: X does not have valid feature names, but StandardScaler was fitted with feature names
  warnings.warn(
/home/hetz/pytorch_projects/bonus_group34/.venv/lib/python3.14/site-packages/sklearn/utils/validation.py:2827: UserWarning: X does not have valid feature names, but StandardScaler was fitted with feature names
  warnings.warn(
/home/hetz/pytorch_projects/bonus_group34/.venv/lib/python3.14/site-packages/sklearn/utils/validation.py:2827: UserWarning: X does not have valid feature names, but StandardScaler was fitted with feature names
  warnings.warn(
/home/hetz/pytorch_projects/bonus_group34/.venv/lib/python3.14/site-packages/sklearn/utils/validation.py:2827: UserWarning: X does not have valid feature names, but StandardScaler was fitted with feature names
  warnings.warn(
/home/hetz/pytorch_projects/bonus_group34/.venv/lib/python3.14/site-packages/sklearn/utils/validation.py:2827: UserWarning: X does not have valid feature names, but StandardScaler was fitted with feature names
  warnings.warn(
/home/hetz/pytorch_projects/bonus_group34/.venv/lib/python3.14/site-packages/sklearn/utils/validation.py:2827: UserWarning: X does not have valid feature names, but StandardScaler was fitted with feature names
  warnings.warn(
/home/hetz/pytorch_projects/bonus_group34/.venv/lib/python3.14/site-packages/sklearn/utils/validation.py:2827: UserWarning: X does not have valid feature names, but StandardScaler was fitted with feature names
  warnings.warn(
/home/hetz/pytorch_projects/bonus_group34/.venv/lib/python3.14/site-packages/sklearn/utils/validation.py:2827: UserWarning: X does not have valid feature names, but StandardScaler was fitted with feature names
  warnings.warn(
/home/hetz/pytorch_projects/bonus_group34/.venv/lib/python3.14/site-packages/sklearn/utils/validation.py:2827: UserWarning: X does not have valid feature names, but StandardScaler was fitted with feature names
  warnings.warn(
/home/hetz/pytorch_projects/bonus_group34/.venv/lib/python3.14/site-packages/sklearn/utils/validation.py:2827: UserWarning: X does not have valid feature names, but StandardScaler was fitted with feature names
  warnings.warn(
/home/hetz/pytorch_projects/bonus_group34/.venv/lib/python3.14/site-packages/sklearn/utils/validation.py:2827: UserWarning: X does not have valid feature names, but StandardScaler was fitted with feature names
  warnings.warn(
/home/hetz/pytorch_projects/bonus_group34/.venv/lib/python3.14/site-packages/sklearn/utils/validation.py:2827: UserWarning: X does not have valid feature names, but StandardScaler was fitted with feature names
  warnings.warn(
/home/hetz/pytorch_projects/bonus_group34/.venv/lib/python3.14/site-packages/sklearn/utils/validation.py:2827: UserWarning: X does not have valid feature names, but StandardScaler was fitted with feature names
  warnings.warn(
/home/hetz/pytorch_projects/bonus_group34/.venv/lib/python3.14/site-packages/sklearn/utils/validation.py:2827: UserWarning: X does not have valid feature names, but StandardScaler was fitted with feature names
  warnings.warn(
/home/hetz/pytorch_projects/bonus_group34/.venv/lib/python3.14/site-packages/sklearn/utils/validation.py:2827: UserWarning: X does not have valid feature names, but StandardScaler was fitted with feature names
  warnings.warn(
/home/hetz/pytorch_projects/bonus_group34/.venv/lib/python3.14/site-packages/sklearn/utils/validation.py:2827: UserWarning: X does not have valid feature names, but StandardScaler was fitted with feature names
  warnings.warn(
/home/hetz/pytorch_projects/bonus_group34/.venv/lib/python3.14/site-packages/sklearn/utils/validation.py:2827: UserWarning: X does not have valid feature names, but StandardScaler was fitted with feature names
  warnings.warn(
/home/hetz/pytorch_projects/bonus_group34/.venv/lib/python3.14/site-packages/sklearn/utils/validation.py:2827: UserWarning: X does not have valid feature names, but StandardScaler was fitted with feature names
  warnings.warn(
/home/hetz/pytorch_projects/bonus_group34/.venv/lib/python3.14/site-packages/sklearn/utils/validation.py:2827: UserWarning: X does not have valid feature names, but StandardScaler was fitted with feature names
  warnings.warn(
/home/hetz/pytorch_projects/bonus_group34/.venv/lib/python3.14/site-packages/sklearn/utils/validation.py:2827: UserWarning: X does not have valid feature names, but StandardScaler was fitted with feature names
  warnings.warn(
/home/hetz/pytorch_projects/bonus_group34/.venv/lib/python3.14/site-packages/sklearn/utils/validation.py:2827: UserWarning: X does not have valid feature names, but StandardScaler was fitted with feature names
  warnings.warn(
/home/hetz/pytorch_projects/bonus_group34/.venv/lib/python3.14/site-packages/sklearn/utils/validation.py:2827: UserWarning: X does not have valid feature names, but StandardScaler was fitted with feature names
  warnings.warn(
/home/hetz/pytorch_projects/bonus_group34/.venv/lib/python3.14/site-packages/sklearn/utils/validation.py:2827: UserWarning: X does not have valid feature names, but StandardScaler was fitted with feature names
  warnings.warn(
/home/hetz/pytorch_projects/bonus_group34/.venv/lib/python3.14/site-packages/sklearn/utils/validation.py:2827: UserWarning: X does not have valid feature names, but StandardScaler was fitted with feature names
  warnings.warn(
/home/hetz/pytorch_projects/bonus_group34/.venv/lib/python3.14/site-packages/sklearn/utils/validation.py:2827: UserWarning: X does not have valid feature names, but StandardScaler was fitted with feature names
  warnings.warn(
/home/hetz/pytorch_projects/bonus_group34/.venv/lib/python3.14/site-packages/sklearn/utils/validation.py:2827: UserWarning: X does not have valid feature names, but StandardScaler was fitted with feature names
  warnings.warn(
/home/hetz/pytorch_projects/bonus_group34/.venv/lib/python3.14/site-packages/sklearn/utils/validation.py:2827: UserWarning: X does not have valid feature names, but StandardScaler was fitted with feature names
  warnings.warn(
/home/hetz/pytorch_projects/bonus_group34/.venv/lib/python3.14/site-packages/sklearn/utils/validation.py:2827: UserWarning: X does not have valid feature names, but StandardScaler was fitted with feature names
  warnings.warn(
/home/hetz/pytorch_projects/bonus_group34/.venv/lib/python3.14/site-packages/sklearn/utils/validation.py:2827: UserWarning: X does not have valid feature names, but StandardScaler was fitted with feature names
  warnings.warn(
/home/hetz/pytorch_projects/bonus_group34/.venv/lib/python3.14/site-packages/sklearn/utils/validation.py:2827: UserWarning: X does not have valid feature names, but StandardScaler was fitted with feature names
  warnings.warn(
/home/hetz/pytorch_projects/bonus_group34/.venv/lib/python3.14/site-packages/sklearn/utils/validation.py:2827: UserWarning: X does not have valid feature names, but StandardScaler was fitted with feature names
  warnings.warn(
/home/hetz/pytorch_projects/bonus_group34/.venv/lib/python3.14/site-packages/sklearn/utils/validation.py:2827: UserWarning: X does not have valid feature names, but StandardScaler was fitted with feature names
  warnings.warn(
/home/hetz/pytorch_projects/bonus_group34/.venv/lib/python3.14/site-packages/sklearn/utils/validation.py:2827: UserWarning: X does not have valid feature names, but StandardScaler was fitted with feature names
  warnings.warn(
/home/hetz/pytorch_projects/bonus_group34/.venv/lib/python3.14/site-packages/sklearn/utils/validation.py:2827: UserWarning: X does not have valid feature names, but StandardScaler was fitted with feature names
  warnings.warn(
/home/hetz/pytorch_projects/bonus_group34/.venv/lib/python3.14/site-packages/sklearn/utils/validation.py:2827: UserWarning: X does not have valid feature names, but StandardScaler was fitted with feature names
  warnings.warn(
/home/hetz/pytorch_projects/bonus_group34/.venv/lib/python3.14/site-packages/sklearn/utils/validation.py:2827: UserWarning: X does not have valid feature names, but StandardScaler was fitted with feature names
  warnings.warn(
/home/hetz/pytorch_projects/bonus_group34/.venv/lib/python3.14/site-packages/sklearn/utils/validation.py:2827: UserWarning: X does not have valid feature names, but StandardScaler was fitted with feature names
  warnings.warn(
/home/hetz/pytorch_projects/bonus_group34/.venv/lib/python3.14/site-packages/sklearn/utils/validation.py:2827: UserWarning: X does not have valid feature names, but StandardScaler was fitted with feature names
  warnings.warn(
/home/hetz/pytorch_projects/bonus_group34/.venv/lib/python3.14/site-packages/sklearn/utils/validation.py:2827: UserWarning: X does not have valid feature names, but StandardScaler was fitted with feature names
  warnings.warn(
/home/hetz/pytorch_projects/bonus_group34/.venv/lib/python3.14/site-packages/sklearn/utils/validation.py:2827: UserWarning: X does not have valid feature names, but StandardScaler was fitted with feature names
  warnings.warn(
/home/hetz/pytorch_projects/bonus_group34/.venv/lib/python3.14/site-packages/sklearn/utils/validation.py:2827: UserWarning: X does not have valid feature names, but StandardScaler was fitted with feature names
  warnings.warn(
pred 96
saved predictions: (1344, 24) -> ./results/DLAM_96_24_cycle672_seed2024_GTRiTransformer_iTransformer_DLAM_ftMS_sl96_pl24_cycle672_dm512_el3_seed2024_0/real_prediction.npy
(32256,)
Expected submission rows: 32256
predictions: 32256
forecast index: 32256
  series_id            timestamp  prediction
0  unit_000  2023-06-30 00:00:00    6.736746
1  unit_000  2023-06-30 01:00:00    6.153371
2  unit_000  2023-06-30 02:00:00    7.190483
3  unit_000  2023-06-30 03:00:00    7.330925
4  unit_000  2023-06-30 04:00:00    7.698236
(32256, 3)
