Args in experiment:
Namespace(random_seed=2024, is_training=1, model_id='DLAM_96_24_cycle168_seed2024', model='GTRiTransformer', data='DLAM', root_path='./', data_path='', features='MS', freq='h', scale=True, checkpoints='./checkpoints/', seq_len=96, label_len=0, pred_len=24, est_horizon=336, do_predict=True, cycle=168, period_len=24, use_revin=False, backbone='iTransformer', enc_in=23, d_model=512, n_heads=8, e_layers=3, d_ff=512, factor=5, dropout=0.0, embed='timeF', activation='gelu', output_attention=False, individual=False, num_workers=0, itr=1, train_epochs=30, batch_size=16, patience=5, learning_rate=0.0005, des='test', loss='huber', lradj='type3', pct_start=0.3, use_amp=True, use_gpu=True, gpu=0, use_multi_gpu=False, devices='0,1', cycle_len=168)
>>>>>>>start training : DLAM_96_24_cycle168_seed2024_GTRiTransformer_iTransformer_DLAM_ftMS_sl96_pl24_cycle168_dm512_el3_seed2024_0>>>>>>>>>>>>>>>>>>>>>>>>>>
Loading AIML-TUDA/dlam-ts-project-data-2026 from HuggingFace...
/home/hetz/pytorch_projects/bonus_group34/.venv/lib/python3.14/site-packages/sklearn/utils/validation.py:2827: UserWarning: X does not have valid feature names, but StandardScaler was fitted with feature names
  warnings.warn(
/home/hetz/pytorch_projects/bonus_group34/.venv/lib/python3.14/site-packages/sklearn/utils/validation.py:2827: UserWarning: X does not have valid feature names, but StandardScaler was fitted with feature names
  warnings.warn(
/home/hetz/pytorch_projects/bonus_group34/.venv/lib/python3.14/site-packages/sklearn/utils/validation.py:2827: UserWarning: X does not have valid feature names, but StandardScaler was fitted with feature names
  warnings.warn(
/home/hetz/pytorch_projects/bonus_group34/.venv/lib/python3.14/site-packages/sklearn/utils/validation.py:2827: UserWarning: X does not have valid feature names, but StandardScaler was fitted with feature names
  warnings.warn(
/home/hetz/pytorch_projects/bonus_group34/.venv/lib/python3.14/site-packages/sklearn/utils/validation.py:2827: UserWarning: X does not have valid feature names, but StandardScaler was fitted with feature names
  warnings.warn(
/home/hetz/pytorch_projects/bonus_group34/.venv/lib/python3.14/site-packages/sklearn/utils/validation.py:2827: UserWarning: X does not have valid feature names, but StandardScaler was fitted with feature names
  warnings.warn(
/home/hetz/pytorch_projects/bonus_group34/.venv/lib/python3.14/site-packages/sklearn/utils/validation.py:2827: UserWarning: X does not have valid feature names, but StandardScaler was fitted with feature names
  warnings.warn(
/home/hetz/pytorch_projects/bonus_group34/.venv/lib/python3.14/site-packages/sklearn/utils/validation.py:2827: UserWarning: X does not have valid feature names, but StandardScaler was fitted with feature names
  warnings.warn(
/home/hetz/pytorch_projects/bonus_group34/.venv/lib/python3.14/site-packages/sklearn/utils/validation.py:2827: UserWarning: X does not have valid feature names, but StandardScaler was fitted with feature names
  warnings.warn(
/home/hetz/pytorch_projects/bonus_group34/.venv/lib/python3.14/site-packages/sklearn/utils/validation.py:2827: UserWarning: X does not have valid feature names, but StandardScaler was fitted with feature names
  warnings.warn(
/home/hetz/pytorch_projects/bonus_group34/.venv/lib/python3.14/site-packages/sklearn/utils/validation.py:2827: UserWarning: X does not have valid feature names, but StandardScaler was fitted with feature names
  warnings.warn(
/home/hetz/pytorch_projects/bonus_group34/.venv/lib/python3.14/site-packages/sklearn/utils/validation.py:2827: UserWarning: X does not have valid feature names, but StandardScaler was fitted with feature names
  warnings.warn(
/home/hetz/pytorch_projects/bonus_group34/.venv/lib/python3.14/site-packages/sklearn/utils/validation.py:2827: UserWarning: X does not have valid feature names, but StandardScaler was fitted with feature names
  warnings.warn(
/home/hetz/pytorch_projects/bonus_group34/.venv/lib/python3.14/site-packages/sklearn/utils/validation.py:2827: UserWarning: X does not have valid feature names, but StandardScaler was fitted with feature names
  warnings.warn(
/home/hetz/pytorch_projects/bonus_group34/.venv/lib/python3.14/site-packages/sklearn/utils/validation.py:2827: UserWarning: X does not have valid feature names, but StandardScaler was fitted with feature names
  warnings.warn(
/home/hetz/pytorch_projects/bonus_group34/.venv/lib/python3.14/site-packages/sklearn/utils/validation.py:2827: UserWarning: X does not have valid feature names, but StandardScaler was fitted with feature names
  warnings.warn(
/home/hetz/pytorch_projects/bonus_group34/.venv/lib/python3.14/site-packages/sklearn/utils/validation.py:2827: UserWarning: X does not have valid feature names, but StandardScaler was fitted with feature names
  warnings.warn(
/home/hetz/pytorch_projects/bonus_group34/.venv/lib/python3.14/site-packages/sklearn/utils/validation.py:2827: UserWarning: X does not have valid feature names, but StandardScaler was fitted with feature names
  warnings.warn(
/home/hetz/pytorch_projects/bonus_group34/.venv/lib/python3.14/site-packages/sklearn/utils/validation.py:2827: UserWarning: X does not have valid feature names, but StandardScaler was fitted with feature names
  warnings.warn(
/home/hetz/pytorch_projects/bonus_group34/.venv/lib/python3.14/site-packages/sklearn/utils/validation.py:2827: UserWarning: X does not have valid feature names, but StandardScaler was fitted with feature names
  warnings.warn(
/home/hetz/pytorch_projects/bonus_group34/.venv/lib/python3.14/site-packages/sklearn/utils/validation.py:2827: UserWarning: X does not have valid feature names, but StandardScaler was fitted with feature names
  warnings.warn(
/home/hetz/pytorch_projects/bonus_group34/.venv/lib/python3.14/site-packages/sklearn/utils/validation.py:2827: UserWarning: X does not have valid feature names, but StandardScaler was fitted with feature names
  warnings.warn(
/home/hetz/pytorch_projects/bonus_group34/.venv/lib/python3.14/site-packages/sklearn/utils/validation.py:2827: UserWarning: X does not have valid feature names, but StandardScaler was fitted with feature names
  warnings.warn(
/home/hetz/pytorch_projects/bonus_group34/.venv/lib/python3.14/site-packages/sklearn/utils/validation.py:2827: UserWarning: X does not have valid feature names, but StandardScaler was fitted with feature names
  warnings.warn(
/home/hetz/pytorch_projects/bonus_group34/.venv/lib/python3.14/site-packages/sklearn/utils/validation.py:2827: UserWarning: X does not have valid feature names, but StandardScaler was fitted with feature names
  warnings.warn(
/home/hetz/pytorch_projects/bonus_group34/.venv/lib/python3.14/site-packages/sklearn/utils/validation.py:2827: UserWarning: X does not have valid feature names, but StandardScaler was fitted with feature names
  warnings.warn(
/home/hetz/pytorch_projects/bonus_group34/.venv/lib/python3.14/site-packages/sklearn/utils/validation.py:2827: UserWarning: X does not have valid feature names, but StandardScaler was fitted with feature names
  warnings.warn(
/home/hetz/pytorch_projects/bonus_group34/.venv/lib/python3.14/site-packages/sklearn/utils/validation.py:2827: UserWarning: X does not have valid feature names, but StandardScaler was fitted with feature names
  warnings.warn(
/home/hetz/pytorch_projects/bonus_group34/.venv/lib/python3.14/site-packages/sklearn/utils/validation.py:2827: UserWarning: X does not have valid feature names, but StandardScaler was fitted with feature names
  warnings.warn(
/home/hetz/pytorch_projects/bonus_group34/.venv/lib/python3.14/site-packages/sklearn/utils/validation.py:2827: UserWarning: X does not have valid feature names, but StandardScaler was fitted with feature names
  warnings.warn(
/home/hetz/pytorch_projects/bonus_group34/.venv/lib/python3.14/site-packages/sklearn/utils/validation.py:2827: UserWarning: X does not have valid feature names, but StandardScaler was fitted with feature names
  warnings.warn(
/home/hetz/pytorch_projects/bonus_group34/.venv/lib/python3.14/site-packages/sklearn/utils/validation.py:2827: UserWarning: X does not have valid feature names, but StandardScaler was fitted with feature names
  warnings.warn(
/home/hetz/pytorch_projects/bonus_group34/.venv/lib/python3.14/site-packages/sklearn/utils/validation.py:2827: UserWarning: X does not have valid feature names, but StandardScaler was fitted with feature names
  warnings.warn(
/home/hetz/pytorch_projects/bonus_group34/.venv/lib/python3.14/site-packages/sklearn/utils/validation.py:2827: UserWarning: X does not have valid feature names, but StandardScaler was fitted with feature names
  warnings.warn(
/home/hetz/pytorch_projects/bonus_group34/.venv/lib/python3.14/site-packages/sklearn/utils/validation.py:2827: UserWarning: X does not have valid feature names, but StandardScaler was fitted with feature names
  warnings.warn(
/home/hetz/pytorch_projects/bonus_group34/.venv/lib/python3.14/site-packages/sklearn/utils/validation.py:2827: UserWarning: X does not have valid feature names, but StandardScaler was fitted with feature names
  warnings.warn(
/home/hetz/pytorch_projects/bonus_group34/.venv/lib/python3.14/site-packages/sklearn/utils/validation.py:2827: UserWarning: X does not have valid feature names, but StandardScaler was fitted with feature names
  warnings.warn(
/home/hetz/pytorch_projects/bonus_group34/.venv/lib/python3.14/site-packages/sklearn/utils/validation.py:2827: UserWarning: X does not have valid feature names, but StandardScaler was fitted with feature names
  warnings.warn(
/home/hetz/pytorch_projects/bonus_group34/.venv/lib/python3.14/site-packages/sklearn/utils/validation.py:2827: UserWarning: X does not have valid feature names, but StandardScaler was fitted with feature names
  warnings.warn(
/home/hetz/pytorch_projects/bonus_group34/.venv/lib/python3.14/site-packages/sklearn/utils/validation.py:2827: UserWarning: X does not have valid feature names, but StandardScaler was fitted with feature names
  warnings.warn(
/home/hetz/pytorch_projects/bonus_group34/.venv/lib/python3.14/site-packages/sklearn/utils/validation.py:2827: UserWarning: X does not have valid feature names, but StandardScaler was fitted with feature names
  warnings.warn(
/home/hetz/pytorch_projects/bonus_group34/.venv/lib/python3.14/site-packages/sklearn/utils/validation.py:2827: UserWarning: X does not have valid feature names, but StandardScaler was fitted with feature names
  warnings.warn(
/home/hetz/pytorch_projects/bonus_group34/.venv/lib/python3.14/site-packages/sklearn/utils/validation.py:2827: UserWarning: X does not have valid feature names, but StandardScaler was fitted with feature names
  warnings.warn(
/home/hetz/pytorch_projects/bonus_group34/.venv/lib/python3.14/site-packages/sklearn/utils/validation.py:2827: UserWarning: X does not have valid feature names, but StandardScaler was fitted with feature names
  warnings.warn(
/home/hetz/pytorch_projects/bonus_group34/.venv/lib/python3.14/site-packages/sklearn/utils/validation.py:2827: UserWarning: X does not have valid feature names, but StandardScaler was fitted with feature names
  warnings.warn(
/home/hetz/pytorch_projects/bonus_group34/.venv/lib/python3.14/site-packages/sklearn/utils/validation.py:2827: UserWarning: X does not have valid feature names, but StandardScaler was fitted with feature names
  warnings.warn(
/home/hetz/pytorch_projects/bonus_group34/.venv/lib/python3.14/site-packages/sklearn/utils/validation.py:2827: UserWarning: X does not have valid feature names, but StandardScaler was fitted with feature names
  warnings.warn(
/home/hetz/pytorch_projects/bonus_group34/.venv/lib/python3.14/site-packages/sklearn/utils/validation.py:2827: UserWarning: X does not have valid feature names, but StandardScaler was fitted with feature names
  warnings.warn(
/home/hetz/pytorch_projects/bonus_group34/.venv/lib/python3.14/site-packages/sklearn/utils/validation.py:2827: UserWarning: X does not have valid feature names, but StandardScaler was fitted with feature names
  warnings.warn(
/home/hetz/pytorch_projects/bonus_group34/.venv/lib/python3.14/site-packages/sklearn/utils/validation.py:2827: UserWarning: X does not have valid feature names, but StandardScaler was fitted with feature names
  warnings.warn(
/home/hetz/pytorch_projects/bonus_group34/.venv/lib/python3.14/site-packages/sklearn/utils/validation.py:2827: UserWarning: X does not have valid feature names, but StandardScaler was fitted with feature names
  warnings.warn(
/home/hetz/pytorch_projects/bonus_group34/.venv/lib/python3.14/site-packages/sklearn/utils/validation.py:2827: UserWarning: X does not have valid feature names, but StandardScaler was fitted with feature names
  warnings.warn(
/home/hetz/pytorch_projects/bonus_group34/.venv/lib/python3.14/site-packages/sklearn/utils/validation.py:2827: UserWarning: X does not have valid feature names, but StandardScaler was fitted with feature names
  warnings.warn(
/home/hetz/pytorch_projects/bonus_group34/.venv/lib/python3.14/site-packages/sklearn/utils/validation.py:2827: UserWarning: X does not have valid feature names, but StandardScaler was fitted with feature names
  warnings.warn(
/home/hetz/pytorch_projects/bonus_group34/.venv/lib/python3.14/site-packages/sklearn/utils/validation.py:2827: UserWarning: X does not have valid feature names, but StandardScaler was fitted with feature names
  warnings.warn(
/home/hetz/pytorch_projects/bonus_group34/.venv/lib/python3.14/site-packages/sklearn/utils/validation.py:2827: UserWarning: X does not have valid feature names, but StandardScaler was fitted with feature names
  warnings.warn(
/home/hetz/pytorch_projects/bonus_group34/.venv/lib/python3.14/site-packages/sklearn/utils/validation.py:2827: UserWarning: X does not have valid feature names, but StandardScaler was fitted with feature names
  warnings.warn(
/home/hetz/pytorch_projects/bonus_group34/.venv/lib/python3.14/site-packages/sklearn/utils/validation.py:2827: UserWarning: X does not have valid feature names, but StandardScaler was fitted with feature names
  warnings.warn(
/home/hetz/pytorch_projects/bonus_group34/.venv/lib/python3.14/site-packages/sklearn/utils/validation.py:2827: UserWarning: X does not have valid feature names, but StandardScaler was fitted with feature names
  warnings.warn(
/home/hetz/pytorch_projects/bonus_group34/.venv/lib/python3.14/site-packages/sklearn/utils/validation.py:2827: UserWarning: X does not have valid feature names, but StandardScaler was fitted with feature names
  warnings.warn(
/home/hetz/pytorch_projects/bonus_group34/.venv/lib/python3.14/site-packages/sklearn/utils/validation.py:2827: UserWarning: X does not have valid feature names, but StandardScaler was fitted with feature names
  warnings.warn(
/home/hetz/pytorch_projects/bonus_group34/.venv/lib/python3.14/site-packages/sklearn/utils/validation.py:2827: UserWarning: X does not have valid feature names, but StandardScaler was fitted with feature names
  warnings.warn(
/home/hetz/pytorch_projects/bonus_group34/.venv/lib/python3.14/site-packages/sklearn/utils/validation.py:2827: UserWarning: X does not have valid feature names, but StandardScaler was fitted with feature names
  warnings.warn(
/home/hetz/pytorch_projects/bonus_group34/.venv/lib/python3.14/site-packages/sklearn/utils/validation.py:2827: UserWarning: X does not have valid feature names, but StandardScaler was fitted with feature names
  warnings.warn(
/home/hetz/pytorch_projects/bonus_group34/.venv/lib/python3.14/site-packages/sklearn/utils/validation.py:2827: UserWarning: X does not have valid feature names, but StandardScaler was fitted with feature names
  warnings.warn(
/home/hetz/pytorch_projects/bonus_group34/.venv/lib/python3.14/site-packages/sklearn/utils/validation.py:2827: UserWarning: X does not have valid feature names, but StandardScaler was fitted with feature names
  warnings.warn(
/home/hetz/pytorch_projects/bonus_group34/.venv/lib/python3.14/site-packages/sklearn/utils/validation.py:2827: UserWarning: X does not have valid feature names, but StandardScaler was fitted with feature names
  warnings.warn(
/home/hetz/pytorch_projects/bonus_group34/.venv/lib/python3.14/site-packages/sklearn/utils/validation.py:2827: UserWarning: X does not have valid feature names, but StandardScaler was fitted with feature names
  warnings.warn(
/home/hetz/pytorch_projects/bonus_group34/.venv/lib/python3.14/site-packages/sklearn/utils/validation.py:2827: UserWarning: X does not have valid feature names, but StandardScaler was fitted with feature names
  warnings.warn(
/home/hetz/pytorch_projects/bonus_group34/.venv/lib/python3.14/site-packages/sklearn/utils/validation.py:2827: UserWarning: X does not have valid feature names, but StandardScaler was fitted with feature names
  warnings.warn(
/home/hetz/pytorch_projects/bonus_group34/.venv/lib/python3.14/site-packages/sklearn/utils/validation.py:2827: UserWarning: X does not have valid feature names, but StandardScaler was fitted with feature names
  warnings.warn(
/home/hetz/pytorch_projects/bonus_group34/.venv/lib/python3.14/site-packages/sklearn/utils/validation.py:2827: UserWarning: X does not have valid feature names, but StandardScaler was fitted with feature names
  warnings.warn(
/home/hetz/pytorch_projects/bonus_group34/.venv/lib/python3.14/site-packages/sklearn/utils/validation.py:2827: UserWarning: X does not have valid feature names, but StandardScaler was fitted with feature names
  warnings.warn(
/home/hetz/pytorch_projects/bonus_group34/.venv/lib/python3.14/site-packages/sklearn/utils/validation.py:2827: UserWarning: X does not have valid feature names, but StandardScaler was fitted with feature names
  warnings.warn(
/home/hetz/pytorch_projects/bonus_group34/.venv/lib/python3.14/site-packages/sklearn/utils/validation.py:2827: UserWarning: X does not have valid feature names, but StandardScaler was fitted with feature names
  warnings.warn(
/home/hetz/pytorch_projects/bonus_group34/.venv/lib/python3.14/site-packages/sklearn/utils/validation.py:2827: UserWarning: X does not have valid feature names, but StandardScaler was fitted with feature names
  warnings.warn(
/home/hetz/pytorch_projects/bonus_group34/.venv/lib/python3.14/site-packages/sklearn/utils/validation.py:2827: UserWarning: X does not have valid feature names, but StandardScaler was fitted with feature names
  warnings.warn(
/home/hetz/pytorch_projects/bonus_group34/.venv/lib/python3.14/site-packages/sklearn/utils/validation.py:2827: UserWarning: X does not have valid feature names, but StandardScaler was fitted with feature names
  warnings.warn(
/home/hetz/pytorch_projects/bonus_group34/.venv/lib/python3.14/site-packages/sklearn/utils/validation.py:2827: UserWarning: X does not have valid feature names, but StandardScaler was fitted with feature names
  warnings.warn(
/home/hetz/pytorch_projects/bonus_group34/.venv/lib/python3.14/site-packages/sklearn/utils/validation.py:2827: UserWarning: X does not have valid feature names, but StandardScaler was fitted with feature names
  warnings.warn(
/home/hetz/pytorch_projects/bonus_group34/.venv/lib/python3.14/site-packages/sklearn/utils/validation.py:2827: UserWarning: X does not have valid feature names, but StandardScaler was fitted with feature names
  warnings.warn(
/home/hetz/pytorch_projects/bonus_group34/.venv/lib/python3.14/site-packages/sklearn/utils/validation.py:2827: UserWarning: X does not have valid feature names, but StandardScaler was fitted with feature names
  warnings.warn(
/home/hetz/pytorch_projects/bonus_group34/.venv/lib/python3.14/site-packages/sklearn/utils/validation.py:2827: UserWarning: X does not have valid feature names, but StandardScaler was fitted with feature names
  warnings.warn(
/home/hetz/pytorch_projects/bonus_group34/.venv/lib/python3.14/site-packages/sklearn/utils/validation.py:2827: UserWarning: X does not have valid feature names, but StandardScaler was fitted with feature names
  warnings.warn(
/home/hetz/pytorch_projects/bonus_group34/.venv/lib/python3.14/site-packages/sklearn/utils/validation.py:2827: UserWarning: X does not have valid feature names, but StandardScaler was fitted with feature names
  warnings.warn(
/home/hetz/pytorch_projects/bonus_group34/.venv/lib/python3.14/site-packages/sklearn/utils/validation.py:2827: UserWarning: X does not have valid feature names, but StandardScaler was fitted with feature names
  warnings.warn(
/home/hetz/pytorch_projects/bonus_group34/.venv/lib/python3.14/site-packages/sklearn/utils/validation.py:2827: UserWarning: X does not have valid feature names, but StandardScaler was fitted with feature names
  warnings.warn(
/home/hetz/pytorch_projects/bonus_group34/.venv/lib/python3.14/site-packages/sklearn/utils/validation.py:2827: UserWarning: X does not have valid feature names, but StandardScaler was fitted with feature names
  warnings.warn(
/home/hetz/pytorch_projects/bonus_group34/.venv/lib/python3.14/site-packages/sklearn/utils/validation.py:2827: UserWarning: X does not have valid feature names, but StandardScaler was fitted with feature names
  warnings.warn(
/home/hetz/pytorch_projects/bonus_group34/.venv/lib/python3.14/site-packages/sklearn/utils/validation.py:2827: UserWarning: X does not have valid feature names, but StandardScaler was fitted with feature names
  warnings.warn(
/home/hetz/pytorch_projects/bonus_group34/.venv/lib/python3.14/site-packages/sklearn/utils/validation.py:2827: UserWarning: X does not have valid feature names, but StandardScaler was fitted with feature names
  warnings.warn(
/home/hetz/pytorch_projects/bonus_group34/.venv/lib/python3.14/site-packages/sklearn/utils/validation.py:2827: UserWarning: X does not have valid feature names, but StandardScaler was fitted with feature names
  warnings.warn(
/home/hetz/pytorch_projects/bonus_group34/.venv/lib/python3.14/site-packages/sklearn/utils/validation.py:2827: UserWarning: X does not have valid feature names, but StandardScaler was fitted with feature names
  warnings.warn(
/home/hetz/pytorch_projects/bonus_group34/.venv/lib/python3.14/site-packages/sklearn/utils/validation.py:2827: UserWarning: X does not have valid feature names, but StandardScaler was fitted with feature names
  warnings.warn(
/home/hetz/pytorch_projects/bonus_group34/.venv/lib/python3.14/site-packages/sklearn/utils/validation.py:2827: UserWarning: X does not have valid feature names, but StandardScaler was fitted with feature names
  warnings.warn(
/home/hetz/pytorch_projects/bonus_group34/.venv/lib/python3.14/site-packages/sklearn/utils/validation.py:2827: UserWarning: X does not have valid feature names, but StandardScaler was fitted with feature names
  warnings.warn(
train 371040
Loading AIML-TUDA/dlam-ts-project-data-2026 from HuggingFace...
/home/hetz/pytorch_projects/bonus_group34/.venv/lib/python3.14/site-packages/sklearn/utils/validation.py:2827: UserWarning: X does not have valid feature names, but StandardScaler was fitted with feature names
  warnings.warn(
/home/hetz/pytorch_projects/bonus_group34/.venv/lib/python3.14/site-packages/sklearn/utils/validation.py:2827: UserWarning: X does not have valid feature names, but StandardScaler was fitted with feature names
  warnings.warn(
/home/hetz/pytorch_projects/bonus_group34/.venv/lib/python3.14/site-packages/sklearn/utils/validation.py:2827: UserWarning: X does not have valid feature names, but StandardScaler was fitted with feature names
  warnings.warn(
/home/hetz/pytorch_projects/bonus_group34/.venv/lib/python3.14/site-packages/sklearn/utils/validation.py:2827: UserWarning: X does not have valid feature names, but StandardScaler was fitted with feature names
  warnings.warn(
/home/hetz/pytorch_projects/bonus_group34/.venv/lib/python3.14/site-packages/sklearn/utils/validation.py:2827: UserWarning: X does not have valid feature names, but StandardScaler was fitted with feature names
  warnings.warn(
/home/hetz/pytorch_projects/bonus_group34/.venv/lib/python3.14/site-packages/sklearn/utils/validation.py:2827: UserWarning: X does not have valid feature names, but StandardScaler was fitted with feature names
  warnings.warn(
/home/hetz/pytorch_projects/bonus_group34/.venv/lib/python3.14/site-packages/sklearn/utils/validation.py:2827: UserWarning: X does not have valid feature names, but StandardScaler was fitted with feature names
  warnings.warn(
/home/hetz/pytorch_projects/bonus_group34/.venv/lib/python3.14/site-packages/sklearn/utils/validation.py:2827: UserWarning: X does not have valid feature names, but StandardScaler was fitted with feature names
  warnings.warn(
/home/hetz/pytorch_projects/bonus_group34/.venv/lib/python3.14/site-packages/sklearn/utils/validation.py:2827: UserWarning: X does not have valid feature names, but StandardScaler was fitted with feature names
  warnings.warn(
/home/hetz/pytorch_projects/bonus_group34/.venv/lib/python3.14/site-packages/sklearn/utils/validation.py:2827: UserWarning: X does not have valid feature names, but StandardScaler was fitted with feature names
  warnings.warn(
/home/hetz/pytorch_projects/bonus_group34/.venv/lib/python3.14/site-packages/sklearn/utils/validation.py:2827: UserWarning: X does not have valid feature names, but StandardScaler was fitted with feature names
  warnings.warn(
/home/hetz/pytorch_projects/bonus_group34/.venv/lib/python3.14/site-packages/sklearn/utils/validation.py:2827: UserWarning: X does not have valid feature names, but StandardScaler was fitted with feature names
  warnings.warn(
/home/hetz/pytorch_projects/bonus_group34/.venv/lib/python3.14/site-packages/sklearn/utils/validation.py:2827: UserWarning: X does not have valid feature names, but StandardScaler was fitted with feature names
  warnings.warn(
/home/hetz/pytorch_projects/bonus_group34/.venv/lib/python3.14/site-packages/sklearn/utils/validation.py:2827: UserWarning: X does not have valid feature names, but StandardScaler was fitted with feature names
  warnings.warn(
/home/hetz/pytorch_projects/bonus_group34/.venv/lib/python3.14/site-packages/sklearn/utils/validation.py:2827: UserWarning: X does not have valid feature names, but StandardScaler was fitted with feature names
  warnings.warn(
/home/hetz/pytorch_projects/bonus_group34/.venv/lib/python3.14/site-packages/sklearn/utils/validation.py:2827: UserWarning: X does not have valid feature names, but StandardScaler was fitted with feature names
  warnings.warn(
/home/hetz/pytorch_projects/bonus_group34/.venv/lib/python3.14/site-packages/sklearn/utils/validation.py:2827: UserWarning: X does not have valid feature names, but StandardScaler was fitted with feature names
  warnings.warn(
/home/hetz/pytorch_projects/bonus_group34/.venv/lib/python3.14/site-packages/sklearn/utils/validation.py:2827: UserWarning: X does not have valid feature names, but StandardScaler was fitted with feature names
  warnings.warn(
/home/hetz/pytorch_projects/bonus_group34/.venv/lib/python3.14/site-packages/sklearn/utils/validation.py:2827: UserWarning: X does not have valid feature names, but StandardScaler was fitted with feature names
  warnings.warn(
/home/hetz/pytorch_projects/bonus_group34/.venv/lib/python3.14/site-packages/sklearn/utils/validation.py:2827: UserWarning: X does not have valid feature names, but StandardScaler was fitted with feature names
  warnings.warn(
/home/hetz/pytorch_projects/bonus_group34/.venv/lib/python3.14/site-packages/sklearn/utils/validation.py:2827: UserWarning: X does not have valid feature names, but StandardScaler was fitted with feature names
  warnings.warn(
/home/hetz/pytorch_projects/bonus_group34/.venv/lib/python3.14/site-packages/sklearn/utils/validation.py:2827: UserWarning: X does not have valid feature names, but StandardScaler was fitted with feature names
  warnings.warn(
/home/hetz/pytorch_projects/bonus_group34/.venv/lib/python3.14/site-packages/sklearn/utils/validation.py:2827: UserWarning: X does not have valid feature names, but StandardScaler was fitted with feature names
  warnings.warn(
/home/hetz/pytorch_projects/bonus_group34/.venv/lib/python3.14/site-packages/sklearn/utils/validation.py:2827: UserWarning: X does not have valid feature names, but StandardScaler was fitted with feature names
  warnings.warn(
/home/hetz/pytorch_projects/bonus_group34/.venv/lib/python3.14/site-packages/sklearn/utils/validation.py:2827: UserWarning: X does not have valid feature names, but StandardScaler was fitted with feature names
  warnings.warn(
/home/hetz/pytorch_projects/bonus_group34/.venv/lib/python3.14/site-packages/sklearn/utils/validation.py:2827: UserWarning: X does not have valid feature names, but StandardScaler was fitted with feature names
  warnings.warn(
/home/hetz/pytorch_projects/bonus_group34/.venv/lib/python3.14/site-packages/sklearn/utils/validation.py:2827: UserWarning: X does not have valid feature names, but StandardScaler was fitted with feature names
  warnings.warn(
/home/hetz/pytorch_projects/bonus_group34/.venv/lib/python3.14/site-packages/sklearn/utils/validation.py:2827: UserWarning: X does not have valid feature names, but StandardScaler was fitted with feature names
  warnings.warn(
/home/hetz/pytorch_projects/bonus_group34/.venv/lib/python3.14/site-packages/sklearn/utils/validation.py:2827: UserWarning: X does not have valid feature names, but StandardScaler was fitted with feature names
  warnings.warn(
/home/hetz/pytorch_projects/bonus_group34/.venv/lib/python3.14/site-packages/sklearn/utils/validation.py:2827: UserWarning: X does not have valid feature names, but StandardScaler was fitted with feature names
  warnings.warn(
/home/hetz/pytorch_projects/bonus_group34/.venv/lib/python3.14/site-packages/sklearn/utils/validation.py:2827: UserWarning: X does not have valid feature names, but StandardScaler was fitted with feature names
  warnings.warn(
/home/hetz/pytorch_projects/bonus_group34/.venv/lib/python3.14/site-packages/sklearn/utils/validation.py:2827: UserWarning: X does not have valid feature names, but StandardScaler was fitted with feature names
  warnings.warn(
/home/hetz/pytorch_projects/bonus_group34/.venv/lib/python3.14/site-packages/sklearn/utils/validation.py:2827: UserWarning: X does not have valid feature names, but StandardScaler was fitted with feature names
  warnings.warn(
/home/hetz/pytorch_projects/bonus_group34/.venv/lib/python3.14/site-packages/sklearn/utils/validation.py:2827: UserWarning: X does not have valid feature names, but StandardScaler was fitted with feature names
  warnings.warn(
/home/hetz/pytorch_projects/bonus_group34/.venv/lib/python3.14/site-packages/sklearn/utils/validation.py:2827: UserWarning: X does not have valid feature names, but StandardScaler was fitted with feature names
  warnings.warn(
/home/hetz/pytorch_projects/bonus_group34/.venv/lib/python3.14/site-packages/sklearn/utils/validation.py:2827: UserWarning: X does not have valid feature names, but StandardScaler was fitted with feature names
  warnings.warn(
/home/hetz/pytorch_projects/bonus_group34/.venv/lib/python3.14/site-packages/sklearn/utils/validation.py:2827: UserWarning: X does not have valid feature names, but StandardScaler was fitted with feature names
  warnings.warn(
/home/hetz/pytorch_projects/bonus_group34/.venv/lib/python3.14/site-packages/sklearn/utils/validation.py:2827: UserWarning: X does not have valid feature names, but StandardScaler was fitted with feature names
  warnings.warn(
/home/hetz/pytorch_projects/bonus_group34/.venv/lib/python3.14/site-packages/sklearn/utils/validation.py:2827: UserWarning: X does not have valid feature names, but StandardScaler was fitted with feature names
  warnings.warn(
/home/hetz/pytorch_projects/bonus_group34/.venv/lib/python3.14/site-packages/sklearn/utils/validation.py:2827: UserWarning: X does not have valid feature names, but StandardScaler was fitted with feature names
  warnings.warn(
/home/hetz/pytorch_projects/bonus_group34/.venv/lib/python3.14/site-packages/sklearn/utils/validation.py:2827: UserWarning: X does not have valid feature names, but StandardScaler was fitted with feature names
  warnings.warn(
/home/hetz/pytorch_projects/bonus_group34/.venv/lib/python3.14/site-packages/sklearn/utils/validation.py:2827: UserWarning: X does not have valid feature names, but StandardScaler was fitted with feature names
  warnings.warn(
/home/hetz/pytorch_projects/bonus_group34/.venv/lib/python3.14/site-packages/sklearn/utils/validation.py:2827: UserWarning: X does not have valid feature names, but StandardScaler was fitted with feature names
  warnings.warn(
/home/hetz/pytorch_projects/bonus_group34/.venv/lib/python3.14/site-packages/sklearn/utils/validation.py:2827: UserWarning: X does not have valid feature names, but StandardScaler was fitted with feature names
  warnings.warn(
/home/hetz/pytorch_projects/bonus_group34/.venv/lib/python3.14/site-packages/sklearn/utils/validation.py:2827: UserWarning: X does not have valid feature names, but StandardScaler was fitted with feature names
  warnings.warn(
/home/hetz/pytorch_projects/bonus_group34/.venv/lib/python3.14/site-packages/sklearn/utils/validation.py:2827: UserWarning: X does not have valid feature names, but StandardScaler was fitted with feature names
  warnings.warn(
/home/hetz/pytorch_projects/bonus_group34/.venv/lib/python3.14/site-packages/sklearn/utils/validation.py:2827: UserWarning: X does not have valid feature names, but StandardScaler was fitted with feature names
  warnings.warn(
/home/hetz/pytorch_projects/bonus_group34/.venv/lib/python3.14/site-packages/sklearn/utils/validation.py:2827: UserWarning: X does not have valid feature names, but StandardScaler was fitted with feature names
  warnings.warn(
/home/hetz/pytorch_projects/bonus_group34/.venv/lib/python3.14/site-packages/sklearn/utils/validation.py:2827: UserWarning: X does not have valid feature names, but StandardScaler was fitted with feature names
  warnings.warn(
/home/hetz/pytorch_projects/bonus_group34/.venv/lib/python3.14/site-packages/sklearn/utils/validation.py:2827: UserWarning: X does not have valid feature names, but StandardScaler was fitted with feature names
  warnings.warn(
/home/hetz/pytorch_projects/bonus_group34/.venv/lib/python3.14/site-packages/sklearn/utils/validation.py:2827: UserWarning: X does not have valid feature names, but StandardScaler was fitted with feature names
  warnings.warn(
/home/hetz/pytorch_projects/bonus_group34/.venv/lib/python3.14/site-packages/sklearn/utils/validation.py:2827: UserWarning: X does not have valid feature names, but StandardScaler was fitted with feature names
  warnings.warn(
/home/hetz/pytorch_projects/bonus_group34/.venv/lib/python3.14/site-packages/sklearn/utils/validation.py:2827: UserWarning: X does not have valid feature names, but StandardScaler was fitted with feature names
  warnings.warn(
/home/hetz/pytorch_projects/bonus_group34/.venv/lib/python3.14/site-packages/sklearn/utils/validation.py:2827: UserWarning: X does not have valid feature names, but StandardScaler was fitted with feature names
  warnings.warn(
/home/hetz/pytorch_projects/bonus_group34/.venv/lib/python3.14/site-packages/sklearn/utils/validation.py:2827: UserWarning: X does not have valid feature names, but StandardScaler was fitted with feature names
  warnings.warn(
/home/hetz/pytorch_projects/bonus_group34/.venv/lib/python3.14/site-packages/sklearn/utils/validation.py:2827: UserWarning: X does not have valid feature names, but StandardScaler was fitted with feature names
  warnings.warn(
/home/hetz/pytorch_projects/bonus_group34/.venv/lib/python3.14/site-packages/sklearn/utils/validation.py:2827: UserWarning: X does not have valid feature names, but StandardScaler was fitted with feature names
  warnings.warn(
/home/hetz/pytorch_projects/bonus_group34/.venv/lib/python3.14/site-packages/sklearn/utils/validation.py:2827: UserWarning: X does not have valid feature names, but StandardScaler was fitted with feature names
  warnings.warn(
/home/hetz/pytorch_projects/bonus_group34/.venv/lib/python3.14/site-packages/sklearn/utils/validation.py:2827: UserWarning: X does not have valid feature names, but StandardScaler was fitted with feature names
  warnings.warn(
/home/hetz/pytorch_projects/bonus_group34/.venv/lib/python3.14/site-packages/sklearn/utils/validation.py:2827: UserWarning: X does not have valid feature names, but StandardScaler was fitted with feature names
  warnings.warn(
/home/hetz/pytorch_projects/bonus_group34/.venv/lib/python3.14/site-packages/sklearn/utils/validation.py:2827: UserWarning: X does not have valid feature names, but StandardScaler was fitted with feature names
  warnings.warn(
/home/hetz/pytorch_projects/bonus_group34/.venv/lib/python3.14/site-packages/sklearn/utils/validation.py:2827: UserWarning: X does not have valid feature names, but StandardScaler was fitted with feature names
  warnings.warn(
/home/hetz/pytorch_projects/bonus_group34/.venv/lib/python3.14/site-packages/sklearn/utils/validation.py:2827: UserWarning: X does not have valid feature names, but StandardScaler was fitted with feature names
  warnings.warn(
/home/hetz/pytorch_projects/bonus_group34/.venv/lib/python3.14/site-packages/sklearn/utils/validation.py:2827: UserWarning: X does not have valid feature names, but StandardScaler was fitted with feature names
  warnings.warn(
/home/hetz/pytorch_projects/bonus_group34/.venv/lib/python3.14/site-packages/sklearn/utils/validation.py:2827: UserWarning: X does not have valid feature names, but StandardScaler was fitted with feature names
  warnings.warn(
/home/hetz/pytorch_projects/bonus_group34/.venv/lib/python3.14/site-packages/sklearn/utils/validation.py:2827: UserWarning: X does not have valid feature names, but StandardScaler was fitted with feature names
  warnings.warn(
/home/hetz/pytorch_projects/bonus_group34/.venv/lib/python3.14/site-packages/sklearn/utils/validation.py:2827: UserWarning: X does not have valid feature names, but StandardScaler was fitted with feature names
  warnings.warn(
/home/hetz/pytorch_projects/bonus_group34/.venv/lib/python3.14/site-packages/sklearn/utils/validation.py:2827: UserWarning: X does not have valid feature names, but StandardScaler was fitted with feature names
  warnings.warn(
/home/hetz/pytorch_projects/bonus_group34/.venv/lib/python3.14/site-packages/sklearn/utils/validation.py:2827: UserWarning: X does not have valid feature names, but StandardScaler was fitted with feature names
  warnings.warn(
/home/hetz/pytorch_projects/bonus_group34/.venv/lib/python3.14/site-packages/sklearn/utils/validation.py:2827: UserWarning: X does not have valid feature names, but StandardScaler was fitted with feature names
  warnings.warn(
/home/hetz/pytorch_projects/bonus_group34/.venv/lib/python3.14/site-packages/sklearn/utils/validation.py:2827: UserWarning: X does not have valid feature names, but StandardScaler was fitted with feature names
  warnings.warn(
/home/hetz/pytorch_projects/bonus_group34/.venv/lib/python3.14/site-packages/sklearn/utils/validation.py:2827: UserWarning: X does not have valid feature names, but StandardScaler was fitted with feature names
  warnings.warn(
/home/hetz/pytorch_projects/bonus_group34/.venv/lib/python3.14/site-packages/sklearn/utils/validation.py:2827: UserWarning: X does not have valid feature names, but StandardScaler was fitted with feature names
  warnings.warn(
/home/hetz/pytorch_projects/bonus_group34/.venv/lib/python3.14/site-packages/sklearn/utils/validation.py:2827: UserWarning: X does not have valid feature names, but StandardScaler was fitted with feature names
  warnings.warn(
/home/hetz/pytorch_projects/bonus_group34/.venv/lib/python3.14/site-packages/sklearn/utils/validation.py:2827: UserWarning: X does not have valid feature names, but StandardScaler was fitted with feature names
  warnings.warn(
/home/hetz/pytorch_projects/bonus_group34/.venv/lib/python3.14/site-packages/sklearn/utils/validation.py:2827: UserWarning: X does not have valid feature names, but StandardScaler was fitted with feature names
  warnings.warn(
/home/hetz/pytorch_projects/bonus_group34/.venv/lib/python3.14/site-packages/sklearn/utils/validation.py:2827: UserWarning: X does not have valid feature names, but StandardScaler was fitted with feature names
  warnings.warn(
/home/hetz/pytorch_projects/bonus_group34/.venv/lib/python3.14/site-packages/sklearn/utils/validation.py:2827: UserWarning: X does not have valid feature names, but StandardScaler was fitted with feature names
  warnings.warn(
/home/hetz/pytorch_projects/bonus_group34/.venv/lib/python3.14/site-packages/sklearn/utils/validation.py:2827: UserWarning: X does not have valid feature names, but StandardScaler was fitted with feature names
  warnings.warn(
/home/hetz/pytorch_projects/bonus_group34/.venv/lib/python3.14/site-packages/sklearn/utils/validation.py:2827: UserWarning: X does not have valid feature names, but StandardScaler was fitted with feature names
  warnings.warn(
/home/hetz/pytorch_projects/bonus_group34/.venv/lib/python3.14/site-packages/sklearn/utils/validation.py:2827: UserWarning: X does not have valid feature names, but StandardScaler was fitted with feature names
  warnings.warn(
/home/hetz/pytorch_projects/bonus_group34/.venv/lib/python3.14/site-packages/sklearn/utils/validation.py:2827: UserWarning: X does not have valid feature names, but StandardScaler was fitted with feature names
  warnings.warn(
/home/hetz/pytorch_projects/bonus_group34/.venv/lib/python3.14/site-packages/sklearn/utils/validation.py:2827: UserWarning: X does not have valid feature names, but StandardScaler was fitted with feature names
  warnings.warn(
/home/hetz/pytorch_projects/bonus_group34/.venv/lib/python3.14/site-packages/sklearn/utils/validation.py:2827: UserWarning: X does not have valid feature names, but StandardScaler was fitted with feature names
  warnings.warn(
/home/hetz/pytorch_projects/bonus_group34/.venv/lib/python3.14/site-packages/sklearn/utils/validation.py:2827: UserWarning: X does not have valid feature names, but StandardScaler was fitted with feature names
  warnings.warn(
/home/hetz/pytorch_projects/bonus_group34/.venv/lib/python3.14/site-packages/sklearn/utils/validation.py:2827: UserWarning: X does not have valid feature names, but StandardScaler was fitted with feature names
  warnings.warn(
/home/hetz/pytorch_projects/bonus_group34/.venv/lib/python3.14/site-packages/sklearn/utils/validation.py:2827: UserWarning: X does not have valid feature names, but StandardScaler was fitted with feature names
  warnings.warn(
/home/hetz/pytorch_projects/bonus_group34/.venv/lib/python3.14/site-packages/sklearn/utils/validation.py:2827: UserWarning: X does not have valid feature names, but StandardScaler was fitted with feature names
  warnings.warn(
/home/hetz/pytorch_projects/bonus_group34/.venv/lib/python3.14/site-packages/sklearn/utils/validation.py:2827: UserWarning: X does not have valid feature names, but StandardScaler was fitted with feature names
  warnings.warn(
/home/hetz/pytorch_projects/bonus_group34/.venv/lib/python3.14/site-packages/sklearn/utils/validation.py:2827: UserWarning: X does not have valid feature names, but StandardScaler was fitted with feature names
  warnings.warn(
/home/hetz/pytorch_projects/bonus_group34/.venv/lib/python3.14/site-packages/sklearn/utils/validation.py:2827: UserWarning: X does not have valid feature names, but StandardScaler was fitted with feature names
  warnings.warn(
/home/hetz/pytorch_projects/bonus_group34/.venv/lib/python3.14/site-packages/sklearn/utils/validation.py:2827: UserWarning: X does not have valid feature names, but StandardScaler was fitted with feature names
  warnings.warn(
/home/hetz/pytorch_projects/bonus_group34/.venv/lib/python3.14/site-packages/sklearn/utils/validation.py:2827: UserWarning: X does not have valid feature names, but StandardScaler was fitted with feature names
  warnings.warn(
/home/hetz/pytorch_projects/bonus_group34/.venv/lib/python3.14/site-packages/sklearn/utils/validation.py:2827: UserWarning: X does not have valid feature names, but StandardScaler was fitted with feature names
  warnings.warn(
/home/hetz/pytorch_projects/bonus_group34/.venv/lib/python3.14/site-packages/sklearn/utils/validation.py:2827: UserWarning: X does not have valid feature names, but StandardScaler was fitted with feature names
  warnings.warn(
/home/hetz/pytorch_projects/bonus_group34/.venv/lib/python3.14/site-packages/sklearn/utils/validation.py:2827: UserWarning: X does not have valid feature names, but StandardScaler was fitted with feature names
  warnings.warn(
val 30048
	iters: 100, epoch: 1 | loss: 0.1707368
	speed: 0.0283s/iter; left time: 19667.4490s
	iters: 200, epoch: 1 | loss: 0.2036338
	speed: 0.0107s/iter; left time: 7454.1857s
	iters: 300, epoch: 1 | loss: 0.1572232
	speed: 0.0105s/iter; left time: 7279.5896s
	iters: 400, epoch: 1 | loss: 0.1869805
	speed: 0.0107s/iter; left time: 7433.5336s
	iters: 500, epoch: 1 | loss: 0.2402976
	speed: 0.0105s/iter; left time: 7328.2847s
	iters: 600, epoch: 1 | loss: 0.2049128
	speed: 0.0118s/iter; left time: 8197.3465s
	iters: 700, epoch: 1 | loss: 0.1272057
	speed: 0.0105s/iter; left time: 7264.7411s
	iters: 800, epoch: 1 | loss: 0.1590335
	speed: 0.0103s/iter; left time: 7172.3347s
	iters: 900, epoch: 1 | loss: 0.2170024
	speed: 0.0106s/iter; left time: 7353.4899s
	iters: 1000, epoch: 1 | loss: 0.1556458
	speed: 0.0102s/iter; left time: 7095.5914s
	iters: 1100, epoch: 1 | loss: 0.2183063
	speed: 0.0102s/iter; left time: 7116.0441s
	iters: 1200, epoch: 1 | loss: 0.1524298
	speed: 0.0103s/iter; left time: 7168.7973s
	iters: 1300, epoch: 1 | loss: 0.2098252
	speed: 0.0101s/iter; left time: 7013.2348s
	iters: 1400, epoch: 1 | loss: 0.1411939
	speed: 0.0105s/iter; left time: 7286.1029s
	iters: 1500, epoch: 1 | loss: 0.1444965
	speed: 0.0101s/iter; left time: 7037.4764s
	iters: 1600, epoch: 1 | loss: 0.1538759
	speed: 0.0103s/iter; left time: 7156.5910s
	iters: 1700, epoch: 1 | loss: 0.1856538
	speed: 0.0103s/iter; left time: 7175.2202s
	iters: 1800, epoch: 1 | loss: 0.1304074
	speed: 0.0106s/iter; left time: 7321.6354s
	iters: 1900, epoch: 1 | loss: 0.1648807
	speed: 0.0108s/iter; left time: 7523.3411s
	iters: 2000, epoch: 1 | loss: 0.1283634
	speed: 0.0110s/iter; left time: 7604.0790s
	iters: 2100, epoch: 1 | loss: 0.1972389
	speed: 0.0114s/iter; left time: 7894.5322s
	iters: 2200, epoch: 1 | loss: 0.1436239
	speed: 0.0102s/iter; left time: 7079.0755s
	iters: 2300, epoch: 1 | loss: 0.1545609
	speed: 0.0108s/iter; left time: 7522.3265s
	iters: 2400, epoch: 1 | loss: 0.1380993
	speed: 0.0109s/iter; left time: 7573.8487s
	iters: 2500, epoch: 1 | loss: 0.1376752
	speed: 0.0106s/iter; left time: 7381.8969s
	iters: 2600, epoch: 1 | loss: 0.1026951
	speed: 0.0107s/iter; left time: 7404.8756s
	iters: 2700, epoch: 1 | loss: 0.1178460
	speed: 0.0106s/iter; left time: 7312.8876s
	iters: 2800, epoch: 1 | loss: 0.1963920
	speed: 0.0107s/iter; left time: 7383.2601s
	iters: 2900, epoch: 1 | loss: 0.1637643
	speed: 0.0108s/iter; left time: 7485.9387s
	iters: 3000, epoch: 1 | loss: 0.2052517
	speed: 0.0108s/iter; left time: 7455.8028s
	iters: 3100, epoch: 1 | loss: 0.1919303
	speed: 0.0109s/iter; left time: 7540.5291s
	iters: 3200, epoch: 1 | loss: 0.1000942
	speed: 0.0106s/iter; left time: 7323.9749s
	iters: 3300, epoch: 1 | loss: 0.1241243
	speed: 0.0109s/iter; left time: 7515.8461s
	iters: 3400, epoch: 1 | loss: 0.1140628
	speed: 0.0108s/iter; left time: 7504.0451s
	iters: 3500, epoch: 1 | loss: 0.1344811
	speed: 0.0123s/iter; left time: 8528.3792s
	iters: 3600, epoch: 1 | loss: 0.1477845
	speed: 0.0108s/iter; left time: 7471.5006s
	iters: 3700, epoch: 1 | loss: 0.1197499
	speed: 0.0106s/iter; left time: 7354.3486s
	iters: 3800, epoch: 1 | loss: 0.2502789
	speed: 0.0112s/iter; left time: 7719.3547s
	iters: 3900, epoch: 1 | loss: 0.2695225
	speed: 0.0105s/iter; left time: 7274.2716s
	iters: 4000, epoch: 1 | loss: 0.1351400
	speed: 0.0107s/iter; left time: 7400.7715s
	iters: 4100, epoch: 1 | loss: 0.1038277
	speed: 0.0107s/iter; left time: 7375.0751s
	iters: 4200, epoch: 1 | loss: 0.1542270
	speed: 0.0107s/iter; left time: 7387.3201s
	iters: 4300, epoch: 1 | loss: 0.1888665
	speed: 0.0107s/iter; left time: 7428.5026s
	iters: 4400, epoch: 1 | loss: 0.1402509
	speed: 0.0107s/iter; left time: 7379.0275s
	iters: 4500, epoch: 1 | loss: 0.2156448
	speed: 0.0110s/iter; left time: 7617.1784s
	iters: 4600, epoch: 1 | loss: 0.1537932
	speed: 0.0107s/iter; left time: 7391.2690s
	iters: 4700, epoch: 1 | loss: 0.0990042
	speed: 0.0108s/iter; left time: 7452.2269s
	iters: 4800, epoch: 1 | loss: 0.1393059
	speed: 0.0107s/iter; left time: 7381.8723s
	iters: 4900, epoch: 1 | loss: 0.1325545
	speed: 0.0107s/iter; left time: 7396.5969s
	iters: 5000, epoch: 1 | loss: 0.1737050
	speed: 0.0111s/iter; left time: 7641.3215s
	iters: 5100, epoch: 1 | loss: 0.1551102
	speed: 0.0106s/iter; left time: 7309.3484s
	iters: 5200, epoch: 1 | loss: 0.1754626
	speed: 0.0110s/iter; left time: 7565.1002s
	iters: 5300, epoch: 1 | loss: 0.1492350
	speed: 0.0108s/iter; left time: 7454.6003s
	iters: 5400, epoch: 1 | loss: 0.1195541
	speed: 0.0109s/iter; left time: 7511.9401s
	iters: 5500, epoch: 1 | loss: 0.1315640
	speed: 0.0107s/iter; left time: 7414.2258s
	iters: 5600, epoch: 1 | loss: 0.1279302
	speed: 0.0106s/iter; left time: 7335.6319s
	iters: 5700, epoch: 1 | loss: 0.1634545
	speed: 0.0109s/iter; left time: 7494.1986s
	iters: 5800, epoch: 1 | loss: 0.1513284
	speed: 0.0103s/iter; left time: 7109.2698s
	iters: 5900, epoch: 1 | loss: 0.1357705
	speed: 0.0106s/iter; left time: 7285.6751s
	iters: 6000, epoch: 1 | loss: 0.2041841
	speed: 0.0105s/iter; left time: 7211.1712s
	iters: 6100, epoch: 1 | loss: 0.1948493
	speed: 0.0109s/iter; left time: 7528.7199s
	iters: 6200, epoch: 1 | loss: 0.1687635
	speed: 0.0108s/iter; left time: 7449.1156s
	iters: 6300, epoch: 1 | loss: 0.1544347
	speed: 0.0119s/iter; left time: 8218.8641s
	iters: 6400, epoch: 1 | loss: 0.1295640
	speed: 0.0105s/iter; left time: 7220.1577s
	iters: 6500, epoch: 1 | loss: 0.1042347
	speed: 0.0106s/iter; left time: 7305.6929s
	iters: 6600, epoch: 1 | loss: 0.2004230
	speed: 0.0104s/iter; left time: 7153.2141s
	iters: 6700, epoch: 1 | loss: 0.1996998
	speed: 0.0104s/iter; left time: 7165.8680s
	iters: 6800, epoch: 1 | loss: 0.2236613
	speed: 0.0104s/iter; left time: 7162.7979s
	iters: 6900, epoch: 1 | loss: 0.1812145
	speed: 0.0105s/iter; left time: 7231.9405s
	iters: 7000, epoch: 1 | loss: 0.1259863
	speed: 0.0103s/iter; left time: 7101.6363s
	iters: 7100, epoch: 1 | loss: 0.1695335
	speed: 0.0107s/iter; left time: 7396.7412s
	iters: 7200, epoch: 1 | loss: 0.1689903
	speed: 0.0103s/iter; left time: 7108.5104s
	iters: 7300, epoch: 1 | loss: 0.1075590
	speed: 0.0107s/iter; left time: 7389.3933s
	iters: 7400, epoch: 1 | loss: 0.1193633
	speed: 0.0104s/iter; left time: 7154.9217s
	iters: 7500, epoch: 1 | loss: 0.0974631
	speed: 0.0109s/iter; left time: 7490.4298s
	iters: 7600, epoch: 1 | loss: 0.0891395
	speed: 0.0106s/iter; left time: 7269.1748s
	iters: 7700, epoch: 1 | loss: 0.1431244
	speed: 0.0104s/iter; left time: 7162.8015s
	iters: 7800, epoch: 1 | loss: 0.1496909
	speed: 0.0107s/iter; left time: 7356.2727s
	iters: 7900, epoch: 1 | loss: 0.1222726
	speed: 0.0105s/iter; left time: 7229.4781s
	iters: 8000, epoch: 1 | loss: 0.1248352
	speed: 0.0103s/iter; left time: 7093.3217s
	iters: 8100, epoch: 1 | loss: 0.1348180
	speed: 0.0110s/iter; left time: 7587.3550s
	iters: 8200, epoch: 1 | loss: 0.0955197
	speed: 0.0105s/iter; left time: 7188.1756s
	iters: 8300, epoch: 1 | loss: 0.1584678
	speed: 0.0105s/iter; left time: 7226.1013s
	iters: 8400, epoch: 1 | loss: 0.1846859
	speed: 0.0106s/iter; left time: 7312.0232s
	iters: 8500, epoch: 1 | loss: 0.1934267
	speed: 0.0107s/iter; left time: 7374.9739s
	iters: 8600, epoch: 1 | loss: 0.1285503
	speed: 0.0105s/iter; left time: 7238.4202s
	iters: 8700, epoch: 1 | loss: 0.1957211
	speed: 0.0106s/iter; left time: 7251.5562s
	iters: 8800, epoch: 1 | loss: 0.1862918
	speed: 0.0106s/iter; left time: 7270.3267s
	iters: 8900, epoch: 1 | loss: 0.2953181
	speed: 0.0108s/iter; left time: 7413.1798s
	iters: 9000, epoch: 1 | loss: 0.1568131
	speed: 0.0110s/iter; left time: 7577.4697s
	iters: 9100, epoch: 1 | loss: 0.1996936
	speed: 0.0110s/iter; left time: 7537.9659s
	iters: 9200, epoch: 1 | loss: 0.1558313
	speed: 0.0131s/iter; left time: 9017.3882s
	iters: 9300, epoch: 1 | loss: 0.1386446
	speed: 0.0110s/iter; left time: 7533.1550s
	iters: 9400, epoch: 1 | loss: 0.2172041
	speed: 0.0116s/iter; left time: 7934.0774s
	iters: 9500, epoch: 1 | loss: 0.0985123
	speed: 0.0107s/iter; left time: 7358.7204s
	iters: 9600, epoch: 1 | loss: 0.2053229
	speed: 0.0107s/iter; left time: 7363.9769s
	iters: 9700, epoch: 1 | loss: 0.1547953
	speed: 0.0108s/iter; left time: 7407.9124s
	iters: 9800, epoch: 1 | loss: 0.1268206
	speed: 0.0108s/iter; left time: 7411.0958s
	iters: 9900, epoch: 1 | loss: 0.1364584
	speed: 0.0106s/iter; left time: 7278.6074s
	iters: 10000, epoch: 1 | loss: 0.1167598
	speed: 0.0114s/iter; left time: 7794.8041s
	iters: 10100, epoch: 1 | loss: 0.0695068
	speed: 0.0107s/iter; left time: 7361.0786s
	iters: 10200, epoch: 1 | loss: 0.1212662
	speed: 0.0106s/iter; left time: 7262.9336s
	iters: 10300, epoch: 1 | loss: 0.1282830
	speed: 0.0109s/iter; left time: 7479.9119s
	iters: 10400, epoch: 1 | loss: 0.1577025
	speed: 0.0105s/iter; left time: 7201.4850s
	iters: 10500, epoch: 1 | loss: 0.2366391
	speed: 0.0109s/iter; left time: 7440.4838s
	iters: 10600, epoch: 1 | loss: 0.0905722
	speed: 0.0108s/iter; left time: 7407.8110s
	iters: 10700, epoch: 1 | loss: 0.1837322
	speed: 0.0106s/iter; left time: 7262.6907s
	iters: 10800, epoch: 1 | loss: 0.1431065
	speed: 0.0108s/iter; left time: 7418.6744s
	iters: 10900, epoch: 1 | loss: 0.1726647
	speed: 0.0110s/iter; left time: 7528.8903s
	iters: 11000, epoch: 1 | loss: 0.2469692
	speed: 0.0105s/iter; left time: 7169.2842s
	iters: 11100, epoch: 1 | loss: 0.1244353
	speed: 0.0107s/iter; left time: 7309.1872s
	iters: 11200, epoch: 1 | loss: 0.1244499
	speed: 0.0108s/iter; left time: 7386.4120s
	iters: 11300, epoch: 1 | loss: 0.1090233
	speed: 0.0109s/iter; left time: 7478.6978s
	iters: 11400, epoch: 1 | loss: 0.1273176
	speed: 0.0109s/iter; left time: 7431.8904s
	iters: 11500, epoch: 1 | loss: 0.1565835
	speed: 0.0109s/iter; left time: 7462.2257s
	iters: 11600, epoch: 1 | loss: 0.1555337
	speed: 0.0108s/iter; left time: 7393.2551s
	iters: 11700, epoch: 1 | loss: 0.1724507
	speed: 0.0109s/iter; left time: 7486.9459s
	iters: 11800, epoch: 1 | loss: 0.1546315
	speed: 0.0109s/iter; left time: 7479.6829s
	iters: 11900, epoch: 1 | loss: 0.1966783
	speed: 0.0106s/iter; left time: 7249.6222s
	iters: 12000, epoch: 1 | loss: 0.1277053
	speed: 0.0130s/iter; left time: 8888.9799s
	iters: 12100, epoch: 1 | loss: 0.1535101
	speed: 0.0113s/iter; left time: 7721.8154s
	iters: 12200, epoch: 1 | loss: 0.1856346
	speed: 0.0108s/iter; left time: 7383.6745s
	iters: 12300, epoch: 1 | loss: 0.2158399
	speed: 0.0105s/iter; left time: 7157.7302s
	iters: 12400, epoch: 1 | loss: 0.1540309
	speed: 0.0107s/iter; left time: 7335.8254s
	iters: 12500, epoch: 1 | loss: 0.1937006
	speed: 0.0108s/iter; left time: 7370.4682s
	iters: 12600, epoch: 1 | loss: 0.1787147
	speed: 0.0107s/iter; left time: 7281.0764s
	iters: 12700, epoch: 1 | loss: 0.1325849
	speed: 0.0112s/iter; left time: 7618.9672s
	iters: 12800, epoch: 1 | loss: 0.1076849
	speed: 0.0108s/iter; left time: 7404.9400s
	iters: 12900, epoch: 1 | loss: 0.1274269
	speed: 0.0108s/iter; left time: 7363.2683s
	iters: 13000, epoch: 1 | loss: 0.1449093
	speed: 0.0108s/iter; left time: 7348.5353s
	iters: 13100, epoch: 1 | loss: 0.1164736
	speed: 0.0104s/iter; left time: 7098.6596s
	iters: 13200, epoch: 1 | loss: 0.1441848
	speed: 0.0108s/iter; left time: 7365.0368s
	iters: 13300, epoch: 1 | loss: 0.1760680
	speed: 0.0107s/iter; left time: 7332.1862s
	iters: 13400, epoch: 1 | loss: 0.1412774
	speed: 0.0109s/iter; left time: 7464.0369s
	iters: 13500, epoch: 1 | loss: 0.1312087
	speed: 0.0105s/iter; left time: 7176.2685s
	iters: 13600, epoch: 1 | loss: 0.1354212
	speed: 0.0107s/iter; left time: 7266.6528s
	iters: 13700, epoch: 1 | loss: 0.1520207
	speed: 0.0109s/iter; left time: 7440.3111s
	iters: 13800, epoch: 1 | loss: 0.2010126
	speed: 0.0106s/iter; left time: 7242.6619s
	iters: 13900, epoch: 1 | loss: 0.1537283
	speed: 0.0105s/iter; left time: 7152.4470s
	iters: 14000, epoch: 1 | loss: 0.1203854
	speed: 0.0105s/iter; left time: 7123.9791s
	iters: 14100, epoch: 1 | loss: 0.1440468
	speed: 0.0106s/iter; left time: 7202.3103s
	iters: 14200, epoch: 1 | loss: 0.1794182
	speed: 0.0105s/iter; left time: 7138.2624s
	iters: 14300, epoch: 1 | loss: 0.1268679
	speed: 0.0106s/iter; left time: 7204.6191s
	iters: 14400, epoch: 1 | loss: 0.1446971
	speed: 0.0108s/iter; left time: 7339.5928s
	iters: 14500, epoch: 1 | loss: 0.1875179
	speed: 0.0111s/iter; left time: 7578.5346s
	iters: 14600, epoch: 1 | loss: 0.1478807
	speed: 0.0109s/iter; left time: 7441.2767s
	iters: 14700, epoch: 1 | loss: 0.0950474
	speed: 0.0107s/iter; left time: 7283.4662s
	iters: 14800, epoch: 1 | loss: 0.1309786
	speed: 0.0128s/iter; left time: 8723.1512s
	iters: 14900, epoch: 1 | loss: 0.1754089
	speed: 0.0117s/iter; left time: 7947.6100s
	iters: 15000, epoch: 1 | loss: 0.1083396
	speed: 0.0105s/iter; left time: 7123.5000s
	iters: 15100, epoch: 1 | loss: 0.1115682
	speed: 0.0115s/iter; left time: 7836.5963s
	iters: 15200, epoch: 1 | loss: 0.1579283
	speed: 0.0104s/iter; left time: 7084.7545s
	iters: 15300, epoch: 1 | loss: 0.1646541
	speed: 0.0104s/iter; left time: 7059.2652s
	iters: 15400, epoch: 1 | loss: 0.0970955
	speed: 0.0103s/iter; left time: 7005.8869s
	iters: 15500, epoch: 1 | loss: 0.1356736
	speed: 0.0108s/iter; left time: 7318.4063s
	iters: 15600, epoch: 1 | loss: 0.1098347
	speed: 0.0112s/iter; left time: 7594.8609s
	iters: 15700, epoch: 1 | loss: 0.1172965
	speed: 0.0108s/iter; left time: 7374.4119s
	iters: 15800, epoch: 1 | loss: 0.1550322
	speed: 0.0109s/iter; left time: 7408.5309s
	iters: 15900, epoch: 1 | loss: 0.1274346
	speed: 0.0106s/iter; left time: 7234.6832s
	iters: 16000, epoch: 1 | loss: 0.1525601
	speed: 0.0109s/iter; left time: 7389.5759s
	iters: 16100, epoch: 1 | loss: 0.2068032
	speed: 0.0109s/iter; left time: 7423.9440s
	iters: 16200, epoch: 1 | loss: 0.0895621
	speed: 0.0113s/iter; left time: 7710.7259s
	iters: 16300, epoch: 1 | loss: 0.1356068
	speed: 0.0105s/iter; left time: 7158.0042s
	iters: 16400, epoch: 1 | loss: 0.1529130
	speed: 0.0106s/iter; left time: 7180.2904s
	iters: 16500, epoch: 1 | loss: 0.1431927
	speed: 0.0107s/iter; left time: 7257.5107s
	iters: 16600, epoch: 1 | loss: 0.1223898
	speed: 0.0106s/iter; left time: 7231.4805s
	iters: 16700, epoch: 1 | loss: 0.1174174
	speed: 0.0106s/iter; left time: 7208.9220s
	iters: 16800, epoch: 1 | loss: 0.1669349
	speed: 0.0110s/iter; left time: 7473.8928s
	iters: 16900, epoch: 1 | loss: 0.1180972
	speed: 0.0105s/iter; left time: 7138.1401s
	iters: 17000, epoch: 1 | loss: 0.1519904
	speed: 0.0106s/iter; left time: 7190.9357s
	iters: 17100, epoch: 1 | loss: 0.2177895
	speed: 0.0106s/iter; left time: 7180.7398s
	iters: 17200, epoch: 1 | loss: 0.1123908
	speed: 0.0108s/iter; left time: 7308.2154s
	iters: 17300, epoch: 1 | loss: 0.1557492
	speed: 0.0107s/iter; left time: 7270.6522s
	iters: 17400, epoch: 1 | loss: 0.1338671
	speed: 0.0110s/iter; left time: 7436.8454s
	iters: 17500, epoch: 1 | loss: 0.1894546
	speed: 0.0107s/iter; left time: 7279.1467s
	iters: 17600, epoch: 1 | loss: 0.1405251
	speed: 0.0120s/iter; left time: 8158.2636s
	iters: 17700, epoch: 1 | loss: 0.1299875
	speed: 0.0131s/iter; left time: 8853.9931s
	iters: 17800, epoch: 1 | loss: 0.2135898
	speed: 0.0104s/iter; left time: 7054.1235s
	iters: 17900, epoch: 1 | loss: 0.1043817
	speed: 0.0106s/iter; left time: 7208.8042s
	iters: 18000, epoch: 1 | loss: 0.1767059
	speed: 0.0104s/iter; left time: 7075.5953s
	iters: 18100, epoch: 1 | loss: 0.1335961
	speed: 0.0105s/iter; left time: 7123.6116s
	iters: 18200, epoch: 1 | loss: 0.1177757
	speed: 0.0109s/iter; left time: 7380.5363s
	iters: 18300, epoch: 1 | loss: 0.1456960
	speed: 0.0111s/iter; left time: 7511.4095s
	iters: 18400, epoch: 1 | loss: 0.1775508
	speed: 0.0108s/iter; left time: 7337.2364s
	iters: 18500, epoch: 1 | loss: 0.1756741
	speed: 0.0107s/iter; left time: 7267.4659s
	iters: 18600, epoch: 1 | loss: 0.1413240
	speed: 0.0108s/iter; left time: 7322.7540s
	iters: 18700, epoch: 1 | loss: 0.1288923
	speed: 0.0112s/iter; left time: 7551.3746s
	iters: 18800, epoch: 1 | loss: 0.1255490
	speed: 0.0109s/iter; left time: 7350.5975s
	iters: 18900, epoch: 1 | loss: 0.1764582
	speed: 0.0110s/iter; left time: 7453.9547s
	iters: 19000, epoch: 1 | loss: 0.1431188
	speed: 0.0110s/iter; left time: 7417.0847s
	iters: 19100, epoch: 1 | loss: 0.1204114
	speed: 0.0105s/iter; left time: 7107.9801s
	iters: 19200, epoch: 1 | loss: 0.1786286
	speed: 0.0108s/iter; left time: 7313.1538s
	iters: 19300, epoch: 1 | loss: 0.1045784
	speed: 0.0108s/iter; left time: 7338.7528s
	iters: 19400, epoch: 1 | loss: 0.1291697
	speed: 0.0107s/iter; left time: 7250.2355s
	iters: 19500, epoch: 1 | loss: 0.0806410
	speed: 0.0105s/iter; left time: 7093.5421s
	iters: 19600, epoch: 1 | loss: 0.1561146
	speed: 0.0107s/iter; left time: 7265.6810s
	iters: 19700, epoch: 1 | loss: 0.1269460
	speed: 0.0110s/iter; left time: 7406.6514s
	iters: 19800, epoch: 1 | loss: 0.1338854
	speed: 0.0111s/iter; left time: 7529.9019s
	iters: 19900, epoch: 1 | loss: 0.0862933
	speed: 0.0109s/iter; left time: 7346.6232s
	iters: 20000, epoch: 1 | loss: 0.1486946
	speed: 0.0106s/iter; left time: 7187.5360s
	iters: 20100, epoch: 1 | loss: 0.1472907
	speed: 0.0109s/iter; left time: 7340.9456s
	iters: 20200, epoch: 1 | loss: 0.2121889
	speed: 0.0110s/iter; left time: 7447.1825s
	iters: 20300, epoch: 1 | loss: 0.1268793
	speed: 0.0110s/iter; left time: 7431.4296s
	iters: 20400, epoch: 1 | loss: 0.1069962
	speed: 0.0121s/iter; left time: 8169.2828s
	iters: 20500, epoch: 1 | loss: 0.0850193
	speed: 0.0134s/iter; left time: 9021.5319s
	iters: 20600, epoch: 1 | loss: 0.1754936
	speed: 0.0107s/iter; left time: 7239.5697s
	iters: 20700, epoch: 1 | loss: 0.1085741
	speed: 0.0105s/iter; left time: 7105.0374s
	iters: 20800, epoch: 1 | loss: 0.2163799
	speed: 0.0105s/iter; left time: 7103.8303s
	iters: 20900, epoch: 1 | loss: 0.2153799
	speed: 0.0108s/iter; left time: 7255.3708s
	iters: 21000, epoch: 1 | loss: 0.1315426
	speed: 0.0107s/iter; left time: 7214.7205s
	iters: 21100, epoch: 1 | loss: 0.1580490
	speed: 0.0105s/iter; left time: 7059.7990s
	iters: 21200, epoch: 1 | loss: 0.0727543
	speed: 0.0117s/iter; left time: 7879.1252s
	iters: 21300, epoch: 1 | loss: 0.0973432
	speed: 0.0112s/iter; left time: 7559.2252s
	iters: 21400, epoch: 1 | loss: 0.1289732
	speed: 0.0121s/iter; left time: 8139.7762s
	iters: 21500, epoch: 1 | loss: 0.1405866
	speed: 0.0111s/iter; left time: 7494.1445s
	iters: 21600, epoch: 1 | loss: 0.1083443
	speed: 0.0107s/iter; left time: 7227.0010s
	iters: 21700, epoch: 1 | loss: 0.1220474
	speed: 0.0107s/iter; left time: 7182.2827s
	iters: 21800, epoch: 1 | loss: 0.1263355
	speed: 0.0111s/iter; left time: 7479.7252s
	iters: 21900, epoch: 1 | loss: 0.0988525
	speed: 0.0112s/iter; left time: 7547.1407s
	iters: 22000, epoch: 1 | loss: 0.1187543
	speed: 0.0105s/iter; left time: 7072.0981s
	iters: 22100, epoch: 1 | loss: 0.1629468
	speed: 0.0106s/iter; left time: 7123.4535s
	iters: 22200, epoch: 1 | loss: 0.1020260
	speed: 0.0106s/iter; left time: 7136.8670s
	iters: 22300, epoch: 1 | loss: 0.1281506
	speed: 0.0106s/iter; left time: 7162.0912s
	iters: 22400, epoch: 1 | loss: 0.1510884
	speed: 0.0109s/iter; left time: 7356.9722s
	iters: 22500, epoch: 1 | loss: 0.1841913
	speed: 0.0105s/iter; left time: 7102.0254s
	iters: 22600, epoch: 1 | loss: 0.1510075
	speed: 0.0106s/iter; left time: 7140.2206s
	iters: 22700, epoch: 1 | loss: 0.1259056
	speed: 0.0113s/iter; left time: 7603.0925s
	iters: 22800, epoch: 1 | loss: 0.1079973
	speed: 0.0108s/iter; left time: 7287.9747s
	iters: 22900, epoch: 1 | loss: 0.1028269
	speed: 0.0108s/iter; left time: 7234.8680s
	iters: 23000, epoch: 1 | loss: 0.1833967
	speed: 0.0109s/iter; left time: 7340.5927s
	iters: 23100, epoch: 1 | loss: 0.1391757
	speed: 0.0111s/iter; left time: 7443.9539s
Epoch: 1 cost time: 252.05687975883484
Epoch: 1, Steps: 23190 | Train Loss: 0.1466905 Vali Loss: 0.1505783
Validation loss decreased (inf --> 0.150578).  Saving model ...
Updating learning rate to 0.0005
	iters: 100, epoch: 2 | loss: 0.1747486
	speed: 0.1027s/iter; left time: 69054.5864s
	iters: 200, epoch: 2 | loss: 0.1823921
	speed: 0.0105s/iter; left time: 7070.5898s
	iters: 300, epoch: 2 | loss: 0.1341745
	speed: 0.0104s/iter; left time: 7010.6237s
	iters: 400, epoch: 2 | loss: 0.1947397
	speed: 0.0106s/iter; left time: 7134.5309s
	iters: 500, epoch: 2 | loss: 0.1479096
	speed: 0.0107s/iter; left time: 7181.2389s
	iters: 600, epoch: 2 | loss: 0.1488616
	speed: 0.0107s/iter; left time: 7197.3465s
	iters: 700, epoch: 2 | loss: 0.2460526
	speed: 0.0107s/iter; left time: 7219.6028s
	iters: 800, epoch: 2 | loss: 0.1526345
	speed: 0.0108s/iter; left time: 7238.3850s
	iters: 900, epoch: 2 | loss: 0.1183037
	speed: 0.0106s/iter; left time: 7086.3772s
	iters: 1000, epoch: 2 | loss: 0.1441981
	speed: 0.0109s/iter; left time: 7335.0535s
	iters: 1100, epoch: 2 | loss: 0.1733947
	speed: 0.0107s/iter; left time: 7191.3455s
	iters: 1200, epoch: 2 | loss: 0.1683052
	speed: 0.0108s/iter; left time: 7239.2907s
	iters: 1300, epoch: 2 | loss: 0.1680343
	speed: 0.0107s/iter; left time: 7184.6889s
	iters: 1400, epoch: 2 | loss: 0.1257391
	speed: 0.0108s/iter; left time: 7241.1181s
	iters: 1500, epoch: 2 | loss: 0.1337919
	speed: 0.0105s/iter; left time: 7072.3321s
	iters: 1600, epoch: 2 | loss: 0.1563629
	speed: 0.0110s/iter; left time: 7349.8763s
	iters: 1700, epoch: 2 | loss: 0.1444581
	speed: 0.0109s/iter; left time: 7287.4270s
	iters: 1800, epoch: 2 | loss: 0.1304707
	speed: 0.0110s/iter; left time: 7395.9334s
	iters: 1900, epoch: 2 | loss: 0.2059149
	speed: 0.0109s/iter; left time: 7285.3998s
	iters: 2000, epoch: 2 | loss: 0.1528175
	speed: 0.0112s/iter; left time: 7509.6553s
	iters: 2100, epoch: 2 | loss: 0.1841681
	speed: 0.0112s/iter; left time: 7532.1147s
	iters: 2200, epoch: 2 | loss: 0.1984603
	speed: 0.0125s/iter; left time: 8379.1544s
	iters: 2300, epoch: 2 | loss: 0.1784040
	speed: 0.0108s/iter; left time: 7218.4307s
	iters: 2400, epoch: 2 | loss: 0.1472066
	speed: 0.0106s/iter; left time: 7133.1261s
	iters: 2500, epoch: 2 | loss: 0.1461738
	speed: 0.0104s/iter; left time: 6988.3344s
	iters: 2600, epoch: 2 | loss: 0.1572381
	speed: 0.0106s/iter; left time: 7115.5284s
	iters: 2700, epoch: 2 | loss: 0.1814447
	speed: 0.0106s/iter; left time: 7116.0392s
	iters: 2800, epoch: 2 | loss: 0.1624314
	speed: 0.0113s/iter; left time: 7593.1212s
	iters: 2900, epoch: 2 | loss: 0.1727610
	speed: 0.0105s/iter; left time: 7021.0569s
	iters: 3000, epoch: 2 | loss: 0.1638836
	speed: 0.0108s/iter; left time: 7250.5883s
	iters: 3100, epoch: 2 | loss: 0.1838507
	speed: 0.0106s/iter; left time: 7092.4796s
	iters: 3200, epoch: 2 | loss: 0.1864522
	speed: 0.0106s/iter; left time: 7122.9460s
	iters: 3300, epoch: 2 | loss: 0.1230484
	speed: 0.0106s/iter; left time: 7084.3614s
	iters: 3400, epoch: 2 | loss: 0.2138360
	speed: 0.0106s/iter; left time: 7115.6983s
	iters: 3500, epoch: 2 | loss: 0.1433529
	speed: 0.0107s/iter; left time: 7188.0787s
	iters: 3600, epoch: 2 | loss: 0.1563159
	speed: 0.0106s/iter; left time: 7059.9396s
	iters: 3700, epoch: 2 | loss: 0.1364332
	speed: 0.0105s/iter; left time: 7019.7614s
	iters: 3800, epoch: 2 | loss: 0.1780355
	speed: 0.0109s/iter; left time: 7288.3355s
	iters: 3900, epoch: 2 | loss: 0.2173693
	speed: 0.0105s/iter; left time: 7050.9341s
	iters: 4000, epoch: 2 | loss: 0.1638869
	speed: 0.0123s/iter; left time: 8229.5438s
	iters: 4100, epoch: 2 | loss: 0.1163037
	speed: 0.0110s/iter; left time: 7354.9044s
	iters: 4200, epoch: 2 | loss: 0.1258579
	speed: 0.0108s/iter; left time: 7227.0031s
	iters: 4300, epoch: 2 | loss: 0.1178903
	speed: 0.0116s/iter; left time: 7747.0630s
	iters: 4400, epoch: 2 | loss: 0.1594235
	speed: 0.0121s/iter; left time: 8068.6476s
	iters: 4500, epoch: 2 | loss: 0.2932369
	speed: 0.0116s/iter; left time: 7738.2096s
	iters: 4600, epoch: 2 | loss: 0.1453879
	speed: 0.0110s/iter; left time: 7321.9715s
	iters: 4700, epoch: 2 | loss: 0.1257147
	speed: 0.0118s/iter; left time: 7850.1209s
	iters: 4800, epoch: 2 | loss: 0.1189879
	speed: 0.0108s/iter; left time: 7182.5819s
	iters: 4900, epoch: 2 | loss: 0.1576435
	speed: 0.0126s/iter; left time: 8431.6118s
	iters: 5000, epoch: 2 | loss: 0.1593627
	speed: 0.0111s/iter; left time: 7376.8593s
	iters: 5100, epoch: 2 | loss: 0.1743240
	speed: 0.0106s/iter; left time: 7061.7961s
	iters: 5200, epoch: 2 | loss: 0.1496617
	speed: 0.0106s/iter; left time: 7079.8300s
	iters: 5300, epoch: 2 | loss: 0.1664195
	speed: 0.0107s/iter; left time: 7159.4935s
	iters: 5400, epoch: 2 | loss: 0.1298895
	speed: 0.0106s/iter; left time: 7063.6813s
	iters: 5500, epoch: 2 | loss: 0.0991207
	speed: 0.0113s/iter; left time: 7538.4369s
	iters: 5600, epoch: 2 | loss: 0.2144828
	speed: 0.0110s/iter; left time: 7303.4468s
	iters: 5700, epoch: 2 | loss: 0.1639152
	speed: 0.0107s/iter; left time: 7135.0267s
	iters: 5800, epoch: 2 | loss: 0.1437681
	speed: 0.0107s/iter; left time: 7150.2704s
	iters: 5900, epoch: 2 | loss: 0.2175763
	speed: 0.0109s/iter; left time: 7266.7221s
	iters: 6000, epoch: 2 | loss: 0.1726495
	speed: 0.0107s/iter; left time: 7126.6314s
	iters: 6100, epoch: 2 | loss: 0.1321763
	speed: 0.0108s/iter; left time: 7198.7207s
	iters: 6200, epoch: 2 | loss: 0.1675796
	speed: 0.0111s/iter; left time: 7404.5775s
	iters: 6300, epoch: 2 | loss: 0.1834528
	speed: 0.0107s/iter; left time: 7099.0978s
	iters: 6400, epoch: 2 | loss: 0.1713776
	speed: 0.0107s/iter; left time: 7106.7939s
	iters: 6500, epoch: 2 | loss: 0.1094767
	speed: 0.0106s/iter; left time: 7043.0560s
	iters: 6600, epoch: 2 | loss: 0.1347006
	speed: 0.0109s/iter; left time: 7261.2442s
	iters: 6700, epoch: 2 | loss: 0.1964322
	speed: 0.0107s/iter; left time: 7093.7496s
	iters: 6800, epoch: 2 | loss: 0.2021179
	speed: 0.0108s/iter; left time: 7162.7280s
	iters: 6900, epoch: 2 | loss: 0.1966490
	speed: 0.0106s/iter; left time: 7061.4907s
	iters: 7000, epoch: 2 | loss: 0.1242225
	speed: 0.0107s/iter; left time: 7128.4311s
	iters: 7100, epoch: 2 | loss: 0.1196891
	speed: 0.0107s/iter; left time: 7113.7085s
	iters: 7200, epoch: 2 | loss: 0.1227600
	speed: 0.0109s/iter; left time: 7255.6249s
	iters: 7300, epoch: 2 | loss: 0.1219320
	speed: 0.0109s/iter; left time: 7239.4310s
	iters: 7400, epoch: 2 | loss: 0.1293906
	speed: 0.0108s/iter; left time: 7192.9348s
	iters: 7500, epoch: 2 | loss: 0.2390563
	speed: 0.0115s/iter; left time: 7664.6365s
	iters: 7600, epoch: 2 | loss: 0.1077380
	speed: 0.0108s/iter; left time: 7181.4806s
	iters: 7700, epoch: 2 | loss: 0.1523017
	speed: 0.0117s/iter; left time: 7787.5981s
	iters: 7800, epoch: 2 | loss: 0.1625359
	speed: 0.0124s/iter; left time: 8210.2119s
	iters: 7900, epoch: 2 | loss: 0.1144050
	speed: 0.0107s/iter; left time: 7141.9049s
	iters: 8000, epoch: 2 | loss: 0.1425720
	speed: 0.0104s/iter; left time: 6892.3491s
	iters: 8100, epoch: 2 | loss: 0.1398850
	speed: 0.0107s/iter; left time: 7098.8089s
	iters: 8200, epoch: 2 | loss: 0.0793184
	speed: 0.0107s/iter; left time: 7077.1457s
	iters: 8300, epoch: 2 | loss: 0.2436303
	speed: 0.0111s/iter; left time: 7371.2306s
	iters: 8400, epoch: 2 | loss: 0.1798439
	speed: 0.0107s/iter; left time: 7095.4927s
	iters: 8500, epoch: 2 | loss: 0.1450887
	speed: 0.0112s/iter; left time: 7447.0307s
	iters: 8600, epoch: 2 | loss: 0.1593920
	speed: 0.0110s/iter; left time: 7314.9965s
	iters: 8700, epoch: 2 | loss: 0.1447005
	speed: 0.0106s/iter; left time: 7048.0999s
	iters: 8800, epoch: 2 | loss: 0.1543946
	speed: 0.0105s/iter; left time: 6996.3409s
	iters: 8900, epoch: 2 | loss: 0.1514694
	speed: 0.0107s/iter; left time: 7098.3257s
	iters: 9000, epoch: 2 | loss: 0.1499269
	speed: 0.0112s/iter; left time: 7401.3654s
	iters: 9100, epoch: 2 | loss: 0.1267013
	speed: 0.0106s/iter; left time: 7058.2447s
	iters: 9200, epoch: 2 | loss: 0.1599943
	speed: 0.0111s/iter; left time: 7340.2694s
	iters: 9300, epoch: 2 | loss: 0.1720018
	speed: 0.0110s/iter; left time: 7291.7737s
	iters: 9400, epoch: 2 | loss: 0.1249991
	speed: 0.0110s/iter; left time: 7288.1004s
	iters: 9500, epoch: 2 | loss: 0.1696952
	speed: 0.0108s/iter; left time: 7179.7686s
	iters: 9600, epoch: 2 | loss: 0.1622930
	speed: 0.0109s/iter; left time: 7227.3572s
	iters: 9700, epoch: 2 | loss: 0.1336707
	speed: 0.0106s/iter; left time: 7005.6921s
	iters: 9800, epoch: 2 | loss: 0.1907744
	speed: 0.0108s/iter; left time: 7165.9732s
	iters: 9900, epoch: 2 | loss: 0.1477909
	speed: 0.0107s/iter; left time: 7112.9058s
	iters: 10000, epoch: 2 | loss: 0.1127028
	speed: 0.0113s/iter; left time: 7497.6831s
	iters: 10100, epoch: 2 | loss: 0.2106570
	speed: 0.0118s/iter; left time: 7799.7301s
	iters: 10200, epoch: 2 | loss: 0.1928577
	speed: 0.0125s/iter; left time: 8273.1697s
	iters: 10300, epoch: 2 | loss: 0.1984401
	speed: 0.0114s/iter; left time: 7562.7493s
	iters: 10400, epoch: 2 | loss: 0.1648273
	speed: 0.0108s/iter; left time: 7158.7970s
	iters: 10500, epoch: 2 | loss: 0.2427102
	speed: 0.0134s/iter; left time: 8845.2022s
	iters: 10600, epoch: 2 | loss: 0.2300418
	speed: 0.0110s/iter; left time: 7302.0125s
	iters: 10700, epoch: 2 | loss: 0.2115377
	speed: 0.0106s/iter; left time: 7015.4976s
	iters: 10800, epoch: 2 | loss: 0.2955275
	speed: 0.0109s/iter; left time: 7200.5835s
	iters: 10900, epoch: 2 | loss: 0.2628263
	speed: 0.0105s/iter; left time: 6951.2657s
	iters: 11000, epoch: 2 | loss: 0.2431257
	speed: 0.0111s/iter; left time: 7313.3762s
	iters: 11100, epoch: 2 | loss: 0.2810306
	speed: 0.0117s/iter; left time: 7758.3138s
	iters: 11200, epoch: 2 | loss: 0.2275345
	speed: 0.0108s/iter; left time: 7118.7192s
	iters: 11300, epoch: 2 | loss: 0.2244973
	speed: 0.0107s/iter; left time: 7090.0565s
	iters: 11400, epoch: 2 | loss: 0.2732488
	speed: 0.0111s/iter; left time: 7364.3594s
	iters: 11500, epoch: 2 | loss: 0.2466155
	speed: 0.0110s/iter; left time: 7271.3725s
	iters: 11600, epoch: 2 | loss: 0.2272912
	speed: 0.0111s/iter; left time: 7335.6923s
	iters: 11700, epoch: 2 | loss: 0.1944577
	speed: 0.0107s/iter; left time: 7084.4361s
	iters: 11800, epoch: 2 | loss: 0.2652015
	speed: 0.0106s/iter; left time: 7021.5178s
	iters: 11900, epoch: 2 | loss: 0.2329059
	speed: 0.0105s/iter; left time: 6954.6429s
	iters: 12000, epoch: 2 | loss: 0.2440576
	speed: 0.0111s/iter; left time: 7301.0482s
	iters: 12100, epoch: 2 | loss: 0.2112209
	speed: 0.0106s/iter; left time: 6991.2223s
	iters: 12200, epoch: 2 | loss: 0.2562653
	speed: 0.0112s/iter; left time: 7379.6182s
	iters: 12300, epoch: 2 | loss: 0.2279445
	speed: 0.0129s/iter; left time: 8501.8971s
	iters: 12400, epoch: 2 | loss: 0.2781564
	speed: 0.0108s/iter; left time: 7099.4026s
	iters: 12500, epoch: 2 | loss: 0.1810271
	speed: 0.0109s/iter; left time: 7167.4549s
	iters: 12600, epoch: 2 | loss: 0.2012010
	speed: 0.0108s/iter; left time: 7110.5575s
	iters: 12700, epoch: 2 | loss: 0.2678895
	speed: 0.0110s/iter; left time: 7246.4382s
	iters: 12800, epoch: 2 | loss: 0.2194421
	speed: 0.0109s/iter; left time: 7165.4191s
	iters: 12900, epoch: 2 | loss: 0.2181403
	speed: 0.0118s/iter; left time: 7816.0943s
	iters: 13000, epoch: 2 | loss: 0.2601801
	speed: 0.0119s/iter; left time: 7880.8305s
	iters: 13100, epoch: 2 | loss: 0.3014872
	speed: 0.0111s/iter; left time: 7297.5785s
	iters: 13200, epoch: 2 | loss: 0.2694922
	speed: 0.0111s/iter; left time: 7345.5315s
	iters: 13300, epoch: 2 | loss: 0.2366426
	speed: 0.0136s/iter; left time: 8992.2138s
	iters: 13400, epoch: 2 | loss: 0.1678478
	speed: 0.0106s/iter; left time: 7016.1791s
	iters: 13500, epoch: 2 | loss: 0.1716992
	speed: 0.0112s/iter; left time: 7412.7048s
	iters: 13600, epoch: 2 | loss: 0.2356005
	speed: 0.0104s/iter; left time: 6883.3300s
	iters: 13700, epoch: 2 | loss: 0.2344061
	speed: 0.0107s/iter; left time: 7017.2313s
	iters: 13800, epoch: 2 | loss: 0.2485344
	speed: 0.0106s/iter; left time: 6973.2729s
	iters: 13900, epoch: 2 | loss: 0.2840234
	speed: 0.0106s/iter; left time: 6957.2624s
	iters: 14000, epoch: 2 | loss: 0.2186498
	speed: 0.0109s/iter; left time: 7174.2227s
	iters: 14100, epoch: 2 | loss: 0.2554353
	speed: 0.0109s/iter; left time: 7190.8638s
	iters: 14200, epoch: 2 | loss: 0.2773797
	speed: 0.0108s/iter; left time: 7118.9621s
	iters: 14300, epoch: 2 | loss: 0.2799926
	speed: 0.0105s/iter; left time: 6938.4299s
	iters: 14400, epoch: 2 | loss: 0.1879880
	speed: 0.0105s/iter; left time: 6924.6680s
	iters: 14500, epoch: 2 | loss: 0.2426339
	speed: 0.0107s/iter; left time: 7045.3767s
	iters: 14600, epoch: 2 | loss: 0.1901585
	speed: 0.0107s/iter; left time: 7065.0097s
	iters: 14700, epoch: 2 | loss: 0.2497815
	speed: 0.0105s/iter; left time: 6932.1934s
	iters: 14800, epoch: 2 | loss: 0.2540525
	speed: 0.0110s/iter; left time: 7252.7862s
	iters: 14900, epoch: 2 | loss: 0.2768163
	speed: 0.0108s/iter; left time: 7120.7132s
	iters: 15000, epoch: 2 | loss: 0.2963908
	speed: 0.0107s/iter; left time: 7014.5303s
	iters: 15100, epoch: 2 | loss: 0.2898326
	speed: 0.0105s/iter; left time: 6894.6773s
	iters: 15200, epoch: 2 | loss: 0.2486695
	speed: 0.0106s/iter; left time: 6951.4862s
	iters: 15300, epoch: 2 | loss: 0.2901956
	speed: 0.0105s/iter; left time: 6911.3859s
	iters: 15400, epoch: 2 | loss: 0.2064375
	speed: 0.0108s/iter; left time: 7080.4626s
	iters: 15500, epoch: 2 | loss: 0.2247521
	speed: 0.0125s/iter; left time: 8206.9889s
	iters: 15600, epoch: 2 | loss: 0.2388666
	speed: 0.0113s/iter; left time: 7450.6711s
	iters: 15700, epoch: 2 | loss: 0.2208469
	speed: 0.0108s/iter; left time: 7122.1559s
	iters: 15800, epoch: 2 | loss: 0.2478997
	speed: 0.0106s/iter; left time: 6957.3581s
	iters: 15900, epoch: 2 | loss: 0.2930737
	speed: 0.0109s/iter; left time: 7147.9138s
	iters: 16000, epoch: 2 | loss: 0.1682353
	speed: 0.0106s/iter; left time: 6967.7863s
	iters: 16100, epoch: 2 | loss: 0.3109833
	speed: 0.0132s/iter; left time: 8682.8148s
	iters: 16200, epoch: 2 | loss: 0.2326603
	speed: 0.0104s/iter; left time: 6855.1817s
	iters: 16300, epoch: 2 | loss: 0.2434735
	speed: 0.0107s/iter; left time: 7042.3672s
	iters: 16400, epoch: 2 | loss: 0.2378850
	speed: 0.0104s/iter; left time: 6851.2968s
	iters: 16500, epoch: 2 | loss: 0.2421478
	speed: 0.0107s/iter; left time: 7048.6417s
	iters: 16600, epoch: 2 | loss: 0.2123288
	speed: 0.0107s/iter; left time: 6990.3238s
	iters: 16700, epoch: 2 | loss: 0.2571296
	speed: 0.0106s/iter; left time: 6967.1225s
	iters: 16800, epoch: 2 | loss: 0.2281611
	speed: 0.0108s/iter; left time: 7079.8648s
	iters: 16900, epoch: 2 | loss: 0.2219065
	speed: 0.0108s/iter; left time: 7097.8893s
	iters: 17000, epoch: 2 | loss: 0.2453884
	speed: 0.0107s/iter; left time: 7013.1624s
	iters: 17100, epoch: 2 | loss: 0.3183572
	speed: 0.0108s/iter; left time: 7076.1397s
	iters: 17200, epoch: 2 | loss: 0.2578392
	speed: 0.0105s/iter; left time: 6906.5367s
	iters: 17300, epoch: 2 | loss: 0.3299531
	speed: 0.0110s/iter; left time: 7237.5666s
	iters: 17400, epoch: 2 | loss: 0.2793593
	speed: 0.0106s/iter; left time: 6917.3068s
	iters: 17500, epoch: 2 | loss: 0.2426277
	speed: 0.0103s/iter; left time: 6744.8094s
	iters: 17600, epoch: 2 | loss: 0.3082370
	speed: 0.0105s/iter; left time: 6891.4035s
	iters: 17700, epoch: 2 | loss: 0.2983906
	speed: 0.0105s/iter; left time: 6853.9583s
	iters: 17800, epoch: 2 | loss: 0.1864577
	speed: 0.0105s/iter; left time: 6895.5740s
	iters: 17900, epoch: 2 | loss: 0.2680517
	speed: 0.0104s/iter; left time: 6807.4017s
	iters: 18000, epoch: 2 | loss: 0.2788613
	speed: 0.0106s/iter; left time: 6961.2468s
	iters: 18100, epoch: 2 | loss: 0.2437527
	speed: 0.0105s/iter; left time: 6863.6950s
	iters: 18200, epoch: 2 | loss: 0.2183509
	speed: 0.0106s/iter; left time: 6910.1856s
	iters: 18300, epoch: 2 | loss: 0.1951138
	speed: 0.0108s/iter; left time: 7071.4865s
	iters: 18400, epoch: 2 | loss: 0.2893362
	speed: 0.0116s/iter; left time: 7597.7642s
	iters: 18500, epoch: 2 | loss: 0.2356963
	speed: 0.0108s/iter; left time: 7034.0739s
	iters: 18600, epoch: 2 | loss: 0.1755715
	speed: 0.0106s/iter; left time: 6933.4830s
	iters: 18700, epoch: 2 | loss: 0.2203553
	speed: 0.0107s/iter; left time: 7019.7127s
	iters: 18800, epoch: 2 | loss: 0.2944139
	speed: 0.0106s/iter; left time: 6913.8518s
	iters: 18900, epoch: 2 | loss: 0.2139237
	speed: 0.0120s/iter; left time: 7817.5248s
	iters: 19000, epoch: 2 | loss: 0.3086987
	speed: 0.0117s/iter; left time: 7635.0635s
	iters: 19100, epoch: 2 | loss: 0.2433400
	speed: 0.0105s/iter; left time: 6877.6743s
	iters: 19200, epoch: 2 | loss: 0.2699361
	speed: 0.0106s/iter; left time: 6929.0681s
	iters: 19300, epoch: 2 | loss: 0.2446492
	speed: 0.0107s/iter; left time: 6977.2611s
	iters: 19400, epoch: 2 | loss: 0.3069796
	speed: 0.0106s/iter; left time: 6905.8913s
	iters: 19500, epoch: 2 | loss: 0.2179370
	speed: 0.0107s/iter; left time: 6975.2634s
	iters: 19600, epoch: 2 | loss: 0.2166646
	speed: 0.0108s/iter; left time: 7023.6317s
	iters: 19700, epoch: 2 | loss: 0.2990980
	speed: 0.0108s/iter; left time: 7031.9396s
	iters: 19800, epoch: 2 | loss: 0.2289345
	speed: 0.0105s/iter; left time: 6840.3139s
	iters: 19900, epoch: 2 | loss: 0.2562903
	speed: 0.0106s/iter; left time: 6939.4672s
	iters: 20000, epoch: 2 | loss: 0.2308469
	speed: 0.0107s/iter; left time: 6970.7797s
	iters: 20100, epoch: 2 | loss: 0.2606734
	speed: 0.0109s/iter; left time: 7139.4038s
	iters: 20200, epoch: 2 | loss: 0.2396436
	speed: 0.0107s/iter; left time: 6988.3013s
	iters: 20300, epoch: 2 | loss: 0.1767349
	speed: 0.0109s/iter; left time: 7108.9065s
	iters: 20400, epoch: 2 | loss: 0.2440722
	speed: 0.0106s/iter; left time: 6899.5324s
	iters: 20500, epoch: 2 | loss: 0.2183453
	speed: 0.0107s/iter; left time: 6982.3964s
	iters: 20600, epoch: 2 | loss: 0.2172161
	speed: 0.0108s/iter; left time: 7030.7702s
	iters: 20700, epoch: 2 | loss: 0.1990190
	speed: 0.0106s/iter; left time: 6903.8426s
	iters: 20800, epoch: 2 | loss: 0.2541790
	speed: 0.0104s/iter; left time: 6754.3193s
	iters: 20900, epoch: 2 | loss: 0.2045188
	speed: 0.0104s/iter; left time: 6802.4811s
	iters: 21000, epoch: 2 | loss: 0.2169766
	speed: 0.0107s/iter; left time: 6999.0184s
	iters: 21100, epoch: 2 | loss: 0.1998002
	speed: 0.0112s/iter; left time: 7311.2308s
	iters: 21200, epoch: 2 | loss: 0.2151997
	speed: 0.0111s/iter; left time: 7227.4737s
	iters: 21300, epoch: 2 | loss: 0.2511367
	speed: 0.0109s/iter; left time: 7068.8411s
	iters: 21400, epoch: 2 | loss: 0.1752063
	speed: 0.0109s/iter; left time: 7126.0688s
	iters: 21500, epoch: 2 | loss: 0.2015928
	speed: 0.0118s/iter; left time: 7673.5130s
	iters: 21600, epoch: 2 | loss: 0.2789185
	speed: 0.0117s/iter; left time: 7584.3156s
	iters: 21700, epoch: 2 | loss: 0.3310893
	speed: 0.0114s/iter; left time: 7431.0169s
	iters: 21800, epoch: 2 | loss: 0.1768436
	speed: 0.0137s/iter; left time: 8904.7411s
	iters: 21900, epoch: 2 | loss: 0.2207630
	speed: 0.0114s/iter; left time: 7407.9987s
	iters: 22000, epoch: 2 | loss: 0.2283969
	speed: 0.0110s/iter; left time: 7140.6445s
	iters: 22100, epoch: 2 | loss: 0.2391262
	speed: 0.0112s/iter; left time: 7272.8637s
	iters: 22200, epoch: 2 | loss: 0.2324918
	speed: 0.0110s/iter; left time: 7121.0359s
	iters: 22300, epoch: 2 | loss: 0.1808463
	speed: 0.0109s/iter; left time: 7091.3423s
	iters: 22400, epoch: 2 | loss: 0.2239439
	speed: 0.0113s/iter; left time: 7345.1282s
	iters: 22500, epoch: 2 | loss: 0.2620892
	speed: 0.0107s/iter; left time: 6980.0171s
	iters: 22600, epoch: 2 | loss: 0.2055766
	speed: 0.0109s/iter; left time: 7099.8529s
	iters: 22700, epoch: 2 | loss: 0.2169241
	speed: 0.0108s/iter; left time: 7010.0369s
	iters: 22800, epoch: 2 | loss: 0.3299549
	speed: 0.0107s/iter; left time: 6956.8688s
	iters: 22900, epoch: 2 | loss: 0.2370809
	speed: 0.0109s/iter; left time: 7090.5926s
	iters: 23000, epoch: 2 | loss: 0.1996998
	speed: 0.0108s/iter; left time: 7043.5044s
	iters: 23100, epoch: 2 | loss: 0.1817977
	speed: 0.0106s/iter; left time: 6876.7857s
Epoch: 2 cost time: 253.59378385543823
Epoch: 2, Steps: 23190 | Train Loss: 0.2036317 Vali Loss: 0.2639402
EarlyStopping counter: 1 out of 5
Updating learning rate to 0.0005
	iters: 100, epoch: 3 | loss: 0.2638447
	speed: 0.1012s/iter; left time: 65673.0816s
	iters: 200, epoch: 3 | loss: 0.2766283
	speed: 0.0119s/iter; left time: 7723.5204s
	iters: 300, epoch: 3 | loss: 0.2087739
	speed: 0.0117s/iter; left time: 7602.2425s
	iters: 400, epoch: 3 | loss: 0.2286660
	speed: 0.0107s/iter; left time: 6929.0147s
	iters: 500, epoch: 3 | loss: 0.3227196
	speed: 0.0110s/iter; left time: 7159.9154s
	iters: 600, epoch: 3 | loss: 0.2465582
	speed: 0.0135s/iter; left time: 8770.2130s
	iters: 700, epoch: 3 | loss: 0.2725100
	speed: 0.0110s/iter; left time: 7135.3330s
	iters: 800, epoch: 3 | loss: 0.2204382
	speed: 0.0106s/iter; left time: 6874.0888s
	iters: 900, epoch: 3 | loss: 0.2387491
	speed: 0.0110s/iter; left time: 7129.4735s
	iters: 1000, epoch: 3 | loss: 0.2942843
	speed: 0.0109s/iter; left time: 7088.1745s
	iters: 1100, epoch: 3 | loss: 0.2072434
	speed: 0.0105s/iter; left time: 6812.3677s
	iters: 1200, epoch: 3 | loss: 0.2003762
	speed: 0.0106s/iter; left time: 6865.1900s
	iters: 1300, epoch: 3 | loss: 0.2741585
	speed: 0.0107s/iter; left time: 6955.3755s
	iters: 1400, epoch: 3 | loss: 0.2831971
	speed: 0.0105s/iter; left time: 6789.0634s
	iters: 1500, epoch: 3 | loss: 0.3227380
	speed: 0.0107s/iter; left time: 6902.8511s
	iters: 1600, epoch: 3 | loss: 0.2753301
	speed: 0.0110s/iter; left time: 7095.9611s
	iters: 1700, epoch: 3 | loss: 0.2000869
	speed: 0.0110s/iter; left time: 7147.4018s
	iters: 1800, epoch: 3 | loss: 0.2272745
	speed: 0.0110s/iter; left time: 7123.9870s
	iters: 1900, epoch: 3 | loss: 0.2462321
	speed: 0.0121s/iter; left time: 7829.6792s
	iters: 2000, epoch: 3 | loss: 0.2777641
	speed: 0.0116s/iter; left time: 7537.3153s
	iters: 2100, epoch: 3 | loss: 0.2922885
	speed: 0.0112s/iter; left time: 7228.7633s
	iters: 2200, epoch: 3 | loss: 0.2408113
	speed: 0.0114s/iter; left time: 7349.6509s
	iters: 2300, epoch: 3 | loss: 0.2167370
	speed: 0.0109s/iter; left time: 7068.1782s
	iters: 2400, epoch: 3 | loss: 0.2129014
	speed: 0.0105s/iter; left time: 6765.5752s
	iters: 2500, epoch: 3 | loss: 0.2129943
	speed: 0.0108s/iter; left time: 6993.8875s
	iters: 2600, epoch: 3 | loss: 0.3137493
	speed: 0.0107s/iter; left time: 6893.2594s
	iters: 2700, epoch: 3 | loss: 0.2295702
	speed: 0.0117s/iter; left time: 7537.7656s
	iters: 2800, epoch: 3 | loss: 0.2093197
	speed: 0.0108s/iter; left time: 6962.6883s
	iters: 2900, epoch: 3 | loss: 0.2141980
	speed: 0.0114s/iter; left time: 7382.6824s
	iters: 3000, epoch: 3 | loss: 0.2883830
	speed: 0.0107s/iter; left time: 6909.4119s
	iters: 3100, epoch: 3 | loss: 0.2574340
	speed: 0.0109s/iter; left time: 7019.0260s
	iters: 3200, epoch: 3 | loss: 0.2370939
	speed: 0.0107s/iter; left time: 6922.7433s
	iters: 3300, epoch: 3 | loss: 0.2277972
	speed: 0.0109s/iter; left time: 7063.4304s
	iters: 3400, epoch: 3 | loss: 0.2570849
	speed: 0.0141s/iter; left time: 9123.0221s
	iters: 3500, epoch: 3 | loss: 0.2230677
	speed: 0.0106s/iter; left time: 6830.8882s
	iters: 3600, epoch: 3 | loss: 0.2825390
	speed: 0.0112s/iter; left time: 7233.6078s
	iters: 3700, epoch: 3 | loss: 0.2500815
	speed: 0.0107s/iter; left time: 6888.0905s
	iters: 3800, epoch: 3 | loss: 0.2654502
	speed: 0.0109s/iter; left time: 7007.5737s
	iters: 3900, epoch: 3 | loss: 0.2242314
	speed: 0.0108s/iter; left time: 6999.4974s
	iters: 4000, epoch: 3 | loss: 0.2226144
	speed: 0.0111s/iter; left time: 7151.2786s
	iters: 4100, epoch: 3 | loss: 0.3064485
	speed: 0.0108s/iter; left time: 6946.6144s
	iters: 4200, epoch: 3 | loss: 0.2223084
	speed: 0.0106s/iter; left time: 6816.2153s
	iters: 4300, epoch: 3 | loss: 0.2461923
	speed: 0.0108s/iter; left time: 6992.1206s
	iters: 4400, epoch: 3 | loss: 0.1878463
	speed: 0.0106s/iter; left time: 6814.1190s
	iters: 4500, epoch: 3 | loss: 0.1995823
	speed: 0.0109s/iter; left time: 7033.4895s
	iters: 4600, epoch: 3 | loss: 0.2611896
	speed: 0.0110s/iter; left time: 7070.8025s
	iters: 4700, epoch: 3 | loss: 0.3392478
	speed: 0.0105s/iter; left time: 6758.4843s
	iters: 4800, epoch: 3 | loss: 0.3017977
	speed: 0.0109s/iter; left time: 7041.9649s
	iters: 4900, epoch: 3 | loss: 0.2663232
	speed: 0.0105s/iter; left time: 6784.7681s
	iters: 5000, epoch: 3 | loss: 0.2051173
	speed: 0.0108s/iter; left time: 6950.8256s
	iters: 5100, epoch: 3 | loss: 0.2244242
	speed: 0.0106s/iter; left time: 6839.1682s
	iters: 5200, epoch: 3 | loss: 0.3168606
	speed: 0.0111s/iter; left time: 7150.2216s
	iters: 5300, epoch: 3 | loss: 0.2083907
	speed: 0.0108s/iter; left time: 6929.8623s
	iters: 5400, epoch: 3 | loss: 0.2292966
	speed: 0.0115s/iter; left time: 7425.2450s
	iters: 5500, epoch: 3 | loss: 0.2538989
	speed: 0.0106s/iter; left time: 6845.2522s
	iters: 5600, epoch: 3 | loss: 0.2151394
	speed: 0.0113s/iter; left time: 7249.9709s
	iters: 5700, epoch: 3 | loss: 0.2092449
	speed: 0.0109s/iter; left time: 7022.1696s
	iters: 5800, epoch: 3 | loss: 0.1808133
	speed: 0.0107s/iter; left time: 6889.1893s
	iters: 5900, epoch: 3 | loss: 0.2430497
	speed: 0.0110s/iter; left time: 7065.1740s
	iters: 6000, epoch: 3 | loss: 0.2175102
	speed: 0.0104s/iter; left time: 6714.3427s
	iters: 6100, epoch: 3 | loss: 0.2344239
	speed: 0.0116s/iter; left time: 7454.1488s
	iters: 6200, epoch: 3 | loss: 0.2602941
	speed: 0.0135s/iter; left time: 8651.7195s
	iters: 6300, epoch: 3 | loss: 0.3390515
	speed: 0.0113s/iter; left time: 7275.3795s
	iters: 6400, epoch: 3 | loss: 0.1814698
	speed: 0.0112s/iter; left time: 7181.0021s
	iters: 6500, epoch: 3 | loss: 0.1883650
	speed: 0.0109s/iter; left time: 6985.8942s
	iters: 6600, epoch: 3 | loss: 0.2935646
	speed: 0.0112s/iter; left time: 7210.9862s
	iters: 6700, epoch: 3 | loss: 0.1612617
	speed: 0.0108s/iter; left time: 6935.4479s
	iters: 6800, epoch: 3 | loss: 0.2238889
	speed: 0.0111s/iter; left time: 7159.6652s
	iters: 6900, epoch: 3 | loss: 0.2143860
	speed: 0.0111s/iter; left time: 7105.8575s
	iters: 7000, epoch: 3 | loss: 0.2141667
	speed: 0.0109s/iter; left time: 6990.0838s
	iters: 7100, epoch: 3 | loss: 0.2753512
	speed: 0.0107s/iter; left time: 6902.1412s
	iters: 7200, epoch: 3 | loss: 0.3236178
	speed: 0.0108s/iter; left time: 6913.6079s
	iters: 7300, epoch: 3 | loss: 0.1896602
	speed: 0.0114s/iter; left time: 7333.8802s
	iters: 7400, epoch: 3 | loss: 0.2888679
	speed: 0.0112s/iter; left time: 7185.8337s
	iters: 7500, epoch: 3 | loss: 0.2799163
	speed: 0.0109s/iter; left time: 6997.2500s
	iters: 7600, epoch: 3 | loss: 0.2232535
	speed: 0.0111s/iter; left time: 7098.9685s
	iters: 7700, epoch: 3 | loss: 0.2201693
	speed: 0.0109s/iter; left time: 7010.2752s
	iters: 7800, epoch: 3 | loss: 0.2690240
	speed: 0.0110s/iter; left time: 7026.4752s
	iters: 7900, epoch: 3 | loss: 0.2305779
	speed: 0.0111s/iter; left time: 7111.3538s
	iters: 8000, epoch: 3 | loss: 0.3112870
	speed: 0.0111s/iter; left time: 7105.2452s
	iters: 8100, epoch: 3 | loss: 0.2177935
	speed: 0.0114s/iter; left time: 7323.4499s
	iters: 8200, epoch: 3 | loss: 0.3013415
	speed: 0.0110s/iter; left time: 7022.1935s
	iters: 8300, epoch: 3 | loss: 0.2651284
	speed: 0.0110s/iter; left time: 7057.4888s
	iters: 8400, epoch: 3 | loss: 0.2496698
	speed: 0.0108s/iter; left time: 6918.2912s
	iters: 8500, epoch: 3 | loss: 0.2143783
	speed: 0.0108s/iter; left time: 6926.8004s
	iters: 8600, epoch: 3 | loss: 0.2361868
	speed: 0.0109s/iter; left time: 6959.4000s
	iters: 8700, epoch: 3 | loss: 0.1905285
	speed: 0.0108s/iter; left time: 6934.2350s
	iters: 8800, epoch: 3 | loss: 0.2754330
	speed: 0.0108s/iter; left time: 6891.8852s
	iters: 8900, epoch: 3 | loss: 0.2701272
	speed: 0.0132s/iter; left time: 8434.2325s
	iters: 9000, epoch: 3 | loss: 0.2786061
	speed: 0.0113s/iter; left time: 7220.5830s
	iters: 9100, epoch: 3 | loss: 0.1849894
	speed: 0.0109s/iter; left time: 6947.5963s
	iters: 9200, epoch: 3 | loss: 0.2270469
	speed: 0.0108s/iter; left time: 6922.5946s
	iters: 9300, epoch: 3 | loss: 0.2230356
	speed: 0.0107s/iter; left time: 6876.0206s
	iters: 9400, epoch: 3 | loss: 0.2078339
	speed: 0.0109s/iter; left time: 6990.7141s
	iters: 9500, epoch: 3 | loss: 0.2581772
	speed: 0.0112s/iter; left time: 7161.0749s
	iters: 9600, epoch: 3 | loss: 0.1896939
	speed: 0.0109s/iter; left time: 6970.6782s
	iters: 9700, epoch: 3 | loss: 0.2128258
	speed: 0.0108s/iter; left time: 6888.4385s
	iters: 9800, epoch: 3 | loss: 0.1708714
	speed: 0.0108s/iter; left time: 6899.6814s
	iters: 9900, epoch: 3 | loss: 0.2339535
	speed: 0.0108s/iter; left time: 6881.3117s
	iters: 10000, epoch: 3 | loss: 0.3200406
	speed: 0.0110s/iter; left time: 7032.8840s
	iters: 10100, epoch: 3 | loss: 0.2804326
	speed: 0.0106s/iter; left time: 6796.5268s
	iters: 10200, epoch: 3 | loss: 0.2064387
	speed: 0.0117s/iter; left time: 7463.7355s
	iters: 10300, epoch: 3 | loss: 0.2486157
	speed: 0.0127s/iter; left time: 8107.0835s
	iters: 10400, epoch: 3 | loss: 0.2514143
	speed: 0.0116s/iter; left time: 7414.7867s
	iters: 10500, epoch: 3 | loss: 0.1951243
	speed: 0.0120s/iter; left time: 7691.2007s
	iters: 10600, epoch: 3 | loss: 0.2185859
	speed: 0.0108s/iter; left time: 6922.7541s
	iters: 10700, epoch: 3 | loss: 0.2927336
	speed: 0.0115s/iter; left time: 7338.1918s
	iters: 10800, epoch: 3 | loss: 0.1968990
	speed: 0.0113s/iter; left time: 7210.5018s
	iters: 10900, epoch: 3 | loss: 0.1848519
	speed: 0.0111s/iter; left time: 7078.2180s
	iters: 11000, epoch: 3 | loss: 0.2846217
	speed: 0.0109s/iter; left time: 6935.4394s
	iters: 11100, epoch: 3 | loss: 0.2806985
	speed: 0.0110s/iter; left time: 7005.3951s
	iters: 11200, epoch: 3 | loss: 0.2309923
	speed: 0.0106s/iter; left time: 6767.7275s
	iters: 11300, epoch: 3 | loss: 0.1812798
	speed: 0.0107s/iter; left time: 6852.6049s
	iters: 11400, epoch: 3 | loss: 0.2707710
	speed: 0.0109s/iter; left time: 6935.6683s
	iters: 11500, epoch: 3 | loss: 0.1751011
	speed: 0.0106s/iter; left time: 6782.5157s
	iters: 11600, epoch: 3 | loss: 0.2643529
	speed: 0.0124s/iter; left time: 7936.7764s
	iters: 11700, epoch: 3 | loss: 0.2651199
	speed: 0.0131s/iter; left time: 8381.4329s
	iters: 11800, epoch: 3 | loss: 0.2491405
	speed: 0.0109s/iter; left time: 6919.4438s
	iters: 11900, epoch: 3 | loss: 0.2347516
	speed: 0.0107s/iter; left time: 6792.6662s
	iters: 12000, epoch: 3 | loss: 0.2593427
	speed: 0.0122s/iter; left time: 7769.8493s
	iters: 12100, epoch: 3 | loss: 0.2003266
	speed: 0.0111s/iter; left time: 7086.3244s
	iters: 12200, epoch: 3 | loss: 0.3234745
	speed: 0.0107s/iter; left time: 6840.9046s
	iters: 12300, epoch: 3 | loss: 0.2378794
	speed: 0.0109s/iter; left time: 6940.8067s
	iters: 12400, epoch: 3 | loss: 0.2515220
	speed: 0.0106s/iter; left time: 6756.7652s
	iters: 12500, epoch: 3 | loss: 0.2488625
	speed: 0.0113s/iter; left time: 7180.2740s
	iters: 12600, epoch: 3 | loss: 0.2839082
	speed: 0.0110s/iter; left time: 6978.5408s
	iters: 12700, epoch: 3 | loss: 0.2695577
	speed: 0.0110s/iter; left time: 6979.9750s
	iters: 12800, epoch: 3 | loss: 0.2220977
	speed: 0.0108s/iter; left time: 6878.5132s
	iters: 12900, epoch: 3 | loss: 0.2403727
	speed: 0.0110s/iter; left time: 6972.8918s
	iters: 13000, epoch: 3 | loss: 0.2337148
	speed: 0.0107s/iter; left time: 6827.8666s
	iters: 13100, epoch: 3 | loss: 0.2761447
	speed: 0.0108s/iter; left time: 6863.7021s
	iters: 13200, epoch: 3 | loss: 0.2889727
	speed: 0.0106s/iter; left time: 6718.6313s
	iters: 13300, epoch: 3 | loss: 0.1569055
	speed: 0.0109s/iter; left time: 6904.3871s
	iters: 13400, epoch: 3 | loss: 0.2672322
	speed: 0.0105s/iter; left time: 6708.7441s
	iters: 13500, epoch: 3 | loss: 0.2482428
	speed: 0.0115s/iter; left time: 7327.6045s
	iters: 13600, epoch: 3 | loss: 0.2832298
	speed: 0.0109s/iter; left time: 6907.2886s
	iters: 13700, epoch: 3 | loss: 0.3676373
	speed: 0.0109s/iter; left time: 6924.7995s
	iters: 13800, epoch: 3 | loss: 0.3131104
	speed: 0.0108s/iter; left time: 6859.2262s
	iters: 13900, epoch: 3 | loss: 0.2752599
	speed: 0.0110s/iter; left time: 6980.5558s
	iters: 14000, epoch: 3 | loss: 0.2394476
	speed: 0.0107s/iter; left time: 6791.2134s
	iters: 14100, epoch: 3 | loss: 0.2497170
	speed: 0.0107s/iter; left time: 6813.3192s
	iters: 14200, epoch: 3 | loss: 0.2506022
	speed: 0.0112s/iter; left time: 7124.7991s
	iters: 14300, epoch: 3 | loss: 0.1961018
	speed: 0.0108s/iter; left time: 6829.3618s
	iters: 14400, epoch: 3 | loss: 0.2259569
	speed: 0.0123s/iter; left time: 7818.7412s
	iters: 14500, epoch: 3 | loss: 0.2778872
	speed: 0.0122s/iter; left time: 7713.7950s
	iters: 14600, epoch: 3 | loss: 0.2662219
	speed: 0.0107s/iter; left time: 6788.7676s
	iters: 14700, epoch: 3 | loss: 0.2185352
	speed: 0.0106s/iter; left time: 6722.7472s
	iters: 14800, epoch: 3 | loss: 0.2143935
	speed: 0.0106s/iter; left time: 6711.1496s
	iters: 14900, epoch: 3 | loss: 0.1814655
	speed: 0.0107s/iter; left time: 6811.1502s
	iters: 15000, epoch: 3 | loss: 0.1930868
	speed: 0.0110s/iter; left time: 6987.6101s
	iters: 15100, epoch: 3 | loss: 0.3512671
	speed: 0.0107s/iter; left time: 6796.3241s
	iters: 15200, epoch: 3 | loss: 0.1779096
	speed: 0.0108s/iter; left time: 6864.1692s
	iters: 15300, epoch: 3 | loss: 0.2676815
	speed: 0.0108s/iter; left time: 6868.7145s
	iters: 15400, epoch: 3 | loss: 0.2563947
	speed: 0.0106s/iter; left time: 6738.2233s
	iters: 15500, epoch: 3 | loss: 0.2589459
	speed: 0.0106s/iter; left time: 6743.5933s
	iters: 15600, epoch: 3 | loss: 0.2219151
	speed: 0.0108s/iter; left time: 6840.2595s
	iters: 15700, epoch: 3 | loss: 0.2525615
	speed: 0.0109s/iter; left time: 6936.8253s
	iters: 15800, epoch: 3 | loss: 0.2477616
	speed: 0.0110s/iter; left time: 6975.4246s
	iters: 15900, epoch: 3 | loss: 0.2274417
	speed: 0.0107s/iter; left time: 6760.7732s
	iters: 16000, epoch: 3 | loss: 0.2115294
	speed: 0.0105s/iter; left time: 6639.4168s
	iters: 16100, epoch: 3 | loss: 0.3091462
	speed: 0.0109s/iter; left time: 6881.4871s
	iters: 16200, epoch: 3 | loss: 0.2568668
	speed: 0.0110s/iter; left time: 6943.5524s
	iters: 16300, epoch: 3 | loss: 0.1861677
	speed: 0.0113s/iter; left time: 7139.3074s
	iters: 16400, epoch: 3 | loss: 0.2073018
	speed: 0.0107s/iter; left time: 6745.4152s
	iters: 16500, epoch: 3 | loss: 0.1663002
	speed: 0.0108s/iter; left time: 6814.8886s
	iters: 16600, epoch: 3 | loss: 0.2446153
	speed: 0.0109s/iter; left time: 6866.4562s
	iters: 16700, epoch: 3 | loss: 0.2842977
	speed: 0.0111s/iter; left time: 6999.3792s
	iters: 16800, epoch: 3 | loss: 0.2091493
	speed: 0.0105s/iter; left time: 6637.2597s
	iters: 16900, epoch: 3 | loss: 0.2416381
	speed: 0.0110s/iter; left time: 6969.9956s
	iters: 17000, epoch: 3 | loss: 0.2693753
	speed: 0.0108s/iter; left time: 6798.9888s
	iters: 17100, epoch: 3 | loss: 0.2225872
	speed: 0.0107s/iter; left time: 6759.9529s
	iters: 17200, epoch: 3 | loss: 0.2838114
	speed: 0.0112s/iter; left time: 7109.5181s
	iters: 17300, epoch: 3 | loss: 0.2274106
	speed: 0.0123s/iter; left time: 7802.4043s
	iters: 17400, epoch: 3 | loss: 0.2287037
	speed: 0.0105s/iter; left time: 6625.9166s
	iters: 17500, epoch: 3 | loss: 0.2672786
	speed: 0.0105s/iter; left time: 6661.8255s
	iters: 17600, epoch: 3 | loss: 0.2234118
	speed: 0.0105s/iter; left time: 6614.2209s
	iters: 17700, epoch: 3 | loss: 0.2374151
	speed: 0.0104s/iter; left time: 6544.8526s
	iters: 17800, epoch: 3 | loss: 0.2244152
	speed: 0.0106s/iter; left time: 6674.7413s
	iters: 17900, epoch: 3 | loss: 0.2699378
	speed: 0.0107s/iter; left time: 6767.8096s
	iters: 18000, epoch: 3 | loss: 0.2484030
	speed: 0.0106s/iter; left time: 6696.4154s
	iters: 18100, epoch: 3 | loss: 0.2220787
	speed: 0.0105s/iter; left time: 6638.0162s
	iters: 18200, epoch: 3 | loss: 0.2592945
	speed: 0.0106s/iter; left time: 6668.1768s
	iters: 18300, epoch: 3 | loss: 0.2156196
	speed: 0.0109s/iter; left time: 6849.8293s
	iters: 18400, epoch: 3 | loss: 0.2675029
	speed: 0.0105s/iter; left time: 6644.5637s
	iters: 18500, epoch: 3 | loss: 0.2507324
	speed: 0.0106s/iter; left time: 6703.1439s
	iters: 18600, epoch: 3 | loss: 0.2469212
	speed: 0.0107s/iter; left time: 6740.4511s
	iters: 18700, epoch: 3 | loss: 0.2751393
	speed: 0.0107s/iter; left time: 6733.4436s
	iters: 18800, epoch: 3 | loss: 0.3501078
	speed: 0.0106s/iter; left time: 6694.6255s
	iters: 18900, epoch: 3 | loss: 0.2670736
	speed: 0.0107s/iter; left time: 6726.1722s
	iters: 19000, epoch: 3 | loss: 0.2048550
	speed: 0.0109s/iter; left time: 6876.5501s
	iters: 19100, epoch: 3 | loss: 0.2509703
	speed: 0.0106s/iter; left time: 6704.6101s
	iters: 19200, epoch: 3 | loss: 0.3099974
	speed: 0.0105s/iter; left time: 6628.5682s
	iters: 19300, epoch: 3 | loss: 0.2486104
	speed: 0.0108s/iter; left time: 6813.6609s
	iters: 19400, epoch: 3 | loss: 0.2530716
	speed: 0.0110s/iter; left time: 6952.3670s
	iters: 19500, epoch: 3 | loss: 0.1979684
	speed: 0.0110s/iter; left time: 6935.0519s
	iters: 19600, epoch: 3 | loss: 0.1990048
	speed: 0.0110s/iter; left time: 6904.6636s
	iters: 19700, epoch: 3 | loss: 0.2126163
	speed: 0.0109s/iter; left time: 6849.1045s
	iters: 19800, epoch: 3 | loss: 0.2864878
	speed: 0.0111s/iter; left time: 7015.2314s
	iters: 19900, epoch: 3 | loss: 0.3147793
	speed: 0.0108s/iter; left time: 6812.6568s
	iters: 20000, epoch: 3 | loss: 0.3109355
	speed: 0.0108s/iter; left time: 6765.6212s
	iters: 20100, epoch: 3 | loss: 0.2807398
	speed: 0.0138s/iter; left time: 8664.2327s
	iters: 20200, epoch: 3 | loss: 0.2232149
	speed: 0.0107s/iter; left time: 6722.7416s
	iters: 20300, epoch: 3 | loss: 0.2680457
	speed: 0.0108s/iter; left time: 6818.3709s
	iters: 20400, epoch: 3 | loss: 0.2272668
	speed: 0.0105s/iter; left time: 6577.8344s
	iters: 20500, epoch: 3 | loss: 0.2663054
	speed: 0.0109s/iter; left time: 6866.2711s
	iters: 20600, epoch: 3 | loss: 0.2182145
	speed: 0.0107s/iter; left time: 6756.6045s
	iters: 20700, epoch: 3 | loss: 0.2244009
	speed: 0.0107s/iter; left time: 6702.5176s
	iters: 20800, epoch: 3 | loss: 0.2424141
	speed: 0.0111s/iter; left time: 6972.8796s
	iters: 20900, epoch: 3 | loss: 0.2797532
	speed: 0.0111s/iter; left time: 6980.5561s
	iters: 21000, epoch: 3 | loss: 0.1990680
	speed: 0.0106s/iter; left time: 6630.1322s
	iters: 21100, epoch: 3 | loss: 0.3202645
	speed: 0.0108s/iter; left time: 6761.4986s
	iters: 21200, epoch: 3 | loss: 0.2224638
	speed: 0.0108s/iter; left time: 6756.1123s
	iters: 21300, epoch: 3 | loss: 0.2546908
	speed: 0.0109s/iter; left time: 6843.2917s
	iters: 21400, epoch: 3 | loss: 0.1967227
	speed: 0.0106s/iter; left time: 6662.1227s
	iters: 21500, epoch: 3 | loss: 0.2798309
	speed: 0.0105s/iter; left time: 6588.4619s
	iters: 21600, epoch: 3 | loss: 0.2656739
	speed: 0.0106s/iter; left time: 6679.4267s
	iters: 21700, epoch: 3 | loss: 0.2642357
	speed: 0.0112s/iter; left time: 7044.2538s
	iters: 21800, epoch: 3 | loss: 0.2178963
	speed: 0.0111s/iter; left time: 6994.9666s
	iters: 21900, epoch: 3 | loss: 0.2029328
	speed: 0.0105s/iter; left time: 6590.4901s
	iters: 22000, epoch: 3 | loss: 0.3480453
	speed: 0.0108s/iter; left time: 6776.5306s
	iters: 22100, epoch: 3 | loss: 0.2558376
	speed: 0.0107s/iter; left time: 6686.2520s
	iters: 22200, epoch: 3 | loss: 0.2368908
	speed: 0.0108s/iter; left time: 6794.8824s
	iters: 22300, epoch: 3 | loss: 0.2494648
	speed: 0.0109s/iter; left time: 6809.8889s
	iters: 22400, epoch: 3 | loss: 0.2236985
	speed: 0.0104s/iter; left time: 6544.3596s
	iters: 22500, epoch: 3 | loss: 0.3078479
	speed: 0.0107s/iter; left time: 6690.2613s
	iters: 22600, epoch: 3 | loss: 0.3281118
	speed: 0.0105s/iter; left time: 6609.2398s
	iters: 22700, epoch: 3 | loss: 0.2170562
	speed: 0.0108s/iter; left time: 6792.8995s
	iters: 22800, epoch: 3 | loss: 0.3120924
	speed: 0.0104s/iter; left time: 6540.7084s
	iters: 22900, epoch: 3 | loss: 0.2438062
	speed: 0.0132s/iter; left time: 8245.4238s
	iters: 23000, epoch: 3 | loss: 0.2664158
	speed: 0.0109s/iter; left time: 6809.2226s
	iters: 23100, epoch: 3 | loss: 0.2374685
	speed: 0.0106s/iter; left time: 6650.0806s
Epoch: 3 cost time: 254.9361276626587
Epoch: 3, Steps: 23190 | Train Loss: 0.2496393 Vali Loss: 0.2726653
EarlyStopping counter: 2 out of 5
Updating learning rate to 0.0005
	iters: 100, epoch: 4 | loss: 0.2396865
	speed: 0.1007s/iter; left time: 63055.3530s
	iters: 200, epoch: 4 | loss: 0.2583416
	speed: 0.0108s/iter; left time: 6771.0424s
	iters: 300, epoch: 4 | loss: 0.1820922
	speed: 0.0107s/iter; left time: 6696.9090s
	iters: 400, epoch: 4 | loss: 0.2338225
	speed: 0.0104s/iter; left time: 6538.2106s
	iters: 500, epoch: 4 | loss: 0.2572210
	speed: 0.0105s/iter; left time: 6583.6894s
	iters: 600, epoch: 4 | loss: 0.2827681
	speed: 0.0114s/iter; left time: 7160.7669s
	iters: 700, epoch: 4 | loss: 0.2273833
	speed: 0.0108s/iter; left time: 6753.3824s
	iters: 800, epoch: 4 | loss: 0.2543696
	speed: 0.0106s/iter; left time: 6650.7988s
	iters: 900, epoch: 4 | loss: 0.2565791
	speed: 0.0109s/iter; left time: 6822.1651s
	iters: 1000, epoch: 4 | loss: 0.2273766
	speed: 0.0110s/iter; left time: 6848.6558s
	iters: 1100, epoch: 4 | loss: 0.2498332
	speed: 0.0110s/iter; left time: 6876.1242s
	iters: 1200, epoch: 4 | loss: 0.3132709
	speed: 0.0107s/iter; left time: 6659.5861s
	iters: 1300, epoch: 4 | loss: 0.2655263
	speed: 0.0108s/iter; left time: 6744.9759s
	iters: 1400, epoch: 4 | loss: 0.3093789
	speed: 0.0107s/iter; left time: 6662.5428s
	iters: 1500, epoch: 4 | loss: 0.2769364
	speed: 0.0108s/iter; left time: 6750.5461s
	iters: 1600, epoch: 4 | loss: 0.2510712
	speed: 0.0108s/iter; left time: 6748.7879s
	iters: 1700, epoch: 4 | loss: 0.2906496
	speed: 0.0112s/iter; left time: 7007.5553s
	iters: 1800, epoch: 4 | loss: 0.2806498
	speed: 0.0135s/iter; left time: 8429.5664s
	iters: 1900, epoch: 4 | loss: 0.3138697
	speed: 0.0107s/iter; left time: 6679.9544s
	iters: 2000, epoch: 4 | loss: 0.2588261
	speed: 0.0107s/iter; left time: 6678.6239s
	iters: 2100, epoch: 4 | loss: 0.2277294
	speed: 0.0108s/iter; left time: 6713.6554s
	iters: 2200, epoch: 4 | loss: 0.3146899
	speed: 0.0106s/iter; left time: 6641.3965s
	iters: 2300, epoch: 4 | loss: 0.3221732
	speed: 0.0105s/iter; left time: 6565.9522s
	iters: 2400, epoch: 4 | loss: 0.2682145
	speed: 0.0105s/iter; left time: 6571.6213s
	iters: 2500, epoch: 4 | loss: 0.2358993
	speed: 0.0109s/iter; left time: 6785.2395s
	iters: 2600, epoch: 4 | loss: 0.2408692
	speed: 0.0110s/iter; left time: 6842.7716s
	iters: 2700, epoch: 4 | loss: 0.2268534
	speed: 0.0107s/iter; left time: 6659.3316s
	iters: 2800, epoch: 4 | loss: 0.2623962
	speed: 0.0111s/iter; left time: 6904.3558s
	iters: 2900, epoch: 4 | loss: 0.2902549
	speed: 0.0108s/iter; left time: 6740.4917s
	iters: 3000, epoch: 4 | loss: 0.2263964
	speed: 0.0110s/iter; left time: 6868.9479s
	iters: 3100, epoch: 4 | loss: 0.2432293
	speed: 0.0109s/iter; left time: 6802.4202s
	iters: 3200, epoch: 4 | loss: 0.2728659
	speed: 0.0114s/iter; left time: 7103.7161s
	iters: 3300, epoch: 4 | loss: 0.2431550
	speed: 0.0107s/iter; left time: 6648.3192s
	iters: 3400, epoch: 4 | loss: 0.2530156
	speed: 0.0116s/iter; left time: 7215.8691s
	iters: 3500, epoch: 4 | loss: 0.3371755
	speed: 0.0106s/iter; left time: 6621.8925s
	iters: 3600, epoch: 4 | loss: 0.2578057
	speed: 0.0109s/iter; left time: 6761.5933s
	iters: 3700, epoch: 4 | loss: 0.3292015
	speed: 0.0116s/iter; left time: 7215.6517s
	iters: 3800, epoch: 4 | loss: 0.2437470
	speed: 0.0112s/iter; left time: 6941.1154s
	iters: 3900, epoch: 4 | loss: 0.3034822
	speed: 0.0111s/iter; left time: 6886.4037s
	iters: 4000, epoch: 4 | loss: 0.2713879
	speed: 0.0107s/iter; left time: 6646.0253s
	iters: 4100, epoch: 4 | loss: 0.2697321
	speed: 0.0107s/iter; left time: 6642.6628s
	iters: 4200, epoch: 4 | loss: 0.2882518
	speed: 0.0108s/iter; left time: 6712.6402s
	iters: 4300, epoch: 4 | loss: 0.2240139
	speed: 0.0111s/iter; left time: 6900.8142s
	iters: 4400, epoch: 4 | loss: 0.3160805
	speed: 0.0106s/iter; left time: 6563.5716s
	iters: 4500, epoch: 4 | loss: 0.2295417
	speed: 0.0113s/iter; left time: 6998.2307s
	iters: 4600, epoch: 4 | loss: 0.3030934
	speed: 0.0134s/iter; left time: 8306.9466s
	iters: 4700, epoch: 4 | loss: 0.2510307
	speed: 0.0106s/iter; left time: 6603.1681s
	iters: 4800, epoch: 4 | loss: 0.2223904
	speed: 0.0107s/iter; left time: 6625.3067s
	iters: 4900, epoch: 4 | loss: 0.2584376
	speed: 0.0108s/iter; left time: 6713.5437s
	iters: 5000, epoch: 4 | loss: 0.2903477
	speed: 0.0111s/iter; left time: 6883.5682s
	iters: 5100, epoch: 4 | loss: 0.3607038
	speed: 0.0105s/iter; left time: 6543.8390s
	iters: 5200, epoch: 4 | loss: 0.2726893
	speed: 0.0105s/iter; left time: 6505.3589s
	iters: 5300, epoch: 4 | loss: 0.2362944
	speed: 0.0108s/iter; left time: 6735.1285s
	iters: 5400, epoch: 4 | loss: 0.2493922
	speed: 0.0110s/iter; left time: 6832.3248s
	iters: 5500, epoch: 4 | loss: 0.2620929
	speed: 0.0113s/iter; left time: 7009.2941s
	iters: 5600, epoch: 4 | loss: 0.2221297
	speed: 0.0109s/iter; left time: 6785.7011s
	iters: 5700, epoch: 4 | loss: 0.2221117
	speed: 0.0108s/iter; left time: 6729.5746s
	iters: 5800, epoch: 4 | loss: 0.2603644
	speed: 0.0107s/iter; left time: 6666.2898s
	iters: 5900, epoch: 4 | loss: 0.3117779
	speed: 0.0109s/iter; left time: 6777.2021s
	iters: 6000, epoch: 4 | loss: 0.2346004
	speed: 0.0108s/iter; left time: 6672.7632s
	iters: 6100, epoch: 4 | loss: 0.2437805
	speed: 0.0116s/iter; left time: 7173.6364s
	iters: 6200, epoch: 4 | loss: 0.2639768
	speed: 0.0109s/iter; left time: 6747.4835s
	iters: 6300, epoch: 4 | loss: 0.2301600
	speed: 0.0108s/iter; left time: 6667.8031s
	iters: 6400, epoch: 4 | loss: 0.3091578
	speed: 0.0111s/iter; left time: 6849.2201s
	iters: 6500, epoch: 4 | loss: 0.2423311
	speed: 0.0112s/iter; left time: 6961.3851s
	iters: 6600, epoch: 4 | loss: 0.2894137
	speed: 0.0114s/iter; left time: 7059.8816s
	iters: 6700, epoch: 4 | loss: 0.2380749
	speed: 0.0111s/iter; left time: 6896.6782s
	iters: 6800, epoch: 4 | loss: 0.2788564
	speed: 0.0112s/iter; left time: 6908.6977s
	iters: 6900, epoch: 4 | loss: 0.2323761
	speed: 0.0116s/iter; left time: 7205.5105s
	iters: 7000, epoch: 4 | loss: 0.2551156
	speed: 0.0109s/iter; left time: 6749.3392s
	iters: 7100, epoch: 4 | loss: 0.2673704
	speed: 0.0127s/iter; left time: 7842.1499s
	iters: 7200, epoch: 4 | loss: 0.3076376
	speed: 0.0109s/iter; left time: 6749.3149s
	iters: 7300, epoch: 4 | loss: 0.2698271
	speed: 0.0126s/iter; left time: 7781.8909s
	iters: 7400, epoch: 4 | loss: 0.2984833
	speed: 0.0125s/iter; left time: 7736.5730s
	iters: 7500, epoch: 4 | loss: 0.2922338
	speed: 0.0105s/iter; left time: 6524.8200s
	iters: 7600, epoch: 4 | loss: 0.2070820
	speed: 0.0105s/iter; left time: 6507.3210s
	iters: 7700, epoch: 4 | loss: 0.2740691
	speed: 0.0106s/iter; left time: 6531.2771s
	iters: 7800, epoch: 4 | loss: 0.2270000
	speed: 0.0106s/iter; left time: 6523.8008s
	iters: 7900, epoch: 4 | loss: 0.2010575
	speed: 0.0106s/iter; left time: 6529.5319s
	iters: 8000, epoch: 4 | loss: 0.2906217
	speed: 0.0111s/iter; left time: 6833.4469s
	iters: 8100, epoch: 4 | loss: 0.2613166
	speed: 0.0124s/iter; left time: 7651.0273s
	iters: 8200, epoch: 4 | loss: 0.2611843
	speed: 0.0109s/iter; left time: 6750.7914s
	iters: 8300, epoch: 4 | loss: 0.2680689
	speed: 0.0110s/iter; left time: 6788.2391s
	iters: 8400, epoch: 4 | loss: 0.3188756
	speed: 0.0106s/iter; left time: 6531.6872s
	iters: 8500, epoch: 4 | loss: 0.3053076
	speed: 0.0114s/iter; left time: 7023.4501s
	iters: 8600, epoch: 4 | loss: 0.2386788
	speed: 0.0109s/iter; left time: 6710.0496s
	iters: 8700, epoch: 4 | loss: 0.2584592
	speed: 0.0107s/iter; left time: 6622.6084s
	iters: 8800, epoch: 4 | loss: 0.2746190
	speed: 0.0113s/iter; left time: 6966.0975s
	iters: 8900, epoch: 4 | loss: 0.2318153
	speed: 0.0109s/iter; left time: 6708.4821s
	iters: 9000, epoch: 4 | loss: 0.2259341
	speed: 0.0106s/iter; left time: 6558.1160s
	iters: 9100, epoch: 4 | loss: 0.2352106
	speed: 0.0109s/iter; left time: 6716.3370s
	iters: 9200, epoch: 4 | loss: 0.3034020
	speed: 0.0108s/iter; left time: 6651.6021s
	iters: 9300, epoch: 4 | loss: 0.2409559
	speed: 0.0110s/iter; left time: 6754.9629s
	iters: 9400, epoch: 4 | loss: 0.2822593
	speed: 0.0110s/iter; left time: 6767.3322s
	iters: 9500, epoch: 4 | loss: 0.2976035
	speed: 0.0110s/iter; left time: 6812.9950s
	iters: 9600, epoch: 4 | loss: 0.2834699
	speed: 0.0120s/iter; left time: 7393.5230s
	iters: 9700, epoch: 4 | loss: 0.3745855
	speed: 0.0107s/iter; left time: 6581.3481s
	iters: 9800, epoch: 4 | loss: 0.2093988
	speed: 0.0105s/iter; left time: 6451.7288s
	iters: 9900, epoch: 4 | loss: 0.2404963
	speed: 0.0115s/iter; left time: 7065.5872s
	iters: 10000, epoch: 4 | loss: 0.2723777
	speed: 0.0108s/iter; left time: 6667.4894s
	iters: 10100, epoch: 4 | loss: 0.2161264
	speed: 0.0135s/iter; left time: 8342.2059s
	iters: 10200, epoch: 4 | loss: 0.2760459
	speed: 0.0113s/iter; left time: 6955.2161s
	iters: 10300, epoch: 4 | loss: 0.2989165
	speed: 0.0105s/iter; left time: 6485.8249s
	iters: 10400, epoch: 4 | loss: 0.4099498
	speed: 0.0106s/iter; left time: 6525.6296s
	iters: 10500, epoch: 4 | loss: 0.2306085
	speed: 0.0111s/iter; left time: 6829.4318s
	iters: 10600, epoch: 4 | loss: 0.2190790
	speed: 0.0107s/iter; left time: 6560.1912s
	iters: 10700, epoch: 4 | loss: 0.2609405
	speed: 0.0105s/iter; left time: 6483.6532s
	iters: 10800, epoch: 4 | loss: 0.2731325
	speed: 0.0109s/iter; left time: 6726.7147s
	iters: 10900, epoch: 4 | loss: 0.3379952
	speed: 0.0106s/iter; left time: 6542.6468s
	iters: 11000, epoch: 4 | loss: 0.2616439
	speed: 0.0108s/iter; left time: 6661.2202s
	iters: 11100, epoch: 4 | loss: 0.2368753
	speed: 0.0106s/iter; left time: 6513.6887s
	iters: 11200, epoch: 4 | loss: 0.2959556
	speed: 0.0106s/iter; left time: 6545.7431s
	iters: 11300, epoch: 4 | loss: 0.2521375
	speed: 0.0103s/iter; left time: 6355.9536s
	iters: 11400, epoch: 4 | loss: 0.2755068
	speed: 0.0107s/iter; left time: 6605.6090s
	iters: 11500, epoch: 4 | loss: 0.2196810
	speed: 0.0110s/iter; left time: 6771.5733s
	iters: 11600, epoch: 4 | loss: 0.2500255
	speed: 0.0109s/iter; left time: 6669.7406s
	iters: 11700, epoch: 4 | loss: 0.2813776
	speed: 0.0109s/iter; left time: 6691.5959s
	iters: 11800, epoch: 4 | loss: 0.3349181
	speed: 0.0106s/iter; left time: 6518.7131s
	iters: 11900, epoch: 4 | loss: 0.2855969
	speed: 0.0111s/iter; left time: 6816.7319s
	iters: 12000, epoch: 4 | loss: 0.2617675
	speed: 0.0107s/iter; left time: 6582.9310s
	iters: 12100, epoch: 4 | loss: 0.2410177
	speed: 0.0107s/iter; left time: 6597.7182s
	iters: 12200, epoch: 4 | loss: 0.2665613
	speed: 0.0111s/iter; left time: 6804.5747s
	iters: 12300, epoch: 4 | loss: 0.2780862
	speed: 0.0105s/iter; left time: 6472.5441s
	iters: 12400, epoch: 4 | loss: 0.2264972
	speed: 0.0104s/iter; left time: 6392.6176s
	iters: 12500, epoch: 4 | loss: 0.2975987
	speed: 0.0106s/iter; left time: 6515.3935s
	iters: 12600, epoch: 4 | loss: 0.2685646
	speed: 0.0105s/iter; left time: 6461.6983s
	iters: 12700, epoch: 4 | loss: 0.2992700
	speed: 0.0109s/iter; left time: 6706.3507s
	iters: 12800, epoch: 4 | loss: 0.2516192
	speed: 0.0106s/iter; left time: 6525.5999s
	iters: 12900, epoch: 4 | loss: 0.2724754
	speed: 0.0130s/iter; left time: 7979.3013s
	iters: 13000, epoch: 4 | loss: 0.3001166
	speed: 0.0109s/iter; left time: 6711.1884s
	iters: 13100, epoch: 4 | loss: 0.2841332
	speed: 0.0107s/iter; left time: 6578.3573s
	iters: 13200, epoch: 4 | loss: 0.2432317
	speed: 0.0108s/iter; left time: 6601.8274s
	iters: 13300, epoch: 4 | loss: 0.2238156
	speed: 0.0110s/iter; left time: 6744.1854s
	iters: 13400, epoch: 4 | loss: 0.2588517
	speed: 0.0108s/iter; left time: 6646.8709s
	iters: 13500, epoch: 4 | loss: 0.2456630
	speed: 0.0110s/iter; left time: 6739.5115s
	iters: 13600, epoch: 4 | loss: 0.2303011
	speed: 0.0110s/iter; left time: 6725.4607s
	iters: 13700, epoch: 4 | loss: 0.2434801
	speed: 0.0107s/iter; left time: 6582.8611s
	iters: 13800, epoch: 4 | loss: 0.2920210
	speed: 0.0110s/iter; left time: 6712.2614s
	iters: 13900, epoch: 4 | loss: 0.2466531
	speed: 0.0107s/iter; left time: 6550.5648s
	iters: 14000, epoch: 4 | loss: 0.3508753
	speed: 0.0105s/iter; left time: 6431.1478s
	iters: 14100, epoch: 4 | loss: 0.2238080
	speed: 0.0104s/iter; left time: 6381.1398s
	iters: 14200, epoch: 4 | loss: 0.3102135
	speed: 0.0107s/iter; left time: 6559.0134s
	iters: 14300, epoch: 4 | loss: 0.3113629
	speed: 0.0111s/iter; left time: 6790.8333s
	iters: 14400, epoch: 4 | loss: 0.2606117
	speed: 0.0107s/iter; left time: 6563.4183s
	iters: 14500, epoch: 4 | loss: 0.3207919
	speed: 0.0113s/iter; left time: 6920.0536s
	iters: 14600, epoch: 4 | loss: 0.2689630
	speed: 0.0114s/iter; left time: 6965.8597s
	iters: 14700, epoch: 4 | loss: 0.2294276
	speed: 0.0114s/iter; left time: 6998.1661s
	iters: 14800, epoch: 4 | loss: 0.2476560
	speed: 0.0119s/iter; left time: 7249.5497s
	iters: 14900, epoch: 4 | loss: 0.2222985
	speed: 0.0121s/iter; left time: 7392.7811s
	iters: 15000, epoch: 4 | loss: 0.3020312
	speed: 0.0111s/iter; left time: 6785.3515s
	iters: 15100, epoch: 4 | loss: 0.2768588
	speed: 0.0115s/iter; left time: 6997.2590s
	iters: 15200, epoch: 4 | loss: 0.3176939
	speed: 0.0110s/iter; left time: 6701.0996s
	iters: 15300, epoch: 4 | loss: 0.3698430
	speed: 0.0107s/iter; left time: 6548.4915s
	iters: 15400, epoch: 4 | loss: 0.2585252
	speed: 0.0113s/iter; left time: 6926.8242s
	iters: 15500, epoch: 4 | loss: 0.3091297
	speed: 0.0109s/iter; left time: 6655.7886s
	iters: 15600, epoch: 4 | loss: 0.2651024
	speed: 0.0106s/iter; left time: 6500.0361s
	iters: 15700, epoch: 4 | loss: 0.2473230
	speed: 0.0132s/iter; left time: 8045.8813s
	iters: 15800, epoch: 4 | loss: 0.2264162
	speed: 0.0108s/iter; left time: 6594.9270s
	iters: 15900, epoch: 4 | loss: 0.3548226
	speed: 0.0109s/iter; left time: 6646.1793s
	iters: 16000, epoch: 4 | loss: 0.2393456
	speed: 0.0107s/iter; left time: 6517.4709s
	iters: 16100, epoch: 4 | loss: 0.3006099
	speed: 0.0105s/iter; left time: 6395.2126s
	iters: 16200, epoch: 4 | loss: 0.2604674
	speed: 0.0110s/iter; left time: 6710.2438s
	iters: 16300, epoch: 4 | loss: 0.2140113
	speed: 0.0104s/iter; left time: 6355.9558s
	iters: 16400, epoch: 4 | loss: 0.2423427
	speed: 0.0107s/iter; left time: 6496.1926s
	iters: 16500, epoch: 4 | loss: 0.2779039
	speed: 0.0106s/iter; left time: 6473.7378s
	iters: 16600, epoch: 4 | loss: 0.1858236
	speed: 0.0110s/iter; left time: 6695.2113s
	iters: 16700, epoch: 4 | loss: 0.4009848
	speed: 0.0113s/iter; left time: 6895.2003s
	iters: 16800, epoch: 4 | loss: 0.2494752
	speed: 0.0106s/iter; left time: 6458.6874s
	iters: 16900, epoch: 4 | loss: 0.3041480
	speed: 0.0104s/iter; left time: 6354.0570s
	iters: 17000, epoch: 4 | loss: 0.2935023
	speed: 0.0111s/iter; left time: 6752.4728s
	iters: 17100, epoch: 4 | loss: 0.2490107
	speed: 0.0103s/iter; left time: 6265.4119s
	iters: 17200, epoch: 4 | loss: 0.2334284
	speed: 0.0105s/iter; left time: 6401.7790s
	iters: 17300, epoch: 4 | loss: 0.3817182
	speed: 0.0107s/iter; left time: 6490.0469s
	iters: 17400, epoch: 4 | loss: 0.2822061
	speed: 0.0106s/iter; left time: 6452.8182s
	iters: 17500, epoch: 4 | loss: 0.3120917
	speed: 0.0109s/iter; left time: 6622.4498s
	iters: 17600, epoch: 4 | loss: 0.2137164
	speed: 0.0108s/iter; left time: 6560.3389s
	iters: 17700, epoch: 4 | loss: 0.2434892
	speed: 0.0109s/iter; left time: 6640.9550s
	iters: 17800, epoch: 4 | loss: 0.2886904
	speed: 0.0106s/iter; left time: 6462.0883s
	iters: 17900, epoch: 4 | loss: 0.3095370
	speed: 0.0104s/iter; left time: 6300.5714s
	iters: 18000, epoch: 4 | loss: 0.3153951
	speed: 0.0105s/iter; left time: 6395.0750s
	iters: 18100, epoch: 4 | loss: 0.2811894
	speed: 0.0106s/iter; left time: 6430.9448s
	iters: 18200, epoch: 4 | loss: 0.2649573
	speed: 0.0109s/iter; left time: 6650.3802s
	iters: 18300, epoch: 4 | loss: 0.2225325
	speed: 0.0109s/iter; left time: 6638.7855s
	iters: 18400, epoch: 4 | loss: 0.2321369
	speed: 0.0108s/iter; left time: 6545.1695s
	iters: 18500, epoch: 4 | loss: 0.2689647
	speed: 0.0137s/iter; left time: 8307.7665s
	iters: 18600, epoch: 4 | loss: 0.3729444
	speed: 0.0108s/iter; left time: 6537.8301s
	iters: 18700, epoch: 4 | loss: 0.2066737
	speed: 0.0106s/iter; left time: 6461.9254s
	iters: 18800, epoch: 4 | loss: 0.2767871
	speed: 0.0104s/iter; left time: 6334.0090s
	iters: 18900, epoch: 4 | loss: 0.2773181
	speed: 0.0108s/iter; left time: 6543.9585s
	iters: 19000, epoch: 4 | loss: 0.2329372
	speed: 0.0107s/iter; left time: 6476.3922s
	iters: 19100, epoch: 4 | loss: 0.2385988
	speed: 0.0105s/iter; left time: 6387.2270s
	iters: 19200, epoch: 4 | loss: 0.2446003
	speed: 0.0109s/iter; left time: 6616.5343s
	iters: 19300, epoch: 4 | loss: 0.2329148
	speed: 0.0107s/iter; left time: 6511.6407s
	iters: 19400, epoch: 4 | loss: 0.3176982
	speed: 0.0110s/iter; left time: 6670.3416s
	iters: 19500, epoch: 4 | loss: 0.2039272
	speed: 0.0106s/iter; left time: 6406.9258s
	iters: 19600, epoch: 4 | loss: 0.2477091
	speed: 0.0105s/iter; left time: 6345.9426s
	iters: 19700, epoch: 4 | loss: 0.3043231
	speed: 0.0110s/iter; left time: 6651.6625s
	iters: 19800, epoch: 4 | loss: 0.3042719
	speed: 0.0115s/iter; left time: 7000.1493s
	iters: 19900, epoch: 4 | loss: 0.2561795
	speed: 0.0109s/iter; left time: 6611.7924s
	iters: 20000, epoch: 4 | loss: 0.2333905
	speed: 0.0109s/iter; left time: 6584.2689s
	iters: 20100, epoch: 4 | loss: 0.2205943
	speed: 0.0110s/iter; left time: 6688.2074s
	iters: 20200, epoch: 4 | loss: 0.2776338
	speed: 0.0109s/iter; left time: 6627.2721s
	iters: 20300, epoch: 4 | loss: 0.2354230
	speed: 0.0110s/iter; left time: 6634.5357s
	iters: 20400, epoch: 4 | loss: 0.2853275
	speed: 0.0115s/iter; left time: 6963.3105s
	iters: 20500, epoch: 4 | loss: 0.1969431
	speed: 0.0109s/iter; left time: 6608.9393s
	iters: 20600, epoch: 4 | loss: 0.2545199
	speed: 0.0107s/iter; left time: 6480.8545s
	iters: 20700, epoch: 4 | loss: 0.2659399
	speed: 0.0105s/iter; left time: 6357.1681s
	iters: 20800, epoch: 4 | loss: 0.2251914
	speed: 0.0106s/iter; left time: 6392.2246s
	iters: 20900, epoch: 4 | loss: 0.2601446
	speed: 0.0109s/iter; left time: 6567.0625s
	iters: 21000, epoch: 4 | loss: 0.2660153
	speed: 0.0113s/iter; left time: 6835.7895s
	iters: 21100, epoch: 4 | loss: 0.3666837
	speed: 0.0112s/iter; left time: 6769.8971s
	iters: 21200, epoch: 4 | loss: 0.3405722
	speed: 0.0106s/iter; left time: 6412.6259s
	iters: 21300, epoch: 4 | loss: 0.2553031
	speed: 0.0129s/iter; left time: 7779.6221s
	iters: 21400, epoch: 4 | loss: 0.2640246
	speed: 0.0112s/iter; left time: 6761.9208s
	iters: 21500, epoch: 4 | loss: 0.2767298
	speed: 0.0110s/iter; left time: 6655.8331s
	iters: 21600, epoch: 4 | loss: 0.2769201
	speed: 0.0108s/iter; left time: 6502.9056s
	iters: 21700, epoch: 4 | loss: 0.2669329
	speed: 0.0108s/iter; left time: 6534.6994s
	iters: 21800, epoch: 4 | loss: 0.2626657
	speed: 0.0106s/iter; left time: 6381.4025s
	iters: 21900, epoch: 4 | loss: 0.2838307
	speed: 0.0113s/iter; left time: 6851.7293s
	iters: 22000, epoch: 4 | loss: 0.2253740
	speed: 0.0111s/iter; left time: 6689.5126s
	iters: 22100, epoch: 4 | loss: 0.2151469
	speed: 0.0109s/iter; left time: 6577.9162s
	iters: 22200, epoch: 4 | loss: 0.2535838
	speed: 0.0107s/iter; left time: 6477.2175s
	iters: 22300, epoch: 4 | loss: 0.2536492
	speed: 0.0109s/iter; left time: 6611.5681s
	iters: 22400, epoch: 4 | loss: 0.2951229
	speed: 0.0108s/iter; left time: 6493.7833s
	iters: 22500, epoch: 4 | loss: 0.2477167
	speed: 0.0116s/iter; left time: 6979.6677s
	iters: 22600, epoch: 4 | loss: 0.2349552
	speed: 0.0107s/iter; left time: 6477.1594s
	iters: 22700, epoch: 4 | loss: 0.2671982
	speed: 0.0108s/iter; left time: 6495.8336s
	iters: 22800, epoch: 4 | loss: 0.3432206
	speed: 0.0107s/iter; left time: 6429.9922s
	iters: 22900, epoch: 4 | loss: 0.2755021
	speed: 0.0111s/iter; left time: 6713.1781s
	iters: 23000, epoch: 4 | loss: 0.2662275
	speed: 0.0108s/iter; left time: 6531.0025s
	iters: 23100, epoch: 4 | loss: 0.2265210
	speed: 0.0110s/iter; left time: 6628.1718s
Epoch: 4 cost time: 254.42396998405457
Epoch: 4, Steps: 23190 | Train Loss: 0.2673048 Vali Loss: 0.2752523
EarlyStopping counter: 3 out of 5
Updating learning rate to 0.0004
	iters: 100, epoch: 5 | loss: 0.3527808
	speed: 0.1005s/iter; left time: 60604.0468s
	iters: 200, epoch: 5 | loss: 0.2890018
	speed: 0.0136s/iter; left time: 8221.8074s
	iters: 300, epoch: 5 | loss: 0.2247741
	speed: 0.0115s/iter; left time: 6960.3166s
	iters: 400, epoch: 5 | loss: 0.1982591
	speed: 0.0110s/iter; left time: 6612.3723s
	iters: 500, epoch: 5 | loss: 0.2323817
	speed: 0.0112s/iter; left time: 6732.1823s
	iters: 600, epoch: 5 | loss: 0.2906201
	speed: 0.0106s/iter; left time: 6387.9995s
	iters: 700, epoch: 5 | loss: 0.2700513
	speed: 0.0107s/iter; left time: 6469.8337s
	iters: 800, epoch: 5 | loss: 0.2000114
	speed: 0.0108s/iter; left time: 6487.8445s
	iters: 900, epoch: 5 | loss: 0.2070947
	speed: 0.0110s/iter; left time: 6605.8144s
	iters: 1000, epoch: 5 | loss: 0.3217569
	speed: 0.0111s/iter; left time: 6656.9591s
	iters: 1100, epoch: 5 | loss: 0.3086213
	speed: 0.0105s/iter; left time: 6301.3954s
	iters: 1200, epoch: 5 | loss: 0.2495534
	speed: 0.0106s/iter; left time: 6374.1790s
	iters: 1300, epoch: 5 | loss: 0.2309102
	speed: 0.0112s/iter; left time: 6764.9770s
	iters: 1400, epoch: 5 | loss: 0.2063800
	speed: 0.0107s/iter; left time: 6421.3878s
	iters: 1500, epoch: 5 | loss: 0.2355577
	speed: 0.0108s/iter; left time: 6492.9440s
	iters: 1600, epoch: 5 | loss: 0.2205978
	speed: 0.0105s/iter; left time: 6332.0847s
	iters: 1700, epoch: 5 | loss: 0.2220423
	speed: 0.0107s/iter; left time: 6430.2006s
	iters: 1800, epoch: 5 | loss: 0.2311867
	speed: 0.0110s/iter; left time: 6600.9814s
	iters: 1900, epoch: 5 | loss: 0.2691083
	speed: 0.0108s/iter; left time: 6482.3521s
	iters: 2000, epoch: 5 | loss: 0.2548800
	speed: 0.0108s/iter; left time: 6486.2108s
	iters: 2100, epoch: 5 | loss: 0.2725073
	speed: 0.0111s/iter; left time: 6692.5985s
	iters: 2200, epoch: 5 | loss: 0.2472918
	speed: 0.0107s/iter; left time: 6411.6361s
	iters: 2300, epoch: 5 | loss: 0.2165147
	speed: 0.0108s/iter; left time: 6457.2390s
	iters: 2400, epoch: 5 | loss: 0.2478245
	speed: 0.0108s/iter; left time: 6475.3587s
	iters: 2500, epoch: 5 | loss: 0.2183186
	speed: 0.0108s/iter; left time: 6497.7094s
	iters: 2600, epoch: 5 | loss: 0.2425928
	speed: 0.0106s/iter; left time: 6353.2529s
	iters: 2700, epoch: 5 | loss: 0.2899022
	speed: 0.0108s/iter; left time: 6506.1852s
	iters: 2800, epoch: 5 | loss: 0.3788126
	speed: 0.0106s/iter; left time: 6350.8831s
	iters: 2900, epoch: 5 | loss: 0.3013079
	speed: 0.0108s/iter; left time: 6500.9587s
	iters: 3000, epoch: 5 | loss: 0.2244811
	speed: 0.0133s/iter; left time: 8008.1784s
	iters: 3100, epoch: 5 | loss: 0.2568335
	speed: 0.0108s/iter; left time: 6498.9878s
	iters: 3200, epoch: 5 | loss: 0.2826619
	speed: 0.0106s/iter; left time: 6383.3184s
	iters: 3300, epoch: 5 | loss: 0.2467314
	speed: 0.0105s/iter; left time: 6283.3033s
	iters: 3400, epoch: 5 | loss: 0.2728078
	speed: 0.0109s/iter; left time: 6516.2124s
	iters: 3500, epoch: 5 | loss: 0.2824893
	speed: 0.0109s/iter; left time: 6512.0185s
	iters: 3600, epoch: 5 | loss: 0.3010157
	speed: 0.0108s/iter; left time: 6486.9360s
	iters: 3700, epoch: 5 | loss: 0.2496222
	speed: 0.0111s/iter; left time: 6631.8198s
	iters: 3800, epoch: 5 | loss: 0.2437619
	speed: 0.0112s/iter; left time: 6705.0718s
	iters: 3900, epoch: 5 | loss: 0.2113992
	speed: 0.0112s/iter; left time: 6684.9244s
	iters: 4000, epoch: 5 | loss: 0.2131876
	speed: 0.0112s/iter; left time: 6704.5885s
	iters: 4100, epoch: 5 | loss: 0.2384165
	speed: 0.0111s/iter; left time: 6639.7187s
	iters: 4200, epoch: 5 | loss: 0.2565642
	speed: 0.0111s/iter; left time: 6619.9767s
	iters: 4300, epoch: 5 | loss: 0.2345642
	speed: 0.0109s/iter; left time: 6504.1227s
	iters: 4400, epoch: 5 | loss: 0.2406476
	speed: 0.0109s/iter; left time: 6506.7765s
	iters: 4500, epoch: 5 | loss: 0.3393909
	speed: 0.0109s/iter; left time: 6510.9642s
	iters: 4600, epoch: 5 | loss: 0.2259081
	speed: 0.0110s/iter; left time: 6562.3878s
	iters: 4700, epoch: 5 | loss: 0.2563444
	speed: 0.0109s/iter; left time: 6522.1443s
	iters: 4800, epoch: 5 | loss: 0.2415233
	speed: 0.0110s/iter; left time: 6569.6648s
	iters: 4900, epoch: 5 | loss: 0.2214742
	speed: 0.0110s/iter; left time: 6577.5450s
	iters: 5000, epoch: 5 | loss: 0.2364043
	speed: 0.0107s/iter; left time: 6398.8023s
	iters: 5100, epoch: 5 | loss: 0.2737574
	speed: 0.0110s/iter; left time: 6592.7091s
	iters: 5200, epoch: 5 | loss: 0.2712179
	speed: 0.0106s/iter; left time: 6352.4518s
	iters: 5300, epoch: 5 | loss: 0.2639645
	speed: 0.0117s/iter; left time: 6996.1562s
	iters: 5400, epoch: 5 | loss: 0.2715649
	speed: 0.0113s/iter; left time: 6764.0143s
	iters: 5500, epoch: 5 | loss: 0.2891196
	speed: 0.0110s/iter; left time: 6568.1171s
	iters: 5600, epoch: 5 | loss: 0.2998543
	speed: 0.0113s/iter; left time: 6748.9699s
	iters: 5700, epoch: 5 | loss: 0.2706770
	speed: 0.0121s/iter; left time: 7234.3383s
	iters: 5800, epoch: 5 | loss: 0.2521793
	speed: 0.0133s/iter; left time: 7928.8840s
	iters: 5900, epoch: 5 | loss: 0.2964672
	speed: 0.0105s/iter; left time: 6263.3531s
	iters: 6000, epoch: 5 | loss: 0.2281354
	speed: 0.0111s/iter; left time: 6620.4968s
	iters: 6100, epoch: 5 | loss: 0.2650279
	speed: 0.0105s/iter; left time: 6275.4492s
	iters: 6200, epoch: 5 | loss: 0.2988068
	speed: 0.0106s/iter; left time: 6314.0396s
	iters: 6300, epoch: 5 | loss: 0.2421449
	speed: 0.0106s/iter; left time: 6348.2994s
	iters: 6400, epoch: 5 | loss: 0.2077039
	speed: 0.0111s/iter; left time: 6613.7166s
	iters: 6500, epoch: 5 | loss: 0.2741498
	speed: 0.0108s/iter; left time: 6467.3195s
	iters: 6600, epoch: 5 | loss: 0.2298962
	speed: 0.0108s/iter; left time: 6424.9081s
	iters: 6700, epoch: 5 | loss: 0.2524409
	speed: 0.0110s/iter; left time: 6537.2305s
	iters: 6800, epoch: 5 | loss: 0.2068117
	speed: 0.0111s/iter; left time: 6638.3918s
	iters: 6900, epoch: 5 | loss: 0.3171130
	speed: 0.0104s/iter; left time: 6218.6672s
	iters: 7000, epoch: 5 | loss: 0.3123110
	speed: 0.0106s/iter; left time: 6327.8650s
	iters: 7100, epoch: 5 | loss: 0.4406091
	speed: 0.0106s/iter; left time: 6289.3278s
	iters: 7200, epoch: 5 | loss: 0.2564366
	speed: 0.0105s/iter; left time: 6261.2557s
	iters: 7300, epoch: 5 | loss: 0.3014190
	speed: 0.0104s/iter; left time: 6223.4406s
	iters: 7400, epoch: 5 | loss: 0.2877161
	speed: 0.0110s/iter; left time: 6526.6506s
	iters: 7500, epoch: 5 | loss: 0.3484147
	speed: 0.0110s/iter; left time: 6522.0368s
	iters: 7600, epoch: 5 | loss: 0.2882165
	speed: 0.0109s/iter; left time: 6514.7543s
	iters: 7700, epoch: 5 | loss: 0.3719170
	speed: 0.0109s/iter; left time: 6475.5838s
	iters: 7800, epoch: 5 | loss: 0.2745059
	speed: 0.0105s/iter; left time: 6230.1255s
	iters: 7900, epoch: 5 | loss: 0.2023277
	speed: 0.0106s/iter; left time: 6322.6412s
	iters: 8000, epoch: 5 | loss: 0.2762865
	speed: 0.0105s/iter; left time: 6276.3726s
	iters: 8100, epoch: 5 | loss: 0.1791345
	speed: 0.0110s/iter; left time: 6522.8551s
	iters: 8200, epoch: 5 | loss: 0.2872335
	speed: 0.0108s/iter; left time: 6422.4366s
	iters: 8300, epoch: 5 | loss: 0.2151648
	speed: 0.0109s/iter; left time: 6467.6189s
	iters: 8400, epoch: 5 | loss: 0.2824898
	speed: 0.0105s/iter; left time: 6235.0739s
	iters: 8500, epoch: 5 | loss: 0.2673211
	speed: 0.0105s/iter; left time: 6255.0602s
	iters: 8600, epoch: 5 | loss: 0.2581699
	speed: 0.0130s/iter; left time: 7712.9781s
	iters: 8700, epoch: 5 | loss: 0.2202843
	speed: 0.0107s/iter; left time: 6363.2605s
	iters: 8800, epoch: 5 | loss: 0.2637142
	speed: 0.0107s/iter; left time: 6339.5874s
	iters: 8900, epoch: 5 | loss: 0.3479926
	speed: 0.0106s/iter; left time: 6280.0836s
	iters: 9000, epoch: 5 | loss: 0.2133681
	speed: 0.0106s/iter; left time: 6288.2139s
	iters: 9100, epoch: 5 | loss: 0.2514878
	speed: 0.0108s/iter; left time: 6427.1238s
	iters: 9200, epoch: 5 | loss: 0.2550752
	speed: 0.0105s/iter; left time: 6219.8667s
	iters: 9300, epoch: 5 | loss: 0.2470481
	speed: 0.0112s/iter; left time: 6669.5544s
	iters: 9400, epoch: 5 | loss: 0.2949769
	speed: 0.0106s/iter; left time: 6272.1133s
	iters: 9500, epoch: 5 | loss: 0.2654321
	speed: 0.0114s/iter; left time: 6781.0463s
	iters: 9600, epoch: 5 | loss: 0.2543579
	speed: 0.0110s/iter; left time: 6552.1573s
	iters: 9700, epoch: 5 | loss: 0.2244054
	speed: 0.0106s/iter; left time: 6282.5552s
	iters: 9800, epoch: 5 | loss: 0.2747507
	speed: 0.0107s/iter; left time: 6339.1359s
	iters: 9900, epoch: 5 | loss: 0.2807497
	speed: 0.0108s/iter; left time: 6413.0162s
	iters: 10000, epoch: 5 | loss: 0.2788459
	speed: 0.0110s/iter; left time: 6510.0797s
	iters: 10100, epoch: 5 | loss: 0.2067755
	speed: 0.0126s/iter; left time: 7459.5561s
	iters: 10200, epoch: 5 | loss: 0.2350014
	speed: 0.0117s/iter; left time: 6959.9892s
	iters: 10300, epoch: 5 | loss: 0.2535872
	speed: 0.0107s/iter; left time: 6359.8755s
	iters: 10400, epoch: 5 | loss: 0.2954740
	speed: 0.0109s/iter; left time: 6454.3862s
	iters: 10500, epoch: 5 | loss: 0.2783892
	speed: 0.0111s/iter; left time: 6567.9275s
	iters: 10600, epoch: 5 | loss: 0.4566866
	speed: 0.0106s/iter; left time: 6306.7175s
	iters: 10700, epoch: 5 | loss: 0.3204496
	speed: 0.0106s/iter; left time: 6269.6140s
	iters: 10800, epoch: 5 | loss: 0.2791663
	speed: 0.0108s/iter; left time: 6377.4441s
	iters: 10900, epoch: 5 | loss: 0.2417912
	speed: 0.0107s/iter; left time: 6326.5681s
	iters: 11000, epoch: 5 | loss: 0.2151206
	speed: 0.0111s/iter; left time: 6580.7242s
	iters: 11100, epoch: 5 | loss: 0.2672563
	speed: 0.0115s/iter; left time: 6819.5828s
	iters: 11200, epoch: 5 | loss: 0.2408397
	speed: 0.0107s/iter; left time: 6351.1512s
	iters: 11300, epoch: 5 | loss: 0.2155792
	speed: 0.0106s/iter; left time: 6246.4820s
	iters: 11400, epoch: 5 | loss: 0.2488730
	speed: 0.0131s/iter; left time: 7773.9919s
	iters: 11500, epoch: 5 | loss: 0.2315953
	speed: 0.0106s/iter; left time: 6294.3925s
	iters: 11600, epoch: 5 | loss: 0.3212084
	speed: 0.0105s/iter; left time: 6230.3932s
	iters: 11700, epoch: 5 | loss: 0.3198893
	speed: 0.0107s/iter; left time: 6306.0403s
	iters: 11800, epoch: 5 | loss: 0.2660541
	speed: 0.0106s/iter; left time: 6292.3653s
	iters: 11900, epoch: 5 | loss: 0.2071530
	speed: 0.0105s/iter; left time: 6179.9300s
	iters: 12000, epoch: 5 | loss: 0.2497279
	speed: 0.0104s/iter; left time: 6122.2038s
	iters: 12100, epoch: 5 | loss: 0.2461989
	speed: 0.0111s/iter; left time: 6530.3512s
	iters: 12200, epoch: 5 | loss: 0.2665605
	speed: 0.0104s/iter; left time: 6143.1696s
	iters: 12300, epoch: 5 | loss: 0.2864647
	speed: 0.0110s/iter; left time: 6490.7488s
	iters: 12400, epoch: 5 | loss: 0.2639884
	speed: 0.0103s/iter; left time: 6087.4761s
	iters: 12500, epoch: 5 | loss: 0.2725120
	speed: 0.0105s/iter; left time: 6200.1286s
	iters: 12600, epoch: 5 | loss: 0.3214379
	speed: 0.0104s/iter; left time: 6131.0182s
	iters: 12700, epoch: 5 | loss: 0.2495674
	speed: 0.0108s/iter; left time: 6349.9446s
	iters: 12800, epoch: 5 | loss: 0.2497483
	speed: 0.0106s/iter; left time: 6239.4206s
	iters: 12900, epoch: 5 | loss: 0.2632202
	speed: 0.0107s/iter; left time: 6325.5970s
	iters: 13000, epoch: 5 | loss: 0.2288967
	speed: 0.0110s/iter; left time: 6495.3310s
	iters: 13100, epoch: 5 | loss: 0.3154094
	speed: 0.0108s/iter; left time: 6351.2440s
	iters: 13200, epoch: 5 | loss: 0.2097611
	speed: 0.0110s/iter; left time: 6487.3937s
	iters: 13300, epoch: 5 | loss: 0.2259146
	speed: 0.0108s/iter; left time: 6341.3543s
	iters: 13400, epoch: 5 | loss: 0.3574495
	speed: 0.0107s/iter; left time: 6327.9645s
	iters: 13500, epoch: 5 | loss: 0.2767375
	speed: 0.0105s/iter; left time: 6201.5492s
	iters: 13600, epoch: 5 | loss: 0.2114209
	speed: 0.0109s/iter; left time: 6440.7015s
	iters: 13700, epoch: 5 | loss: 0.1906838
	speed: 0.0111s/iter; left time: 6538.4405s
	iters: 13800, epoch: 5 | loss: 0.2774878
	speed: 0.0109s/iter; left time: 6413.8674s
	iters: 13900, epoch: 5 | loss: 0.2938897
	speed: 0.0108s/iter; left time: 6370.2442s
	iters: 14000, epoch: 5 | loss: 0.2337500
	speed: 0.0110s/iter; left time: 6503.1687s
	iters: 14100, epoch: 5 | loss: 0.2877066
	speed: 0.0107s/iter; left time: 6295.3659s
	iters: 14200, epoch: 5 | loss: 0.2388730
	speed: 0.0128s/iter; left time: 7507.9685s
	iters: 14300, epoch: 5 | loss: 0.3248906
	speed: 0.0110s/iter; left time: 6486.5529s
	iters: 14400, epoch: 5 | loss: 0.1829087
	speed: 0.0107s/iter; left time: 6310.0114s
	iters: 14500, epoch: 5 | loss: 0.2034638
	speed: 0.0108s/iter; left time: 6358.4312s
	iters: 14600, epoch: 5 | loss: 0.2220627
	speed: 0.0108s/iter; left time: 6379.5388s
	iters: 14700, epoch: 5 | loss: 0.2623800
	speed: 0.0108s/iter; left time: 6371.6286s
	iters: 14800, epoch: 5 | loss: 0.1808890
	speed: 0.0105s/iter; left time: 6180.9391s
	iters: 14900, epoch: 5 | loss: 0.2915845
	speed: 0.0111s/iter; left time: 6523.7453s
	iters: 15000, epoch: 5 | loss: 0.1883522
	speed: 0.0111s/iter; left time: 6524.5128s
	iters: 15100, epoch: 5 | loss: 0.2502651
	speed: 0.0109s/iter; left time: 6409.9092s
	iters: 15200, epoch: 5 | loss: 0.2123719
	speed: 0.0106s/iter; left time: 6234.7360s
	iters: 15300, epoch: 5 | loss: 0.2116684
	speed: 0.0107s/iter; left time: 6279.8620s
	iters: 15400, epoch: 5 | loss: 0.2321839
	speed: 0.0107s/iter; left time: 6259.3095s
	iters: 15500, epoch: 5 | loss: 0.2491210
	speed: 0.0106s/iter; left time: 6255.2134s
	iters: 15600, epoch: 5 | loss: 0.2066218
	speed: 0.0106s/iter; left time: 6226.5760s
	iters: 15700, epoch: 5 | loss: 0.2162276
	speed: 0.0105s/iter; left time: 6179.9807s
	iters: 15800, epoch: 5 | loss: 0.1880765
	speed: 0.0108s/iter; left time: 6347.1179s
	iters: 15900, epoch: 5 | loss: 0.2144147
	speed: 0.0113s/iter; left time: 6615.4082s
	iters: 16000, epoch: 5 | loss: 0.2528837
	speed: 0.0110s/iter; left time: 6453.3768s
	iters: 16100, epoch: 5 | loss: 0.2140395
	speed: 0.0110s/iter; left time: 6429.9904s
	iters: 16200, epoch: 5 | loss: 0.2699066
	speed: 0.0106s/iter; left time: 6222.6270s
	iters: 16300, epoch: 5 | loss: 0.2906763
	speed: 0.0108s/iter; left time: 6344.3996s
	iters: 16400, epoch: 5 | loss: 0.2309988
	speed: 0.0113s/iter; left time: 6654.9581s
	iters: 16500, epoch: 5 | loss: 0.2183740
	speed: 0.0105s/iter; left time: 6178.2576s
	iters: 16600, epoch: 5 | loss: 0.2829233
	speed: 0.0107s/iter; left time: 6248.1345s
	iters: 16700, epoch: 5 | loss: 0.1999323
	speed: 0.0105s/iter; left time: 6163.3210s
	iters: 16800, epoch: 5 | loss: 0.1910810
	speed: 0.0108s/iter; left time: 6317.4028s
	iters: 16900, epoch: 5 | loss: 0.2173201
	speed: 0.0107s/iter; left time: 6272.2633s
	iters: 17000, epoch: 5 | loss: 0.2857178
	speed: 0.0121s/iter; left time: 7100.2604s
	iters: 17100, epoch: 5 | loss: 0.2760065
	speed: 0.0119s/iter; left time: 6996.9319s
	iters: 17200, epoch: 5 | loss: 0.2587628
	speed: 0.0106s/iter; left time: 6197.9307s
	iters: 17300, epoch: 5 | loss: 0.2064841
	speed: 0.0106s/iter; left time: 6187.8247s
	iters: 17400, epoch: 5 | loss: 0.3306915
	speed: 0.0111s/iter; left time: 6483.0564s
	iters: 17500, epoch: 5 | loss: 0.3061240
	speed: 0.0107s/iter; left time: 6253.4190s
	iters: 17600, epoch: 5 | loss: 0.2517633
	speed: 0.0106s/iter; left time: 6190.9280s
	iters: 17700, epoch: 5 | loss: 0.2521971
	speed: 0.0111s/iter; left time: 6487.1328s
	iters: 17800, epoch: 5 | loss: 0.2556066
	speed: 0.0111s/iter; left time: 6486.0271s
	iters: 17900, epoch: 5 | loss: 0.3544104
	speed: 0.0106s/iter; left time: 6216.1876s
	iters: 18000, epoch: 5 | loss: 0.3409564
	speed: 0.0111s/iter; left time: 6485.5312s
	iters: 18100, epoch: 5 | loss: 0.2073346
	speed: 0.0108s/iter; left time: 6316.5236s
	iters: 18200, epoch: 5 | loss: 0.3410647
	speed: 0.0108s/iter; left time: 6324.8358s
	iters: 18300, epoch: 5 | loss: 0.2684209
	speed: 0.0111s/iter; left time: 6484.7070s
	iters: 18400, epoch: 5 | loss: 0.2305980
	speed: 0.0110s/iter; left time: 6416.7135s
	iters: 18500, epoch: 5 | loss: 0.3016915
	speed: 0.0108s/iter; left time: 6295.6831s
	iters: 18600, epoch: 5 | loss: 0.2671453
	speed: 0.0110s/iter; left time: 6408.3783s
	iters: 18700, epoch: 5 | loss: 0.2922636
	speed: 0.0111s/iter; left time: 6483.3263s
	iters: 18800, epoch: 5 | loss: 0.3011900
	speed: 0.0111s/iter; left time: 6496.5113s
	iters: 18900, epoch: 5 | loss: 0.2196634
	speed: 0.0113s/iter; left time: 6575.0800s
	iters: 19000, epoch: 5 | loss: 0.2079324
	speed: 0.0108s/iter; left time: 6288.5985s
	iters: 19100, epoch: 5 | loss: 0.2483123
	speed: 0.0115s/iter; left time: 6728.5708s
	iters: 19200, epoch: 5 | loss: 0.2879486
	speed: 0.0109s/iter; left time: 6362.1654s
	iters: 19300, epoch: 5 | loss: 0.2676926
	speed: 0.0107s/iter; left time: 6236.2767s
	iters: 19400, epoch: 5 | loss: 0.2680392
	speed: 0.0104s/iter; left time: 6071.2539s
	iters: 19500, epoch: 5 | loss: 0.2341137
	speed: 0.0108s/iter; left time: 6292.5908s
	iters: 19600, epoch: 5 | loss: 0.2827839
	speed: 0.0108s/iter; left time: 6326.1709s
	iters: 19700, epoch: 5 | loss: 0.2213666
	speed: 0.0105s/iter; left time: 6117.2596s
	iters: 19800, epoch: 5 | loss: 0.2748610
	speed: 0.0119s/iter; left time: 6926.4497s
	iters: 19900, epoch: 5 | loss: 0.2354743
	speed: 0.0124s/iter; left time: 7215.5032s
	iters: 20000, epoch: 5 | loss: 0.2641003
	speed: 0.0109s/iter; left time: 6342.9933s
	iters: 20100, epoch: 5 | loss: 0.1861920
	speed: 0.0107s/iter; left time: 6256.4753s
	iters: 20200, epoch: 5 | loss: 0.2851955
	speed: 0.0109s/iter; left time: 6339.2554s
	iters: 20300, epoch: 5 | loss: 0.2110993
	speed: 0.0104s/iter; left time: 6065.4311s
	iters: 20400, epoch: 5 | loss: 0.2699649
	speed: 0.0108s/iter; left time: 6289.0937s
	iters: 20500, epoch: 5 | loss: 0.3620264
	speed: 0.0115s/iter; left time: 6725.8408s
	iters: 20600, epoch: 5 | loss: 0.3552042
	speed: 0.0109s/iter; left time: 6343.5067s
	iters: 20700, epoch: 5 | loss: 0.3227137
	speed: 0.0110s/iter; left time: 6408.8275s
	iters: 20800, epoch: 5 | loss: 0.2402591
	speed: 0.0111s/iter; left time: 6468.9401s
	iters: 20900, epoch: 5 | loss: 0.3388633
	speed: 0.0110s/iter; left time: 6391.8276s
	iters: 21000, epoch: 5 | loss: 0.2720928
	speed: 0.0108s/iter; left time: 6283.3390s
	iters: 21100, epoch: 5 | loss: 0.2201500
	speed: 0.0109s/iter; left time: 6349.1329s
	iters: 21200, epoch: 5 | loss: 0.2724628
	speed: 0.0107s/iter; left time: 6198.3090s
	iters: 21300, epoch: 5 | loss: 0.3139651
	speed: 0.0109s/iter; left time: 6357.0390s
	iters: 21400, epoch: 5 | loss: 0.1799325
	speed: 0.0115s/iter; left time: 6666.2978s
	iters: 21500, epoch: 5 | loss: 0.2506036
	speed: 0.0110s/iter; left time: 6419.2062s
	iters: 21600, epoch: 5 | loss: 0.2602461
	speed: 0.0107s/iter; left time: 6228.3679s
	iters: 21700, epoch: 5 | loss: 0.2719649
	speed: 0.0106s/iter; left time: 6184.4798s
	iters: 21800, epoch: 5 | loss: 0.2618515
	speed: 0.0106s/iter; left time: 6179.8051s
	iters: 21900, epoch: 5 | loss: 0.2318572
	speed: 0.0111s/iter; left time: 6469.6484s
	iters: 22000, epoch: 5 | loss: 0.2988818
	speed: 0.0109s/iter; left time: 6335.7662s
	iters: 22100, epoch: 5 | loss: 0.3216532
	speed: 0.0108s/iter; left time: 6280.7903s
	iters: 22200, epoch: 5 | loss: 0.2629324
	speed: 0.0113s/iter; left time: 6564.1006s
	iters: 22300, epoch: 5 | loss: 0.2364796
	speed: 0.0106s/iter; left time: 6182.0619s
	iters: 22400, epoch: 5 | loss: 0.2448711
	speed: 0.0110s/iter; left time: 6400.7134s
	iters: 22500, epoch: 5 | loss: 0.3052889
	speed: 0.0105s/iter; left time: 6115.8742s
	iters: 22600, epoch: 5 | loss: 0.2577493
	speed: 0.0129s/iter; left time: 7475.1566s
	iters: 22700, epoch: 5 | loss: 0.2295813
	speed: 0.0111s/iter; left time: 6431.4168s
	iters: 22800, epoch: 5 | loss: 0.1974605
	speed: 0.0106s/iter; left time: 6135.1716s
	iters: 22900, epoch: 5 | loss: 0.2896090
	speed: 0.0107s/iter; left time: 6180.7657s
	iters: 23000, epoch: 5 | loss: 0.2466535
	speed: 0.0105s/iter; left time: 6061.4942s
	iters: 23100, epoch: 5 | loss: 0.1985699
	speed: 0.0104s/iter; left time: 6025.2325s
Epoch: 5 cost time: 253.51671814918518
Epoch: 5, Steps: 23190 | Train Loss: 0.2641235 Vali Loss: 0.2765273
EarlyStopping counter: 4 out of 5
Updating learning rate to 0.0003200000000000001
	iters: 100, epoch: 6 | loss: 0.2386110
	speed: 0.1027s/iter; left time: 59532.2154s
	iters: 200, epoch: 6 | loss: 0.2326860
	speed: 0.0121s/iter; left time: 7023.4307s
	iters: 300, epoch: 6 | loss: 0.2496121
	speed: 0.0132s/iter; left time: 7622.4363s
	iters: 400, epoch: 6 | loss: 0.2435615
	speed: 0.0135s/iter; left time: 7812.0165s
	iters: 500, epoch: 6 | loss: 0.2053600
	speed: 0.0109s/iter; left time: 6313.7539s
	iters: 600, epoch: 6 | loss: 0.3041624
	speed: 0.0107s/iter; left time: 6209.2307s
	iters: 700, epoch: 6 | loss: 0.2618962
	speed: 0.0105s/iter; left time: 6103.7961s
	iters: 800, epoch: 6 | loss: 0.2131176
	speed: 0.0106s/iter; left time: 6158.2712s
	iters: 900, epoch: 6 | loss: 0.3376088
	speed: 0.0107s/iter; left time: 6217.0909s
	iters: 1000, epoch: 6 | loss: 0.2764140
	speed: 0.0109s/iter; left time: 6280.1675s
	iters: 1100, epoch: 6 | loss: 0.2517742
	speed: 0.0106s/iter; left time: 6158.2091s
	iters: 1200, epoch: 6 | loss: 0.2066728
	speed: 0.0109s/iter; left time: 6317.8901s
	iters: 1300, epoch: 6 | loss: 0.2191993
	speed: 0.0108s/iter; left time: 6272.6782s
	iters: 1400, epoch: 6 | loss: 0.3029017
	speed: 0.0128s/iter; left time: 7421.7187s
	iters: 1500, epoch: 6 | loss: 0.1986045
	speed: 0.0128s/iter; left time: 7384.1409s
	iters: 1600, epoch: 6 | loss: 0.2101612
	speed: 0.0107s/iter; left time: 6170.1030s
	iters: 1700, epoch: 6 | loss: 0.2695246
	speed: 0.0106s/iter; left time: 6135.9498s
	iters: 1800, epoch: 6 | loss: 0.2306237
	speed: 0.0114s/iter; left time: 6568.3146s
	iters: 1900, epoch: 6 | loss: 0.2422456
	speed: 0.0107s/iter; left time: 6170.1444s
	iters: 2000, epoch: 6 | loss: 0.2175515
	speed: 0.0118s/iter; left time: 6832.9201s
	iters: 2100, epoch: 6 | loss: 0.2854822
	speed: 0.0109s/iter; left time: 6270.7528s
	iters: 2200, epoch: 6 | loss: 0.2959079
	speed: 0.0110s/iter; left time: 6358.5119s
	iters: 2300, epoch: 6 | loss: 0.2313745
	speed: 0.0107s/iter; left time: 6165.7563s
	iters: 2400, epoch: 6 | loss: 0.2830399
	speed: 0.0118s/iter; left time: 6807.1164s
	iters: 2500, epoch: 6 | loss: 0.3135955
	speed: 0.0108s/iter; left time: 6240.0081s
	iters: 2600, epoch: 6 | loss: 0.2507767
	speed: 0.0109s/iter; left time: 6309.9567s
	iters: 2700, epoch: 6 | loss: 0.2390002
	speed: 0.0109s/iter; left time: 6268.9474s
	iters: 2800, epoch: 6 | loss: 0.2393603
	speed: 0.0109s/iter; left time: 6286.8850s
	iters: 2900, epoch: 6 | loss: 0.2630404
	speed: 0.0112s/iter; left time: 6457.0694s
	iters: 3000, epoch: 6 | loss: 0.2935947
	speed: 0.0118s/iter; left time: 6786.3162s
	iters: 3100, epoch: 6 | loss: 0.3270168
	speed: 0.0110s/iter; left time: 6350.8651s
	iters: 3200, epoch: 6 | loss: 0.3109229
	speed: 0.0110s/iter; left time: 6319.7575s
	iters: 3300, epoch: 6 | loss: 0.3357403
	speed: 0.0115s/iter; left time: 6654.6760s
	iters: 3400, epoch: 6 | loss: 0.2995982
	speed: 0.0112s/iter; left time: 6447.2375s
	iters: 3500, epoch: 6 | loss: 0.2364438
	speed: 0.0108s/iter; left time: 6241.2033s
	iters: 3600, epoch: 6 | loss: 0.3532568
	speed: 0.0105s/iter; left time: 6063.3643s
	iters: 3700, epoch: 6 | loss: 0.2785762
	speed: 0.0105s/iter; left time: 6020.8211s
	iters: 3800, epoch: 6 | loss: 0.2429756
	speed: 0.0106s/iter; left time: 6101.3974s
	iters: 3900, epoch: 6 | loss: 0.3378514
	speed: 0.0119s/iter; left time: 6842.3508s
	iters: 4000, epoch: 6 | loss: 0.2177463
	speed: 0.0105s/iter; left time: 6044.8911s
	iters: 4100, epoch: 6 | loss: 0.2568266
	speed: 0.0105s/iter; left time: 6044.8911s
	iters: 4200, epoch: 6 | loss: 0.3203399
	speed: 0.0130s/iter; left time: 7486.1422s
	iters: 4300, epoch: 6 | loss: 0.2178932
	speed: 0.0105s/iter; left time: 6039.0330s
	iters: 4400, epoch: 6 | loss: 0.2226028
	speed: 0.0105s/iter; left time: 6050.5570s
	iters: 4500, epoch: 6 | loss: 0.2219205
	speed: 0.0105s/iter; left time: 6038.4016s
	iters: 4600, epoch: 6 | loss: 0.3486488
	speed: 0.0109s/iter; left time: 6278.7731s
	iters: 4700, epoch: 6 | loss: 0.2005391
	speed: 0.0111s/iter; left time: 6387.5666s
	iters: 4800, epoch: 6 | loss: 0.2247229
	speed: 0.0110s/iter; left time: 6328.1451s
	iters: 4900, epoch: 6 | loss: 0.1792676
	speed: 0.0109s/iter; left time: 6242.1333s
	iters: 5000, epoch: 6 | loss: 0.2576185
	speed: 0.0108s/iter; left time: 6193.1208s
	iters: 5100, epoch: 6 | loss: 0.2382023
	speed: 0.0106s/iter; left time: 6108.5701s
	iters: 5200, epoch: 6 | loss: 0.2237653
	speed: 0.0111s/iter; left time: 6351.8119s
	iters: 5300, epoch: 6 | loss: 0.2391096
	speed: 0.0108s/iter; left time: 6204.4703s
	iters: 5400, epoch: 6 | loss: 0.1764754
	speed: 0.0115s/iter; left time: 6621.4584s
	iters: 5500, epoch: 6 | loss: 0.2405903
	speed: 0.0109s/iter; left time: 6275.7772s
	iters: 5600, epoch: 6 | loss: 0.2596931
	speed: 0.0109s/iter; left time: 6231.5837s
	iters: 5700, epoch: 6 | loss: 0.2073117
	speed: 0.0109s/iter; left time: 6236.3178s
	iters: 5800, epoch: 6 | loss: 0.4022564
	speed: 0.0116s/iter; left time: 6654.0567s
	iters: 5900, epoch: 6 | loss: 0.2745072
	speed: 0.0112s/iter; left time: 6432.8645s
	iters: 6000, epoch: 6 | loss: 0.2916167
	speed: 0.0110s/iter; left time: 6288.3709s
	iters: 6100, epoch: 6 | loss: 0.2300201
	speed: 0.0113s/iter; left time: 6482.0504s
	iters: 6200, epoch: 6 | loss: 0.2850763
	speed: 0.0110s/iter; left time: 6292.5457s
	iters: 6300, epoch: 6 | loss: 0.2241958
	speed: 0.0108s/iter; left time: 6202.5619s
	iters: 6400, epoch: 6 | loss: 0.2379594
	speed: 0.0108s/iter; left time: 6198.7395s
	iters: 6500, epoch: 6 | loss: 0.3359847
	speed: 0.0110s/iter; left time: 6324.9276s
	iters: 6600, epoch: 6 | loss: 0.2583728
	speed: 0.0109s/iter; left time: 6270.3121s
	iters: 6700, epoch: 6 | loss: 0.1930727
	speed: 0.0111s/iter; left time: 6365.7335s
	iters: 6800, epoch: 6 | loss: 0.2300310
	speed: 0.0108s/iter; left time: 6159.6866s
	iters: 6900, epoch: 6 | loss: 0.2915004
	speed: 0.0106s/iter; left time: 6098.5553s
	iters: 7000, epoch: 6 | loss: 0.3761687
	speed: 0.0137s/iter; left time: 7838.6532s
	iters: 7100, epoch: 6 | loss: 0.2327881
	speed: 0.0108s/iter; left time: 6175.5101s
	iters: 7200, epoch: 6 | loss: 0.1970061
	speed: 0.0106s/iter; left time: 6065.1580s
	iters: 7300, epoch: 6 | loss: 0.2217734
	speed: 0.0106s/iter; left time: 6091.0459s
	iters: 7400, epoch: 6 | loss: 0.3775360
	speed: 0.0118s/iter; left time: 6744.9242s
	iters: 7500, epoch: 6 | loss: 0.2771979
	speed: 0.0114s/iter; left time: 6501.1693s
	iters: 7600, epoch: 6 | loss: 0.2176425
	speed: 0.0112s/iter; left time: 6395.7371s
	iters: 7700, epoch: 6 | loss: 0.2432290
	speed: 0.0107s/iter; left time: 6130.5088s
	iters: 7800, epoch: 6 | loss: 0.2322125
	speed: 0.0116s/iter; left time: 6609.3271s
	iters: 7900, epoch: 6 | loss: 0.2308880
	speed: 0.0107s/iter; left time: 6124.0285s
	iters: 8000, epoch: 6 | loss: 0.2326286
	speed: 0.0108s/iter; left time: 6150.3040s
	iters: 8100, epoch: 6 | loss: 0.2272048
	speed: 0.0110s/iter; left time: 6263.8309s
	iters: 8200, epoch: 6 | loss: 0.2772922
	speed: 0.0113s/iter; left time: 6440.4414s
	iters: 8300, epoch: 6 | loss: 0.2295873
	speed: 0.0113s/iter; left time: 6461.7772s
	iters: 8400, epoch: 6 | loss: 0.3065995
	speed: 0.0119s/iter; left time: 6793.5085s
	iters: 8500, epoch: 6 | loss: 0.2354306
	speed: 0.0118s/iter; left time: 6767.1163s
	iters: 8600, epoch: 6 | loss: 0.2549717
	speed: 0.0115s/iter; left time: 6592.1054s
	iters: 8700, epoch: 6 | loss: 0.2583357
	speed: 0.0112s/iter; left time: 6404.8109s
	iters: 8800, epoch: 6 | loss: 0.2923740
	speed: 0.0108s/iter; left time: 6168.4525s
	iters: 8900, epoch: 6 | loss: 0.1883710
	speed: 0.0107s/iter; left time: 6113.7685s
	iters: 9000, epoch: 6 | loss: 0.2182122
	speed: 0.0107s/iter; left time: 6129.8596s
	iters: 9100, epoch: 6 | loss: 0.2938159
	speed: 0.0107s/iter; left time: 6125.3353s
	iters: 9200, epoch: 6 | loss: 0.2243006
	speed: 0.0108s/iter; left time: 6163.6467s
	iters: 9300, epoch: 6 | loss: 0.1917778
	speed: 0.0109s/iter; left time: 6194.4217s
	iters: 9400, epoch: 6 | loss: 0.2685425
	speed: 0.0114s/iter; left time: 6519.5179s
	iters: 9500, epoch: 6 | loss: 0.2753916
	speed: 0.0116s/iter; left time: 6640.2656s
	iters: 9600, epoch: 6 | loss: 0.2076174
	speed: 0.0112s/iter; left time: 6367.9225s
	iters: 9700, epoch: 6 | loss: 0.2611162
	speed: 0.0136s/iter; left time: 7777.8895s
	iters: 9800, epoch: 6 | loss: 0.2604204
	speed: 0.0110s/iter; left time: 6290.1846s
	iters: 9900, epoch: 6 | loss: 0.2129791
	speed: 0.0112s/iter; left time: 6375.1502s
	iters: 10000, epoch: 6 | loss: 0.2415332
	speed: 0.0108s/iter; left time: 6166.1349s
	iters: 10100, epoch: 6 | loss: 0.2132432
	speed: 0.0115s/iter; left time: 6535.5611s
	iters: 10200, epoch: 6 | loss: 0.2877001
	speed: 0.0111s/iter; left time: 6342.6517s
	iters: 10300, epoch: 6 | loss: 0.2861612
	speed: 0.0115s/iter; left time: 6551.9332s
	iters: 10400, epoch: 6 | loss: 0.2340904
	speed: 0.0107s/iter; left time: 6106.5148s
	iters: 10500, epoch: 6 | loss: 0.2158247
	speed: 0.0106s/iter; left time: 6060.8161s
	iters: 10600, epoch: 6 | loss: 0.2519616
	speed: 0.0107s/iter; left time: 6115.5605s
	iters: 10700, epoch: 6 | loss: 0.2032487
	speed: 0.0108s/iter; left time: 6173.5551s
	iters: 10800, epoch: 6 | loss: 0.3085202
	speed: 0.0105s/iter; left time: 5975.0094s
	iters: 10900, epoch: 6 | loss: 0.2260852
	speed: 0.0105s/iter; left time: 5962.1938s
	iters: 11000, epoch: 6 | loss: 0.3361697
	speed: 0.0104s/iter; left time: 5937.2691s
	iters: 11100, epoch: 6 | loss: 0.2728411
	speed: 0.0106s/iter; left time: 6024.8640s
	iters: 11200, epoch: 6 | loss: 0.2015154
	speed: 0.0112s/iter; left time: 6360.2609s
	iters: 11300, epoch: 6 | loss: 0.3579872
	speed: 0.0118s/iter; left time: 6718.4683s
	iters: 11400, epoch: 6 | loss: 0.1999937
	speed: 0.0112s/iter; left time: 6343.5109s
	iters: 11500, epoch: 6 | loss: 0.2305407
	speed: 0.0108s/iter; left time: 6138.6508s
	iters: 11600, epoch: 6 | loss: 0.2945634
	speed: 0.0108s/iter; left time: 6161.9285s
	iters: 11700, epoch: 6 | loss: 0.2686605
	speed: 0.0107s/iter; left time: 6088.4099s
	iters: 11800, epoch: 6 | loss: 0.3518926
	speed: 0.0105s/iter; left time: 5987.8618s
	iters: 11900, epoch: 6 | loss: 0.2035400
	speed: 0.0106s/iter; left time: 6037.4067s
	iters: 12000, epoch: 6 | loss: 0.1908592
	speed: 0.0106s/iter; left time: 6012.3641s
	iters: 12100, epoch: 6 | loss: 0.2528540
	speed: 0.0105s/iter; left time: 5984.2008s
	iters: 12200, epoch: 6 | loss: 0.2273918
	speed: 0.0110s/iter; left time: 6242.7465s
	iters: 12300, epoch: 6 | loss: 0.2163113
	speed: 0.0108s/iter; left time: 6118.9729s
	iters: 12400, epoch: 6 | loss: 0.2265903
	speed: 0.0105s/iter; left time: 5970.5293s
	iters: 12500, epoch: 6 | loss: 0.2655335
	speed: 0.0136s/iter; left time: 7697.7157s
	iters: 12600, epoch: 6 | loss: 0.2265544
	speed: 0.0107s/iter; left time: 6079.5587s
	iters: 12700, epoch: 6 | loss: 0.2240375
	speed: 0.0106s/iter; left time: 5994.7750s
	iters: 12800, epoch: 6 | loss: 0.3295754
	speed: 0.0106s/iter; left time: 6023.6151s
	iters: 12900, epoch: 6 | loss: 0.2839906
	speed: 0.0115s/iter; left time: 6492.5724s
	iters: 13000, epoch: 6 | loss: 0.2501796
	speed: 0.0109s/iter; left time: 6151.5362s
	iters: 13100, epoch: 6 | loss: 0.2833796
	speed: 0.0106s/iter; left time: 6018.9525s
	iters: 13200, epoch: 6 | loss: 0.2365417
	speed: 0.0108s/iter; left time: 6118.3546s
	iters: 13300, epoch: 6 | loss: 0.2888535
	speed: 0.0108s/iter; left time: 6104.7256s
	iters: 13400, epoch: 6 | loss: 0.2424982
	speed: 0.0107s/iter; left time: 6034.0825s
	iters: 13500, epoch: 6 | loss: 0.2911611
	speed: 0.0106s/iter; left time: 6027.8180s
	iters: 13600, epoch: 6 | loss: 0.2503264
	speed: 0.0107s/iter; left time: 6060.9698s
	iters: 13700, epoch: 6 | loss: 0.2849467
	speed: 0.0109s/iter; left time: 6169.4048s
	iters: 13800, epoch: 6 | loss: 0.2598738
	speed: 0.0109s/iter; left time: 6173.4383s
	iters: 13900, epoch: 6 | loss: 0.2590904
	speed: 0.0110s/iter; left time: 6215.1637s
	iters: 14000, epoch: 6 | loss: 0.3713350
	speed: 0.0111s/iter; left time: 6266.7071s
	iters: 14100, epoch: 6 | loss: 0.2547951
	speed: 0.0112s/iter; left time: 6343.0019s
	iters: 14200, epoch: 6 | loss: 0.1863973
	speed: 0.0112s/iter; left time: 6325.0016s
	iters: 14300, epoch: 6 | loss: 0.2860850
	speed: 0.0113s/iter; left time: 6380.0791s
	iters: 14400, epoch: 6 | loss: 0.1938681
	speed: 0.0109s/iter; left time: 6174.7679s
	iters: 14500, epoch: 6 | loss: 0.2043535
	speed: 0.0112s/iter; left time: 6328.2675s
	iters: 14600, epoch: 6 | loss: 0.2309460
	speed: 0.0108s/iter; left time: 6126.7818s
	iters: 14700, epoch: 6 | loss: 0.3117495
	speed: 0.0108s/iter; left time: 6127.7172s
	iters: 14800, epoch: 6 | loss: 0.2721896
	speed: 0.0106s/iter; left time: 5960.5001s
	iters: 14900, epoch: 6 | loss: 0.2668387
	speed: 0.0108s/iter; left time: 6086.5543s
	iters: 15000, epoch: 6 | loss: 0.2967865
	speed: 0.0112s/iter; left time: 6312.4662s
	iters: 15100, epoch: 6 | loss: 0.2414996
	speed: 0.0108s/iter; left time: 6112.8532s
	iters: 15200, epoch: 6 | loss: 0.2333748
	speed: 0.0110s/iter; left time: 6215.8900s
	iters: 15300, epoch: 6 | loss: 0.2038162
	speed: 0.0135s/iter; left time: 7600.9150s
	iters: 15400, epoch: 6 | loss: 0.3271384
	speed: 0.0108s/iter; left time: 6095.2702s
	iters: 15500, epoch: 6 | loss: 0.2228663
	speed: 0.0107s/iter; left time: 6017.1837s
	iters: 15600, epoch: 6 | loss: 0.3161399
	speed: 0.0113s/iter; left time: 6363.0370s
	iters: 15700, epoch: 6 | loss: 0.2943640
	speed: 0.0109s/iter; left time: 6124.3941s
	iters: 15800, epoch: 6 | loss: 0.3653525
	speed: 0.0109s/iter; left time: 6131.0543s
	iters: 15900, epoch: 6 | loss: 0.2462282
	speed: 0.0109s/iter; left time: 6150.5354s
	iters: 16000, epoch: 6 | loss: 0.4125612
	speed: 0.0109s/iter; left time: 6117.1515s
	iters: 16100, epoch: 6 | loss: 0.3241257
	speed: 0.0107s/iter; left time: 6015.4538s
	iters: 16200, epoch: 6 | loss: 0.2691102
	speed: 0.0108s/iter; left time: 6063.4351s
	iters: 16300, epoch: 6 | loss: 0.2574835
	speed: 0.0108s/iter; left time: 6092.1740s
	iters: 16400, epoch: 6 | loss: 0.2375087
	speed: 0.0108s/iter; left time: 6064.9674s
	iters: 16500, epoch: 6 | loss: 0.2977858
	speed: 0.0109s/iter; left time: 6155.4172s
	iters: 16600, epoch: 6 | loss: 0.3162902
	speed: 0.0109s/iter; left time: 6116.7649s
	iters: 16700, epoch: 6 | loss: 0.2750696
	speed: 0.0113s/iter; left time: 6353.0062s
	iters: 16800, epoch: 6 | loss: 0.2805761
	speed: 0.0111s/iter; left time: 6250.8735s
	iters: 16900, epoch: 6 | loss: 0.2812920
	speed: 0.0112s/iter; left time: 6317.5499s
	iters: 17000, epoch: 6 | loss: 0.3387855
	speed: 0.0110s/iter; left time: 6192.5655s
	iters: 17100, epoch: 6 | loss: 0.2844878
	speed: 0.0107s/iter; left time: 6007.7260s
	iters: 17200, epoch: 6 | loss: 0.2270474
	speed: 0.0105s/iter; left time: 5893.8813s
	iters: 17300, epoch: 6 | loss: 0.2708725
	speed: 0.0105s/iter; left time: 5882.8540s
	iters: 17400, epoch: 6 | loss: 0.2845453
	speed: 0.0105s/iter; left time: 5887.6148s
	iters: 17500, epoch: 6 | loss: 0.2525652
	speed: 0.0106s/iter; left time: 5957.7195s
	iters: 17600, epoch: 6 | loss: 0.2394670
	speed: 0.0104s/iter; left time: 5864.9356s
	iters: 17700, epoch: 6 | loss: 0.1684998
	speed: 0.0105s/iter; left time: 5909.7175s
	iters: 17800, epoch: 6 | loss: 0.2145829
	speed: 0.0110s/iter; left time: 6166.1533s
	iters: 17900, epoch: 6 | loss: 0.2432222
	speed: 0.0105s/iter; left time: 5901.2945s
	iters: 18000, epoch: 6 | loss: 0.2730888
	speed: 0.0104s/iter; left time: 5856.0614s
	iters: 18100, epoch: 6 | loss: 0.2758575
	speed: 0.0129s/iter; left time: 7250.0836s
	iters: 18200, epoch: 6 | loss: 0.2279071
	speed: 0.0107s/iter; left time: 6000.0241s
	iters: 18300, epoch: 6 | loss: 0.2222995
	speed: 0.0109s/iter; left time: 6113.8024s
	iters: 18400, epoch: 6 | loss: 0.2232320
	speed: 0.0111s/iter; left time: 6232.7648s
	iters: 18500, epoch: 6 | loss: 0.2416223
	speed: 0.0108s/iter; left time: 6087.1489s
	iters: 18600, epoch: 6 | loss: 0.2209809
	speed: 0.0111s/iter; left time: 6236.4871s
	iters: 18700, epoch: 6 | loss: 0.2253251
	speed: 0.0108s/iter; left time: 6052.7999s
	iters: 18800, epoch: 6 | loss: 0.2213492
	speed: 0.0112s/iter; left time: 6285.0900s
	iters: 18900, epoch: 6 | loss: 0.2637686
	speed: 0.0110s/iter; left time: 6150.1172s
	iters: 19000, epoch: 6 | loss: 0.2912142
	speed: 0.0111s/iter; left time: 6245.4470s
	iters: 19100, epoch: 6 | loss: 0.2935212
	speed: 0.0108s/iter; left time: 6054.0051s
	iters: 19200, epoch: 6 | loss: 0.2722986
	speed: 0.0109s/iter; left time: 6125.9373s
	iters: 19300, epoch: 6 | loss: 0.2215543
	speed: 0.0109s/iter; left time: 6099.2198s
	iters: 19400, epoch: 6 | loss: 0.2321446
	speed: 0.0112s/iter; left time: 6261.7398s
	iters: 19500, epoch: 6 | loss: 0.2559711
	speed: 0.0108s/iter; left time: 6062.2365s
	iters: 19600, epoch: 6 | loss: 0.2404054
	speed: 0.0114s/iter; left time: 6383.7040s
	iters: 19700, epoch: 6 | loss: 0.2013040
	speed: 0.0112s/iter; left time: 6246.0909s
	iters: 19800, epoch: 6 | loss: 0.2603636
	speed: 0.0113s/iter; left time: 6323.0080s
	iters: 19900, epoch: 6 | loss: 0.2137947
	speed: 0.0108s/iter; left time: 6045.5468s
	iters: 20000, epoch: 6 | loss: 0.2453080
	speed: 0.0108s/iter; left time: 6019.3093s
	iters: 20100, epoch: 6 | loss: 0.2143617
	speed: 0.0109s/iter; left time: 6104.3678s
	iters: 20200, epoch: 6 | loss: 0.2690948
	speed: 0.0111s/iter; left time: 6186.8915s
	iters: 20300, epoch: 6 | loss: 0.2266005
	speed: 0.0109s/iter; left time: 6108.1246s
	iters: 20400, epoch: 6 | loss: 0.2399791
	speed: 0.0111s/iter; left time: 6197.3119s
	iters: 20500, epoch: 6 | loss: 0.3144498
	speed: 0.0110s/iter; left time: 6170.5742s
	iters: 20600, epoch: 6 | loss: 0.2610672
	speed: 0.0110s/iter; left time: 6171.1319s
	iters: 20700, epoch: 6 | loss: 0.2646238
	speed: 0.0109s/iter; left time: 6093.2609s
	iters: 20800, epoch: 6 | loss: 0.2772250
	speed: 0.0115s/iter; left time: 6413.7964s
	iters: 20900, epoch: 6 | loss: 0.2656700
	speed: 0.0127s/iter; left time: 7078.6460s
	iters: 21000, epoch: 6 | loss: 0.2224200
	speed: 0.0105s/iter; left time: 5884.4139s
	iters: 21100, epoch: 6 | loss: 0.2356416
	speed: 0.0110s/iter; left time: 6150.7133s
	iters: 21200, epoch: 6 | loss: 0.2447658
	speed: 0.0115s/iter; left time: 6407.4966s
	iters: 21300, epoch: 6 | loss: 0.2604879
	speed: 0.0112s/iter; left time: 6249.5724s
	iters: 21400, epoch: 6 | loss: 0.2912050
	speed: 0.0108s/iter; left time: 6051.7800s
	iters: 21500, epoch: 6 | loss: 0.2484633
	speed: 0.0107s/iter; left time: 5991.5889s
	iters: 21600, epoch: 6 | loss: 0.2534928
	speed: 0.0127s/iter; left time: 7106.6888s
	iters: 21700, epoch: 6 | loss: 0.2294769
	speed: 0.0116s/iter; left time: 6451.0703s
	iters: 21800, epoch: 6 | loss: 0.2219817
	speed: 0.0112s/iter; left time: 6270.1471s
	iters: 21900, epoch: 6 | loss: 0.2793730
	speed: 0.0109s/iter; left time: 6105.6037s
	iters: 22000, epoch: 6 | loss: 0.2276313
	speed: 0.0109s/iter; left time: 6061.8951s
	iters: 22100, epoch: 6 | loss: 0.2244248
	speed: 0.0108s/iter; left time: 5997.6256s
	iters: 22200, epoch: 6 | loss: 0.2197386
	speed: 0.0108s/iter; left time: 6047.7031s
	iters: 22300, epoch: 6 | loss: 0.2272023
	speed: 0.0110s/iter; left time: 6127.6596s
	iters: 22400, epoch: 6 | loss: 0.2478815
	speed: 0.0111s/iter; left time: 6198.2626s
	iters: 22500, epoch: 6 | loss: 0.2336352
	speed: 0.0109s/iter; left time: 6048.4999s
	iters: 22600, epoch: 6 | loss: 0.1919725
	speed: 0.0105s/iter; left time: 5860.7346s
	iters: 22700, epoch: 6 | loss: 0.2076924
	speed: 0.0107s/iter; left time: 5957.0573s
	iters: 22800, epoch: 6 | loss: 0.2027541
	speed: 0.0106s/iter; left time: 5889.9009s
	iters: 22900, epoch: 6 | loss: 0.2637823
	speed: 0.0109s/iter; left time: 6052.2011s
	iters: 23000, epoch: 6 | loss: 0.2426155
	speed: 0.0106s/iter; left time: 5913.3595s
	iters: 23100, epoch: 6 | loss: 0.2610736
	speed: 0.0109s/iter; left time: 6041.8321s
Epoch: 6 cost time: 256.3140170574188
Epoch: 6, Steps: 23190 | Train Loss: 0.2636086 Vali Loss: 0.2737192
EarlyStopping counter: 5 out of 5
Early stopping
>>>>>>>testing : DLAM_96_24_cycle168_seed2024_GTRiTransformer_iTransformer_DLAM_ftMS_sl96_pl24_cycle168_dm512_el3_seed2024_0<<<<<<<<<<<<<<<<<<<<<<<<<<<<<<<<<
Loading AIML-TUDA/dlam-ts-project-data-2026 from HuggingFace...
/home/hetz/pytorch_projects/bonus_group34/.venv/lib/python3.14/site-packages/sklearn/utils/validation.py:2827: UserWarning: X does not have valid feature names, but StandardScaler was fitted with feature names
  warnings.warn(
/home/hetz/pytorch_projects/bonus_group34/.venv/lib/python3.14/site-packages/sklearn/utils/validation.py:2827: UserWarning: X does not have valid feature names, but StandardScaler was fitted with feature names
  warnings.warn(
/home/hetz/pytorch_projects/bonus_group34/.venv/lib/python3.14/site-packages/sklearn/utils/validation.py:2827: UserWarning: X does not have valid feature names, but StandardScaler was fitted with feature names
  warnings.warn(
/home/hetz/pytorch_projects/bonus_group34/.venv/lib/python3.14/site-packages/sklearn/utils/validation.py:2827: UserWarning: X does not have valid feature names, but StandardScaler was fitted with feature names
  warnings.warn(
/home/hetz/pytorch_projects/bonus_group34/.venv/lib/python3.14/site-packages/sklearn/utils/validation.py:2827: UserWarning: X does not have valid feature names, but StandardScaler was fitted with feature names
  warnings.warn(
/home/hetz/pytorch_projects/bonus_group34/.venv/lib/python3.14/site-packages/sklearn/utils/validation.py:2827: UserWarning: X does not have valid feature names, but StandardScaler was fitted with feature names
  warnings.warn(
/home/hetz/pytorch_projects/bonus_group34/.venv/lib/python3.14/site-packages/sklearn/utils/validation.py:2827: UserWarning: X does not have valid feature names, but StandardScaler was fitted with feature names
  warnings.warn(
/home/hetz/pytorch_projects/bonus_group34/.venv/lib/python3.14/site-packages/sklearn/utils/validation.py:2827: UserWarning: X does not have valid feature names, but StandardScaler was fitted with feature names
  warnings.warn(
/home/hetz/pytorch_projects/bonus_group34/.venv/lib/python3.14/site-packages/sklearn/utils/validation.py:2827: UserWarning: X does not have valid feature names, but StandardScaler was fitted with feature names
  warnings.warn(
/home/hetz/pytorch_projects/bonus_group34/.venv/lib/python3.14/site-packages/sklearn/utils/validation.py:2827: UserWarning: X does not have valid feature names, but StandardScaler was fitted with feature names
  warnings.warn(
/home/hetz/pytorch_projects/bonus_group34/.venv/lib/python3.14/site-packages/sklearn/utils/validation.py:2827: UserWarning: X does not have valid feature names, but StandardScaler was fitted with feature names
  warnings.warn(
/home/hetz/pytorch_projects/bonus_group34/.venv/lib/python3.14/site-packages/sklearn/utils/validation.py:2827: UserWarning: X does not have valid feature names, but StandardScaler was fitted with feature names
  warnings.warn(
/home/hetz/pytorch_projects/bonus_group34/.venv/lib/python3.14/site-packages/sklearn/utils/validation.py:2827: UserWarning: X does not have valid feature names, but StandardScaler was fitted with feature names
  warnings.warn(
/home/hetz/pytorch_projects/bonus_group34/.venv/lib/python3.14/site-packages/sklearn/utils/validation.py:2827: UserWarning: X does not have valid feature names, but StandardScaler was fitted with feature names
  warnings.warn(
/home/hetz/pytorch_projects/bonus_group34/.venv/lib/python3.14/site-packages/sklearn/utils/validation.py:2827: UserWarning: X does not have valid feature names, but StandardScaler was fitted with feature names
  warnings.warn(
/home/hetz/pytorch_projects/bonus_group34/.venv/lib/python3.14/site-packages/sklearn/utils/validation.py:2827: UserWarning: X does not have valid feature names, but StandardScaler was fitted with feature names
  warnings.warn(
/home/hetz/pytorch_projects/bonus_group34/.venv/lib/python3.14/site-packages/sklearn/utils/validation.py:2827: UserWarning: X does not have valid feature names, but StandardScaler was fitted with feature names
  warnings.warn(
/home/hetz/pytorch_projects/bonus_group34/.venv/lib/python3.14/site-packages/sklearn/utils/validation.py:2827: UserWarning: X does not have valid feature names, but StandardScaler was fitted with feature names
  warnings.warn(
/home/hetz/pytorch_projects/bonus_group34/.venv/lib/python3.14/site-packages/sklearn/utils/validation.py:2827: UserWarning: X does not have valid feature names, but StandardScaler was fitted with feature names
  warnings.warn(
/home/hetz/pytorch_projects/bonus_group34/.venv/lib/python3.14/site-packages/sklearn/utils/validation.py:2827: UserWarning: X does not have valid feature names, but StandardScaler was fitted with feature names
  warnings.warn(
/home/hetz/pytorch_projects/bonus_group34/.venv/lib/python3.14/site-packages/sklearn/utils/validation.py:2827: UserWarning: X does not have valid feature names, but StandardScaler was fitted with feature names
  warnings.warn(
/home/hetz/pytorch_projects/bonus_group34/.venv/lib/python3.14/site-packages/sklearn/utils/validation.py:2827: UserWarning: X does not have valid feature names, but StandardScaler was fitted with feature names
  warnings.warn(
/home/hetz/pytorch_projects/bonus_group34/.venv/lib/python3.14/site-packages/sklearn/utils/validation.py:2827: UserWarning: X does not have valid feature names, but StandardScaler was fitted with feature names
  warnings.warn(
/home/hetz/pytorch_projects/bonus_group34/.venv/lib/python3.14/site-packages/sklearn/utils/validation.py:2827: UserWarning: X does not have valid feature names, but StandardScaler was fitted with feature names
  warnings.warn(
/home/hetz/pytorch_projects/bonus_group34/.venv/lib/python3.14/site-packages/sklearn/utils/validation.py:2827: UserWarning: X does not have valid feature names, but StandardScaler was fitted with feature names
  warnings.warn(
/home/hetz/pytorch_projects/bonus_group34/.venv/lib/python3.14/site-packages/sklearn/utils/validation.py:2827: UserWarning: X does not have valid feature names, but StandardScaler was fitted with feature names
  warnings.warn(
/home/hetz/pytorch_projects/bonus_group34/.venv/lib/python3.14/site-packages/sklearn/utils/validation.py:2827: UserWarning: X does not have valid feature names, but StandardScaler was fitted with feature names
  warnings.warn(
/home/hetz/pytorch_projects/bonus_group34/.venv/lib/python3.14/site-packages/sklearn/utils/validation.py:2827: UserWarning: X does not have valid feature names, but StandardScaler was fitted with feature names
  warnings.warn(
/home/hetz/pytorch_projects/bonus_group34/.venv/lib/python3.14/site-packages/sklearn/utils/validation.py:2827: UserWarning: X does not have valid feature names, but StandardScaler was fitted with feature names
  warnings.warn(
/home/hetz/pytorch_projects/bonus_group34/.venv/lib/python3.14/site-packages/sklearn/utils/validation.py:2827: UserWarning: X does not have valid feature names, but StandardScaler was fitted with feature names
  warnings.warn(
/home/hetz/pytorch_projects/bonus_group34/.venv/lib/python3.14/site-packages/sklearn/utils/validation.py:2827: UserWarning: X does not have valid feature names, but StandardScaler was fitted with feature names
  warnings.warn(
/home/hetz/pytorch_projects/bonus_group34/.venv/lib/python3.14/site-packages/sklearn/utils/validation.py:2827: UserWarning: X does not have valid feature names, but StandardScaler was fitted with feature names
  warnings.warn(
/home/hetz/pytorch_projects/bonus_group34/.venv/lib/python3.14/site-packages/sklearn/utils/validation.py:2827: UserWarning: X does not have valid feature names, but StandardScaler was fitted with feature names
  warnings.warn(
/home/hetz/pytorch_projects/bonus_group34/.venv/lib/python3.14/site-packages/sklearn/utils/validation.py:2827: UserWarning: X does not have valid feature names, but StandardScaler was fitted with feature names
  warnings.warn(
/home/hetz/pytorch_projects/bonus_group34/.venv/lib/python3.14/site-packages/sklearn/utils/validation.py:2827: UserWarning: X does not have valid feature names, but StandardScaler was fitted with feature names
  warnings.warn(
/home/hetz/pytorch_projects/bonus_group34/.venv/lib/python3.14/site-packages/sklearn/utils/validation.py:2827: UserWarning: X does not have valid feature names, but StandardScaler was fitted with feature names
  warnings.warn(
/home/hetz/pytorch_projects/bonus_group34/.venv/lib/python3.14/site-packages/sklearn/utils/validation.py:2827: UserWarning: X does not have valid feature names, but StandardScaler was fitted with feature names
  warnings.warn(
/home/hetz/pytorch_projects/bonus_group34/.venv/lib/python3.14/site-packages/sklearn/utils/validation.py:2827: UserWarning: X does not have valid feature names, but StandardScaler was fitted with feature names
  warnings.warn(
/home/hetz/pytorch_projects/bonus_group34/.venv/lib/python3.14/site-packages/sklearn/utils/validation.py:2827: UserWarning: X does not have valid feature names, but StandardScaler was fitted with feature names
  warnings.warn(
/home/hetz/pytorch_projects/bonus_group34/.venv/lib/python3.14/site-packages/sklearn/utils/validation.py:2827: UserWarning: X does not have valid feature names, but StandardScaler was fitted with feature names
  warnings.warn(
/home/hetz/pytorch_projects/bonus_group34/.venv/lib/python3.14/site-packages/sklearn/utils/validation.py:2827: UserWarning: X does not have valid feature names, but StandardScaler was fitted with feature names
  warnings.warn(
/home/hetz/pytorch_projects/bonus_group34/.venv/lib/python3.14/site-packages/sklearn/utils/validation.py:2827: UserWarning: X does not have valid feature names, but StandardScaler was fitted with feature names
  warnings.warn(
/home/hetz/pytorch_projects/bonus_group34/.venv/lib/python3.14/site-packages/sklearn/utils/validation.py:2827: UserWarning: X does not have valid feature names, but StandardScaler was fitted with feature names
  warnings.warn(
/home/hetz/pytorch_projects/bonus_group34/.venv/lib/python3.14/site-packages/sklearn/utils/validation.py:2827: UserWarning: X does not have valid feature names, but StandardScaler was fitted with feature names
  warnings.warn(
/home/hetz/pytorch_projects/bonus_group34/.venv/lib/python3.14/site-packages/sklearn/utils/validation.py:2827: UserWarning: X does not have valid feature names, but StandardScaler was fitted with feature names
  warnings.warn(
/home/hetz/pytorch_projects/bonus_group34/.venv/lib/python3.14/site-packages/sklearn/utils/validation.py:2827: UserWarning: X does not have valid feature names, but StandardScaler was fitted with feature names
  warnings.warn(
/home/hetz/pytorch_projects/bonus_group34/.venv/lib/python3.14/site-packages/sklearn/utils/validation.py:2827: UserWarning: X does not have valid feature names, but StandardScaler was fitted with feature names
  warnings.warn(
/home/hetz/pytorch_projects/bonus_group34/.venv/lib/python3.14/site-packages/sklearn/utils/validation.py:2827: UserWarning: X does not have valid feature names, but StandardScaler was fitted with feature names
  warnings.warn(
/home/hetz/pytorch_projects/bonus_group34/.venv/lib/python3.14/site-packages/sklearn/utils/validation.py:2827: UserWarning: X does not have valid feature names, but StandardScaler was fitted with feature names
  warnings.warn(
/home/hetz/pytorch_projects/bonus_group34/.venv/lib/python3.14/site-packages/sklearn/utils/validation.py:2827: UserWarning: X does not have valid feature names, but StandardScaler was fitted with feature names
  warnings.warn(
/home/hetz/pytorch_projects/bonus_group34/.venv/lib/python3.14/site-packages/sklearn/utils/validation.py:2827: UserWarning: X does not have valid feature names, but StandardScaler was fitted with feature names
  warnings.warn(
/home/hetz/pytorch_projects/bonus_group34/.venv/lib/python3.14/site-packages/sklearn/utils/validation.py:2827: UserWarning: X does not have valid feature names, but StandardScaler was fitted with feature names
  warnings.warn(
/home/hetz/pytorch_projects/bonus_group34/.venv/lib/python3.14/site-packages/sklearn/utils/validation.py:2827: UserWarning: X does not have valid feature names, but StandardScaler was fitted with feature names
  warnings.warn(
/home/hetz/pytorch_projects/bonus_group34/.venv/lib/python3.14/site-packages/sklearn/utils/validation.py:2827: UserWarning: X does not have valid feature names, but StandardScaler was fitted with feature names
  warnings.warn(
/home/hetz/pytorch_projects/bonus_group34/.venv/lib/python3.14/site-packages/sklearn/utils/validation.py:2827: UserWarning: X does not have valid feature names, but StandardScaler was fitted with feature names
  warnings.warn(
/home/hetz/pytorch_projects/bonus_group34/.venv/lib/python3.14/site-packages/sklearn/utils/validation.py:2827: UserWarning: X does not have valid feature names, but StandardScaler was fitted with feature names
  warnings.warn(
/home/hetz/pytorch_projects/bonus_group34/.venv/lib/python3.14/site-packages/sklearn/utils/validation.py:2827: UserWarning: X does not have valid feature names, but StandardScaler was fitted with feature names
  warnings.warn(
/home/hetz/pytorch_projects/bonus_group34/.venv/lib/python3.14/site-packages/sklearn/utils/validation.py:2827: UserWarning: X does not have valid feature names, but StandardScaler was fitted with feature names
  warnings.warn(
/home/hetz/pytorch_projects/bonus_group34/.venv/lib/python3.14/site-packages/sklearn/utils/validation.py:2827: UserWarning: X does not have valid feature names, but StandardScaler was fitted with feature names
  warnings.warn(
/home/hetz/pytorch_projects/bonus_group34/.venv/lib/python3.14/site-packages/sklearn/utils/validation.py:2827: UserWarning: X does not have valid feature names, but StandardScaler was fitted with feature names
  warnings.warn(
/home/hetz/pytorch_projects/bonus_group34/.venv/lib/python3.14/site-packages/sklearn/utils/validation.py:2827: UserWarning: X does not have valid feature names, but StandardScaler was fitted with feature names
  warnings.warn(
/home/hetz/pytorch_projects/bonus_group34/.venv/lib/python3.14/site-packages/sklearn/utils/validation.py:2827: UserWarning: X does not have valid feature names, but StandardScaler was fitted with feature names
  warnings.warn(
/home/hetz/pytorch_projects/bonus_group34/.venv/lib/python3.14/site-packages/sklearn/utils/validation.py:2827: UserWarning: X does not have valid feature names, but StandardScaler was fitted with feature names
  warnings.warn(
/home/hetz/pytorch_projects/bonus_group34/.venv/lib/python3.14/site-packages/sklearn/utils/validation.py:2827: UserWarning: X does not have valid feature names, but StandardScaler was fitted with feature names
  warnings.warn(
/home/hetz/pytorch_projects/bonus_group34/.venv/lib/python3.14/site-packages/sklearn/utils/validation.py:2827: UserWarning: X does not have valid feature names, but StandardScaler was fitted with feature names
  warnings.warn(
/home/hetz/pytorch_projects/bonus_group34/.venv/lib/python3.14/site-packages/sklearn/utils/validation.py:2827: UserWarning: X does not have valid feature names, but StandardScaler was fitted with feature names
  warnings.warn(
/home/hetz/pytorch_projects/bonus_group34/.venv/lib/python3.14/site-packages/sklearn/utils/validation.py:2827: UserWarning: X does not have valid feature names, but StandardScaler was fitted with feature names
  warnings.warn(
/home/hetz/pytorch_projects/bonus_group34/.venv/lib/python3.14/site-packages/sklearn/utils/validation.py:2827: UserWarning: X does not have valid feature names, but StandardScaler was fitted with feature names
  warnings.warn(
/home/hetz/pytorch_projects/bonus_group34/.venv/lib/python3.14/site-packages/sklearn/utils/validation.py:2827: UserWarning: X does not have valid feature names, but StandardScaler was fitted with feature names
  warnings.warn(
/home/hetz/pytorch_projects/bonus_group34/.venv/lib/python3.14/site-packages/sklearn/utils/validation.py:2827: UserWarning: X does not have valid feature names, but StandardScaler was fitted with feature names
  warnings.warn(
/home/hetz/pytorch_projects/bonus_group34/.venv/lib/python3.14/site-packages/sklearn/utils/validation.py:2827: UserWarning: X does not have valid feature names, but StandardScaler was fitted with feature names
  warnings.warn(
/home/hetz/pytorch_projects/bonus_group34/.venv/lib/python3.14/site-packages/sklearn/utils/validation.py:2827: UserWarning: X does not have valid feature names, but StandardScaler was fitted with feature names
  warnings.warn(
/home/hetz/pytorch_projects/bonus_group34/.venv/lib/python3.14/site-packages/sklearn/utils/validation.py:2827: UserWarning: X does not have valid feature names, but StandardScaler was fitted with feature names
  warnings.warn(
/home/hetz/pytorch_projects/bonus_group34/.venv/lib/python3.14/site-packages/sklearn/utils/validation.py:2827: UserWarning: X does not have valid feature names, but StandardScaler was fitted with feature names
  warnings.warn(
/home/hetz/pytorch_projects/bonus_group34/.venv/lib/python3.14/site-packages/sklearn/utils/validation.py:2827: UserWarning: X does not have valid feature names, but StandardScaler was fitted with feature names
  warnings.warn(
/home/hetz/pytorch_projects/bonus_group34/.venv/lib/python3.14/site-packages/sklearn/utils/validation.py:2827: UserWarning: X does not have valid feature names, but StandardScaler was fitted with feature names
  warnings.warn(
/home/hetz/pytorch_projects/bonus_group34/.venv/lib/python3.14/site-packages/sklearn/utils/validation.py:2827: UserWarning: X does not have valid feature names, but StandardScaler was fitted with feature names
  warnings.warn(
/home/hetz/pytorch_projects/bonus_group34/.venv/lib/python3.14/site-packages/sklearn/utils/validation.py:2827: UserWarning: X does not have valid feature names, but StandardScaler was fitted with feature names
  warnings.warn(
/home/hetz/pytorch_projects/bonus_group34/.venv/lib/python3.14/site-packages/sklearn/utils/validation.py:2827: UserWarning: X does not have valid feature names, but StandardScaler was fitted with feature names
  warnings.warn(
/home/hetz/pytorch_projects/bonus_group34/.venv/lib/python3.14/site-packages/sklearn/utils/validation.py:2827: UserWarning: X does not have valid feature names, but StandardScaler was fitted with feature names
  warnings.warn(
/home/hetz/pytorch_projects/bonus_group34/.venv/lib/python3.14/site-packages/sklearn/utils/validation.py:2827: UserWarning: X does not have valid feature names, but StandardScaler was fitted with feature names
  warnings.warn(
/home/hetz/pytorch_projects/bonus_group34/.venv/lib/python3.14/site-packages/sklearn/utils/validation.py:2827: UserWarning: X does not have valid feature names, but StandardScaler was fitted with feature names
  warnings.warn(
/home/hetz/pytorch_projects/bonus_group34/.venv/lib/python3.14/site-packages/sklearn/utils/validation.py:2827: UserWarning: X does not have valid feature names, but StandardScaler was fitted with feature names
  warnings.warn(
/home/hetz/pytorch_projects/bonus_group34/.venv/lib/python3.14/site-packages/sklearn/utils/validation.py:2827: UserWarning: X does not have valid feature names, but StandardScaler was fitted with feature names
  warnings.warn(
/home/hetz/pytorch_projects/bonus_group34/.venv/lib/python3.14/site-packages/sklearn/utils/validation.py:2827: UserWarning: X does not have valid feature names, but StandardScaler was fitted with feature names
  warnings.warn(
/home/hetz/pytorch_projects/bonus_group34/.venv/lib/python3.14/site-packages/sklearn/utils/validation.py:2827: UserWarning: X does not have valid feature names, but StandardScaler was fitted with feature names
  warnings.warn(
/home/hetz/pytorch_projects/bonus_group34/.venv/lib/python3.14/site-packages/sklearn/utils/validation.py:2827: UserWarning: X does not have valid feature names, but StandardScaler was fitted with feature names
  warnings.warn(
/home/hetz/pytorch_projects/bonus_group34/.venv/lib/python3.14/site-packages/sklearn/utils/validation.py:2827: UserWarning: X does not have valid feature names, but StandardScaler was fitted with feature names
  warnings.warn(
/home/hetz/pytorch_projects/bonus_group34/.venv/lib/python3.14/site-packages/sklearn/utils/validation.py:2827: UserWarning: X does not have valid feature names, but StandardScaler was fitted with feature names
  warnings.warn(
/home/hetz/pytorch_projects/bonus_group34/.venv/lib/python3.14/site-packages/sklearn/utils/validation.py:2827: UserWarning: X does not have valid feature names, but StandardScaler was fitted with feature names
  warnings.warn(
/home/hetz/pytorch_projects/bonus_group34/.venv/lib/python3.14/site-packages/sklearn/utils/validation.py:2827: UserWarning: X does not have valid feature names, but StandardScaler was fitted with feature names
  warnings.warn(
/home/hetz/pytorch_projects/bonus_group34/.venv/lib/python3.14/site-packages/sklearn/utils/validation.py:2827: UserWarning: X does not have valid feature names, but StandardScaler was fitted with feature names
  warnings.warn(
/home/hetz/pytorch_projects/bonus_group34/.venv/lib/python3.14/site-packages/sklearn/utils/validation.py:2827: UserWarning: X does not have valid feature names, but StandardScaler was fitted with feature names
  warnings.warn(
/home/hetz/pytorch_projects/bonus_group34/.venv/lib/python3.14/site-packages/sklearn/utils/validation.py:2827: UserWarning: X does not have valid feature names, but StandardScaler was fitted with feature names
  warnings.warn(
/home/hetz/pytorch_projects/bonus_group34/.venv/lib/python3.14/site-packages/sklearn/utils/validation.py:2827: UserWarning: X does not have valid feature names, but StandardScaler was fitted with feature names
  warnings.warn(
/home/hetz/pytorch_projects/bonus_group34/.venv/lib/python3.14/site-packages/sklearn/utils/validation.py:2827: UserWarning: X does not have valid feature names, but StandardScaler was fitted with feature names
  warnings.warn(
val 30048
mse:14.883563995361328, mae:2.7024447917938232, wape:0.252481609582901
>>>>>>>predicting : DLAM_96_24_cycle168_seed2024_GTRiTransformer_iTransformer_DLAM_ftMS_sl96_pl24_cycle168_dm512_el3_seed2024_0<<<<<<<<<<<<<<<<<<<<<<<<<<<<<<<<<
Loading AIML-TUDA/dlam-ts-project-data-2026 from HuggingFace...
/home/hetz/pytorch_projects/bonus_group34/.venv/lib/python3.14/site-packages/sklearn/utils/validation.py:2827: UserWarning: X does not have valid feature names, but StandardScaler was fitted with feature names
  warnings.warn(
/home/hetz/pytorch_projects/bonus_group34/.venv/lib/python3.14/site-packages/sklearn/utils/validation.py:2827: UserWarning: X does not have valid feature names, but StandardScaler was fitted with feature names
  warnings.warn(
/home/hetz/pytorch_projects/bonus_group34/.venv/lib/python3.14/site-packages/sklearn/utils/validation.py:2827: UserWarning: X does not have valid feature names, but StandardScaler was fitted with feature names
  warnings.warn(
/home/hetz/pytorch_projects/bonus_group34/.venv/lib/python3.14/site-packages/sklearn/utils/validation.py:2827: UserWarning: X does not have valid feature names, but StandardScaler was fitted with feature names
  warnings.warn(
/home/hetz/pytorch_projects/bonus_group34/.venv/lib/python3.14/site-packages/sklearn/utils/validation.py:2827: UserWarning: X does not have valid feature names, but StandardScaler was fitted with feature names
  warnings.warn(
/home/hetz/pytorch_projects/bonus_group34/.venv/lib/python3.14/site-packages/sklearn/utils/validation.py:2827: UserWarning: X does not have valid feature names, but StandardScaler was fitted with feature names
  warnings.warn(
/home/hetz/pytorch_projects/bonus_group34/.venv/lib/python3.14/site-packages/sklearn/utils/validation.py:2827: UserWarning: X does not have valid feature names, but StandardScaler was fitted with feature names
  warnings.warn(
/home/hetz/pytorch_projects/bonus_group34/.venv/lib/python3.14/site-packages/sklearn/utils/validation.py:2827: UserWarning: X does not have valid feature names, but StandardScaler was fitted with feature names
  warnings.warn(
/home/hetz/pytorch_projects/bonus_group34/.venv/lib/python3.14/site-packages/sklearn/utils/validation.py:2827: UserWarning: X does not have valid feature names, but StandardScaler was fitted with feature names
  warnings.warn(
/home/hetz/pytorch_projects/bonus_group34/.venv/lib/python3.14/site-packages/sklearn/utils/validation.py:2827: UserWarning: X does not have valid feature names, but StandardScaler was fitted with feature names
  warnings.warn(
/home/hetz/pytorch_projects/bonus_group34/.venv/lib/python3.14/site-packages/sklearn/utils/validation.py:2827: UserWarning: X does not have valid feature names, but StandardScaler was fitted with feature names
  warnings.warn(
/home/hetz/pytorch_projects/bonus_group34/.venv/lib/python3.14/site-packages/sklearn/utils/validation.py:2827: UserWarning: X does not have valid feature names, but StandardScaler was fitted with feature names
  warnings.warn(
/home/hetz/pytorch_projects/bonus_group34/.venv/lib/python3.14/site-packages/sklearn/utils/validation.py:2827: UserWarning: X does not have valid feature names, but StandardScaler was fitted with feature names
  warnings.warn(
/home/hetz/pytorch_projects/bonus_group34/.venv/lib/python3.14/site-packages/sklearn/utils/validation.py:2827: UserWarning: X does not have valid feature names, but StandardScaler was fitted with feature names
  warnings.warn(
/home/hetz/pytorch_projects/bonus_group34/.venv/lib/python3.14/site-packages/sklearn/utils/validation.py:2827: UserWarning: X does not have valid feature names, but StandardScaler was fitted with feature names
  warnings.warn(
/home/hetz/pytorch_projects/bonus_group34/.venv/lib/python3.14/site-packages/sklearn/utils/validation.py:2827: UserWarning: X does not have valid feature names, but StandardScaler was fitted with feature names
  warnings.warn(
/home/hetz/pytorch_projects/bonus_group34/.venv/lib/python3.14/site-packages/sklearn/utils/validation.py:2827: UserWarning: X does not have valid feature names, but StandardScaler was fitted with feature names
  warnings.warn(
/home/hetz/pytorch_projects/bonus_group34/.venv/lib/python3.14/site-packages/sklearn/utils/validation.py:2827: UserWarning: X does not have valid feature names, but StandardScaler was fitted with feature names
  warnings.warn(
/home/hetz/pytorch_projects/bonus_group34/.venv/lib/python3.14/site-packages/sklearn/utils/validation.py:2827: UserWarning: X does not have valid feature names, but StandardScaler was fitted with feature names
  warnings.warn(
/home/hetz/pytorch_projects/bonus_group34/.venv/lib/python3.14/site-packages/sklearn/utils/validation.py:2827: UserWarning: X does not have valid feature names, but StandardScaler was fitted with feature names
  warnings.warn(
/home/hetz/pytorch_projects/bonus_group34/.venv/lib/python3.14/site-packages/sklearn/utils/validation.py:2827: UserWarning: X does not have valid feature names, but StandardScaler was fitted with feature names
  warnings.warn(
/home/hetz/pytorch_projects/bonus_group34/.venv/lib/python3.14/site-packages/sklearn/utils/validation.py:2827: UserWarning: X does not have valid feature names, but StandardScaler was fitted with feature names
  warnings.warn(
/home/hetz/pytorch_projects/bonus_group34/.venv/lib/python3.14/site-packages/sklearn/utils/validation.py:2827: UserWarning: X does not have valid feature names, but StandardScaler was fitted with feature names
  warnings.warn(
/home/hetz/pytorch_projects/bonus_group34/.venv/lib/python3.14/site-packages/sklearn/utils/validation.py:2827: UserWarning: X does not have valid feature names, but StandardScaler was fitted with feature names
  warnings.warn(
/home/hetz/pytorch_projects/bonus_group34/.venv/lib/python3.14/site-packages/sklearn/utils/validation.py:2827: UserWarning: X does not have valid feature names, but StandardScaler was fitted with feature names
  warnings.warn(
/home/hetz/pytorch_projects/bonus_group34/.venv/lib/python3.14/site-packages/sklearn/utils/validation.py:2827: UserWarning: X does not have valid feature names, but StandardScaler was fitted with feature names
  warnings.warn(
/home/hetz/pytorch_projects/bonus_group34/.venv/lib/python3.14/site-packages/sklearn/utils/validation.py:2827: UserWarning: X does not have valid feature names, but StandardScaler was fitted with feature names
  warnings.warn(
/home/hetz/pytorch_projects/bonus_group34/.venv/lib/python3.14/site-packages/sklearn/utils/validation.py:2827: UserWarning: X does not have valid feature names, but StandardScaler was fitted with feature names
  warnings.warn(
/home/hetz/pytorch_projects/bonus_group34/.venv/lib/python3.14/site-packages/sklearn/utils/validation.py:2827: UserWarning: X does not have valid feature names, but StandardScaler was fitted with feature names
  warnings.warn(
/home/hetz/pytorch_projects/bonus_group34/.venv/lib/python3.14/site-packages/sklearn/utils/validation.py:2827: UserWarning: X does not have valid feature names, but StandardScaler was fitted with feature names
  warnings.warn(
/home/hetz/pytorch_projects/bonus_group34/.venv/lib/python3.14/site-packages/sklearn/utils/validation.py:2827: UserWarning: X does not have valid feature names, but StandardScaler was fitted with feature names
  warnings.warn(
/home/hetz/pytorch_projects/bonus_group34/.venv/lib/python3.14/site-packages/sklearn/utils/validation.py:2827: UserWarning: X does not have valid feature names, but StandardScaler was fitted with feature names
  warnings.warn(
/home/hetz/pytorch_projects/bonus_group34/.venv/lib/python3.14/site-packages/sklearn/utils/validation.py:2827: UserWarning: X does not have valid feature names, but StandardScaler was fitted with feature names
  warnings.warn(
/home/hetz/pytorch_projects/bonus_group34/.venv/lib/python3.14/site-packages/sklearn/utils/validation.py:2827: UserWarning: X does not have valid feature names, but StandardScaler was fitted with feature names
  warnings.warn(
/home/hetz/pytorch_projects/bonus_group34/.venv/lib/python3.14/site-packages/sklearn/utils/validation.py:2827: UserWarning: X does not have valid feature names, but StandardScaler was fitted with feature names
  warnings.warn(
/home/hetz/pytorch_projects/bonus_group34/.venv/lib/python3.14/site-packages/sklearn/utils/validation.py:2827: UserWarning: X does not have valid feature names, but StandardScaler was fitted with feature names
  warnings.warn(
/home/hetz/pytorch_projects/bonus_group34/.venv/lib/python3.14/site-packages/sklearn/utils/validation.py:2827: UserWarning: X does not have valid feature names, but StandardScaler was fitted with feature names
  warnings.warn(
/home/hetz/pytorch_projects/bonus_group34/.venv/lib/python3.14/site-packages/sklearn/utils/validation.py:2827: UserWarning: X does not have valid feature names, but StandardScaler was fitted with feature names
  warnings.warn(
/home/hetz/pytorch_projects/bonus_group34/.venv/lib/python3.14/site-packages/sklearn/utils/validation.py:2827: UserWarning: X does not have valid feature names, but StandardScaler was fitted with feature names
  warnings.warn(
/home/hetz/pytorch_projects/bonus_group34/.venv/lib/python3.14/site-packages/sklearn/utils/validation.py:2827: UserWarning: X does not have valid feature names, but StandardScaler was fitted with feature names
  warnings.warn(
/home/hetz/pytorch_projects/bonus_group34/.venv/lib/python3.14/site-packages/sklearn/utils/validation.py:2827: UserWarning: X does not have valid feature names, but StandardScaler was fitted with feature names
  warnings.warn(
/home/hetz/pytorch_projects/bonus_group34/.venv/lib/python3.14/site-packages/sklearn/utils/validation.py:2827: UserWarning: X does not have valid feature names, but StandardScaler was fitted with feature names
  warnings.warn(
/home/hetz/pytorch_projects/bonus_group34/.venv/lib/python3.14/site-packages/sklearn/utils/validation.py:2827: UserWarning: X does not have valid feature names, but StandardScaler was fitted with feature names
  warnings.warn(
/home/hetz/pytorch_projects/bonus_group34/.venv/lib/python3.14/site-packages/sklearn/utils/validation.py:2827: UserWarning: X does not have valid feature names, but StandardScaler was fitted with feature names
  warnings.warn(
/home/hetz/pytorch_projects/bonus_group34/.venv/lib/python3.14/site-packages/sklearn/utils/validation.py:2827: UserWarning: X does not have valid feature names, but StandardScaler was fitted with feature names
  warnings.warn(
/home/hetz/pytorch_projects/bonus_group34/.venv/lib/python3.14/site-packages/sklearn/utils/validation.py:2827: UserWarning: X does not have valid feature names, but StandardScaler was fitted with feature names
  warnings.warn(
/home/hetz/pytorch_projects/bonus_group34/.venv/lib/python3.14/site-packages/sklearn/utils/validation.py:2827: UserWarning: X does not have valid feature names, but StandardScaler was fitted with feature names
  warnings.warn(
/home/hetz/pytorch_projects/bonus_group34/.venv/lib/python3.14/site-packages/sklearn/utils/validation.py:2827: UserWarning: X does not have valid feature names, but StandardScaler was fitted with feature names
  warnings.warn(
/home/hetz/pytorch_projects/bonus_group34/.venv/lib/python3.14/site-packages/sklearn/utils/validation.py:2827: UserWarning: X does not have valid feature names, but StandardScaler was fitted with feature names
  warnings.warn(
/home/hetz/pytorch_projects/bonus_group34/.venv/lib/python3.14/site-packages/sklearn/utils/validation.py:2827: UserWarning: X does not have valid feature names, but StandardScaler was fitted with feature names
  warnings.warn(
/home/hetz/pytorch_projects/bonus_group34/.venv/lib/python3.14/site-packages/sklearn/utils/validation.py:2827: UserWarning: X does not have valid feature names, but StandardScaler was fitted with feature names
  warnings.warn(
/home/hetz/pytorch_projects/bonus_group34/.venv/lib/python3.14/site-packages/sklearn/utils/validation.py:2827: UserWarning: X does not have valid feature names, but StandardScaler was fitted with feature names
  warnings.warn(
/home/hetz/pytorch_projects/bonus_group34/.venv/lib/python3.14/site-packages/sklearn/utils/validation.py:2827: UserWarning: X does not have valid feature names, but StandardScaler was fitted with feature names
  warnings.warn(
/home/hetz/pytorch_projects/bonus_group34/.venv/lib/python3.14/site-packages/sklearn/utils/validation.py:2827: UserWarning: X does not have valid feature names, but StandardScaler was fitted with feature names
  warnings.warn(
/home/hetz/pytorch_projects/bonus_group34/.venv/lib/python3.14/site-packages/sklearn/utils/validation.py:2827: UserWarning: X does not have valid feature names, but StandardScaler was fitted with feature names
  warnings.warn(
/home/hetz/pytorch_projects/bonus_group34/.venv/lib/python3.14/site-packages/sklearn/utils/validation.py:2827: UserWarning: X does not have valid feature names, but StandardScaler was fitted with feature names
  warnings.warn(
/home/hetz/pytorch_projects/bonus_group34/.venv/lib/python3.14/site-packages/sklearn/utils/validation.py:2827: UserWarning: X does not have valid feature names, but StandardScaler was fitted with feature names
  warnings.warn(
/home/hetz/pytorch_projects/bonus_group34/.venv/lib/python3.14/site-packages/sklearn/utils/validation.py:2827: UserWarning: X does not have valid feature names, but StandardScaler was fitted with feature names
  warnings.warn(
/home/hetz/pytorch_projects/bonus_group34/.venv/lib/python3.14/site-packages/sklearn/utils/validation.py:2827: UserWarning: X does not have valid feature names, but StandardScaler was fitted with feature names
  warnings.warn(
/home/hetz/pytorch_projects/bonus_group34/.venv/lib/python3.14/site-packages/sklearn/utils/validation.py:2827: UserWarning: X does not have valid feature names, but StandardScaler was fitted with feature names
  warnings.warn(
/home/hetz/pytorch_projects/bonus_group34/.venv/lib/python3.14/site-packages/sklearn/utils/validation.py:2827: UserWarning: X does not have valid feature names, but StandardScaler was fitted with feature names
  warnings.warn(
/home/hetz/pytorch_projects/bonus_group34/.venv/lib/python3.14/site-packages/sklearn/utils/validation.py:2827: UserWarning: X does not have valid feature names, but StandardScaler was fitted with feature names
  warnings.warn(
/home/hetz/pytorch_projects/bonus_group34/.venv/lib/python3.14/site-packages/sklearn/utils/validation.py:2827: UserWarning: X does not have valid feature names, but StandardScaler was fitted with feature names
  warnings.warn(
/home/hetz/pytorch_projects/bonus_group34/.venv/lib/python3.14/site-packages/sklearn/utils/validation.py:2827: UserWarning: X does not have valid feature names, but StandardScaler was fitted with feature names
  warnings.warn(
/home/hetz/pytorch_projects/bonus_group34/.venv/lib/python3.14/site-packages/sklearn/utils/validation.py:2827: UserWarning: X does not have valid feature names, but StandardScaler was fitted with feature names
  warnings.warn(
/home/hetz/pytorch_projects/bonus_group34/.venv/lib/python3.14/site-packages/sklearn/utils/validation.py:2827: UserWarning: X does not have valid feature names, but StandardScaler was fitted with feature names
  warnings.warn(
/home/hetz/pytorch_projects/bonus_group34/.venv/lib/python3.14/site-packages/sklearn/utils/validation.py:2827: UserWarning: X does not have valid feature names, but StandardScaler was fitted with feature names
  warnings.warn(
/home/hetz/pytorch_projects/bonus_group34/.venv/lib/python3.14/site-packages/sklearn/utils/validation.py:2827: UserWarning: X does not have valid feature names, but StandardScaler was fitted with feature names
  warnings.warn(
/home/hetz/pytorch_projects/bonus_group34/.venv/lib/python3.14/site-packages/sklearn/utils/validation.py:2827: UserWarning: X does not have valid feature names, but StandardScaler was fitted with feature names
  warnings.warn(
/home/hetz/pytorch_projects/bonus_group34/.venv/lib/python3.14/site-packages/sklearn/utils/validation.py:2827: UserWarning: X does not have valid feature names, but StandardScaler was fitted with feature names
  warnings.warn(
/home/hetz/pytorch_projects/bonus_group34/.venv/lib/python3.14/site-packages/sklearn/utils/validation.py:2827: UserWarning: X does not have valid feature names, but StandardScaler was fitted with feature names
  warnings.warn(
/home/hetz/pytorch_projects/bonus_group34/.venv/lib/python3.14/site-packages/sklearn/utils/validation.py:2827: UserWarning: X does not have valid feature names, but StandardScaler was fitted with feature names
  warnings.warn(
/home/hetz/pytorch_projects/bonus_group34/.venv/lib/python3.14/site-packages/sklearn/utils/validation.py:2827: UserWarning: X does not have valid feature names, but StandardScaler was fitted with feature names
  warnings.warn(
/home/hetz/pytorch_projects/bonus_group34/.venv/lib/python3.14/site-packages/sklearn/utils/validation.py:2827: UserWarning: X does not have valid feature names, but StandardScaler was fitted with feature names
  warnings.warn(
/home/hetz/pytorch_projects/bonus_group34/.venv/lib/python3.14/site-packages/sklearn/utils/validation.py:2827: UserWarning: X does not have valid feature names, but StandardScaler was fitted with feature names
  warnings.warn(
/home/hetz/pytorch_projects/bonus_group34/.venv/lib/python3.14/site-packages/sklearn/utils/validation.py:2827: UserWarning: X does not have valid feature names, but StandardScaler was fitted with feature names
  warnings.warn(
/home/hetz/pytorch_projects/bonus_group34/.venv/lib/python3.14/site-packages/sklearn/utils/validation.py:2827: UserWarning: X does not have valid feature names, but StandardScaler was fitted with feature names
  warnings.warn(
/home/hetz/pytorch_projects/bonus_group34/.venv/lib/python3.14/site-packages/sklearn/utils/validation.py:2827: UserWarning: X does not have valid feature names, but StandardScaler was fitted with feature names
  warnings.warn(
/home/hetz/pytorch_projects/bonus_group34/.venv/lib/python3.14/site-packages/sklearn/utils/validation.py:2827: UserWarning: X does not have valid feature names, but StandardScaler was fitted with feature names
  warnings.warn(
/home/hetz/pytorch_projects/bonus_group34/.venv/lib/python3.14/site-packages/sklearn/utils/validation.py:2827: UserWarning: X does not have valid feature names, but StandardScaler was fitted with feature names
  warnings.warn(
/home/hetz/pytorch_projects/bonus_group34/.venv/lib/python3.14/site-packages/sklearn/utils/validation.py:2827: UserWarning: X does not have valid feature names, but StandardScaler was fitted with feature names
  warnings.warn(
/home/hetz/pytorch_projects/bonus_group34/.venv/lib/python3.14/site-packages/sklearn/utils/validation.py:2827: UserWarning: X does not have valid feature names, but StandardScaler was fitted with feature names
  warnings.warn(
/home/hetz/pytorch_projects/bonus_group34/.venv/lib/python3.14/site-packages/sklearn/utils/validation.py:2827: UserWarning: X does not have valid feature names, but StandardScaler was fitted with feature names
  warnings.warn(
/home/hetz/pytorch_projects/bonus_group34/.venv/lib/python3.14/site-packages/sklearn/utils/validation.py:2827: UserWarning: X does not have valid feature names, but StandardScaler was fitted with feature names
  warnings.warn(
/home/hetz/pytorch_projects/bonus_group34/.venv/lib/python3.14/site-packages/sklearn/utils/validation.py:2827: UserWarning: X does not have valid feature names, but StandardScaler was fitted with feature names
  warnings.warn(
/home/hetz/pytorch_projects/bonus_group34/.venv/lib/python3.14/site-packages/sklearn/utils/validation.py:2827: UserWarning: X does not have valid feature names, but StandardScaler was fitted with feature names
  warnings.warn(
/home/hetz/pytorch_projects/bonus_group34/.venv/lib/python3.14/site-packages/sklearn/utils/validation.py:2827: UserWarning: X does not have valid feature names, but StandardScaler was fitted with feature names
  warnings.warn(
/home/hetz/pytorch_projects/bonus_group34/.venv/lib/python3.14/site-packages/sklearn/utils/validation.py:2827: UserWarning: X does not have valid feature names, but StandardScaler was fitted with feature names
  warnings.warn(
/home/hetz/pytorch_projects/bonus_group34/.venv/lib/python3.14/site-packages/sklearn/utils/validation.py:2827: UserWarning: X does not have valid feature names, but StandardScaler was fitted with feature names
  warnings.warn(
/home/hetz/pytorch_projects/bonus_group34/.venv/lib/python3.14/site-packages/sklearn/utils/validation.py:2827: UserWarning: X does not have valid feature names, but StandardScaler was fitted with feature names
  warnings.warn(
/home/hetz/pytorch_projects/bonus_group34/.venv/lib/python3.14/site-packages/sklearn/utils/validation.py:2827: UserWarning: X does not have valid feature names, but StandardScaler was fitted with feature names
  warnings.warn(
/home/hetz/pytorch_projects/bonus_group34/.venv/lib/python3.14/site-packages/sklearn/utils/validation.py:2827: UserWarning: X does not have valid feature names, but StandardScaler was fitted with feature names
  warnings.warn(
/home/hetz/pytorch_projects/bonus_group34/.venv/lib/python3.14/site-packages/sklearn/utils/validation.py:2827: UserWarning: X does not have valid feature names, but StandardScaler was fitted with feature names
  warnings.warn(
/home/hetz/pytorch_projects/bonus_group34/.venv/lib/python3.14/site-packages/sklearn/utils/validation.py:2827: UserWarning: X does not have valid feature names, but StandardScaler was fitted with feature names
  warnings.warn(
/home/hetz/pytorch_projects/bonus_group34/.venv/lib/python3.14/site-packages/sklearn/utils/validation.py:2827: UserWarning: X does not have valid feature names, but StandardScaler was fitted with feature names
  warnings.warn(
/home/hetz/pytorch_projects/bonus_group34/.venv/lib/python3.14/site-packages/sklearn/utils/validation.py:2827: UserWarning: X does not have valid feature names, but StandardScaler was fitted with feature names
  warnings.warn(
pred 96
saved predictions: (1344, 24) -> ./results/DLAM_96_24_cycle168_seed2024_GTRiTransformer_iTransformer_DLAM_ftMS_sl96_pl24_cycle168_dm512_el3_seed2024_0/real_prediction.npy
(32256,)
Expected submission rows: 32256
predictions: 32256
forecast index: 32256
  series_id            timestamp  prediction
0  unit_000  2023-06-30 00:00:00    6.153371
1  unit_000  2023-06-30 01:00:00    5.699634
2  unit_000  2023-06-30 02:00:00    6.671926
3  unit_000  2023-06-30 03:00:00    6.844779
4  unit_000  2023-06-30 04:00:00    7.017631
(32256, 3)
